:100000000A0000141F2003D500002080000000001B
:10001000A8D20200000000000000F09F00000000D5
:10002000D006F09F0000000062020014414238D563
:100030003F2000F16C000054E0000054AB0100547C
:1000400000113ED5000C40B200111ED55F111ED527
:100050000A00001401113CD5C10010B721007BB289
:1000600001111CD5E07F86D240111CD5030000147D
:100070000006A0D2401018D5FF4403D5404238D521
:100080001F2000F14C01005440000054AB0000540C
:10009000000438D5000C7492E00000B50400001490
:1000A000000438D5001C7892600000B52004005888
:1000B00000E01BD5DF3F03D504000094120000943C
:1000C000BF4100D55F050094FD031EAA000038D58E
:1000D00000FC44D3002C40921F0C34F1000100546A
:1000E000000038D500FC44D3002C40921F1C34F192
:1000F00080000054FE031DAAC0035FD6FEFFFF1759
:10010000FDFFFF17FD031EAAFE031DAAC0035FD655
:10011000C0035FD6C0035FD6490100B02981259195
:10012000200500A9220D01A9C1FFFF170000000052
:1001300000C2EB0B0000000000008052C0035FD63D
:10014000FD7BBDA90200805221010090FD030091BA
:1001500021683A91F30B00F9F30300AAE0830091C0
:100160006E390094E1830091E00313AAF433009404
:10017000F30B40F9FD7BC3A8C0035FD61F9C0F7132
:1001800089020054FD7BBEA9017D8052FD030091D0
:10019000F30B00F91308C11A20010090008C3A916A
:1001A000E103132A8739009450000094000042B9FB
:1001B000BF3F03D5BF3F03D54C000094130002B9E5
:1001C00000008052F30B40F9FD7BC2A8C0035FD64C
:1001D000A0028012C0035FD6FD7BBFA9FD03009182
:1001E00042000094010042B9BF3F03D5007D805218
:1001F000FD7BC1A8207C001BC0035FD6FD7BBDA991
:100200002201009001008012FD030091F35301A927
:1002100042103B91540A40F9E00314AABB2E00940B
:100220004000F83685330094F303002AE103002AE6
:10023000E00314AAD030009460FFFF34220100D004
:10024000E483009142443A91E103132AE00314AAA3
:10025000030080523732009460FEFF35400100B049
:10026000E11340F901C404F9F35341A9FD7BC3A88C
:10027000C0035FD6FD7BBEA9200100B000680291DB
:10028000FD030091C54A0094A000F8B6200100903B
:1002900000443B914B39009468330094E10300AA79
:1002A000E2630091200A805216490094E103002A7B
:1002B000A00000342001009000E83B9141390094F7
:1002C000F6FFFF17E00F40F966450094410100B0CA
:1002D00020C004F9FD7BC2A8C0035FD6400100B076
:1002E00000C444F9C0035FD6400100B000C044F927
:1002F000C0035FD6400100B000C844F9C0035FD618
:10030000FD7BBBA96101009021E00C91FD030091F0
:10031000E2830091F30B00F9F303002AE00380521B
:1003200096480094A0000034000080D2F30B40F9FE
:10033000FD7BC5A8C0035FD6E01340F9E1A300919F
:10034000F32300F9073E009400FFFF37E0A300917C
:10035000773E009401F87A923F9800B160FEFF5416
:100360001F1400B141FEFF54F0FFFF17FD7BBEA933
:10037000C0038052FD030091F30B00F9137D80D27E
:10038000E0FFFF970108D39A2001009000843C9180
:100390000C39009400048052DAFFFF970108D39AC9
:1003A0002001009000D43C910639009460008052F6
:1003B000D4FFFF970108D39A2001009000283D91B7
:1003C0000039009420048052CEFFFF970108D39A91
:1003D00020010090007C3D91FA3800944004805246
:1003E000C8FFFF970108D39A2001009000D03D91EB
:1003F000F438009400068052C2FFFF970108D39A98
:1004000020010090F30B40F900243E91FD7BC2A82F
:10041000EC3800145F1C0072FD7BB8A9E2079F1A3C
:10042000081C0012000C0853022C022AFD03009144
:10043000602814530000012AE87700B9089080D2A0
:100440004200002A6814A2F2094888D2A51C0012B2
:1004500011F111D11E5111D10E0102D1F35301A995
:1004600014029852138111D1F55B02A915E111D143
:1004700040000432F76303A9170698D26C0080523B
:100480000D7D80D2E901A0F21785A0F22A008052EA
:100490001485A072F96B04A9FB7305A9E06F00B97C
:1004A000E43F00F965030034C00340B9BF3F03D502
:1004B00000001812E07300B9BF3F03D5A10200B9D4
:1004C000BF3F03D5AAFA03B9027D8052000140B9AB
:1004D000BF3F03D5400F0035DF3F03D524E03BD5B8
:1004E00000E03BD5007C0D9B0008C99A0000048BFE
:1004F00000040091DF3F03D524E03BD59F0000EBD3
:10050000A3FFFF544204007121FEFF542000001499
:100510003FFC1F71281800546014A2D2040040B997
:10052000BF3F03D5841000120B7D80528004001160
:1005300002008052001000126F0240B9BF3F03D585
:100540001F000F6B6105005462000035BF3F03D5EB
:10055000CA0100B9DF3F03D52FE03BD502E03BD510
:10056000427C0D9B4208C99A42000F8B42040091C5
:10057000DF3F03D52FE03BD5FF0102EBA3FFFF5484
:100580006B0500712200805281FDFF54A00D801286
:100590001FFC077104184B7AE1010054DF3F03D5BB
:1005A00024E03BD502E03BD50BFA80D2427C0B9B8A
:1005B0004208C99A4200048B42040091DF3F03D5F0
:1005C00024E03BD59F0002EBA3FFFF548C05007194
:1005D000A1F6FF54F35341A9F55B42A9F76343A980
:1005E000F96B44A9FB7345A9FD7BC8A8C0035FD67E
:1005F000BF3F03D58400140BE26F40B9846C7ED3F7
:10060000820000B9BF3F03D57014A2D20B00805204
:10061000000200B97F000B6B81000054BF3F03D57F
:10062000CA0100B9A9FFFF17E23F40F90404001115
:10063000841000120F7D805256D86BB80200805291
:10064000780240B9BF3F03D59F00186B6102005488
:1006500062000035BF3F03D5CA0100B9DF3F03D5B3
:1006600038E03BD502E03BD5427C0D9B4208C99A5D
:100670004200188B42040091DF3F03D538E03BD5A0
:100680001F0302EBA3FFFF54EF050071220080520D
:1006900081FDFF54BEFFFF17BF3F03D50000140BC1
:1006A000006C7ED3160000B9BF3F03D56B05001167
:1006B000E003042A040200B9D7FFFF17BF3F03D5A8
:1006C0001F0100B925010034C00340B9BF3F03D565
:1006D000E27340B9000018121F00026BA0088012DC
:1006E00000009F1AABFFFF17220240B9BF3F03D59E
:1006F000800480D26014A2F2000040B9BF3F03D54D
:100700005F00006B20EEFF54E042228B00F47ED3AA
:10071000000040B9BF3F03D542040011420C001253
:10072000BF3F03D5047C1C53220200B99F04007113
:10073000C1ECFF54EB7740B9046C58D37F01046BD4
:1007400041ECFF54E60100B4CB0040B9DF0000B932
:10075000960480D2194888D27614A2F21A069852CA
:100760000F584CD3DB8200D1187D80D2F901A0F262
:100770001A85A072AF0000350028001285FFFF1710
:100780000B008052F3FFFF1710FA80D2C40240B969
:10079000BF3F03D59F00026BE1010054DF3F03D54B
:1007A0003CE03BD504E03BD5847C189B8408D99A77
:1007B00084001C8B84040091DF3F03D53CE03BD5D3
:1007C0009F0304EBA3FFFF54100600F101FEFF544A
:1007D0006FFFFF1744001A0B846C7ED3900040B962
:1007E000BF3F03D542040011EF050051420C001237
:1007F000BF3F03D5620300B9EBFBFF34C40040B92F
:100800006B050051F07824B8C40040B9840400118D
:10081000C40000B9D8FFFF17A00280125DFFFF17C8
:10082000FD7BBEA9FD030091F35301A9BF3F03D592
:10083000930180D2742080527314A2F2E00313AAB1
:1008400014C41FB8BF3F03D57FC21FB8BF3F03D535
:100850001F7804B925008052070080D2E003052AE2
:10086000060080D2040080D2030080520200805231
:1008700041008052E8FEFF9760000035BF3F03D57E
:10088000740200B9F35341A9FD7BC2A8C0035FD62F
:10089000070080D2060080D205008052040080D27A
:1008A0000300805202008052610680522000805274
:1008B000D9FEFF17FD7BBDA9070080D2060080D2BC
:1008C000FD03009105008052040080D20300805295
:1008D000020080524106805220008052F30B00F942
:1008E000CDFEFF976002003520008052E7A3009103
:1008F000E6B3009105008052040080D203008052CC
:100900000200805261078052E02F00B9C2FEFF97BB
:10091000F303002AA0000035E02B40B918FEFF9732
:10092000F303002A20020034DAFFFF970F000014BF
:10093000D8FFFF97F303002A80010035070080D21B
:10094000060080D205008052040080D2030080524D
:10095000020080524106805220008052AEFEFF9776
:10096000F303002A20FCFF34E003132AF30B40F9C1
:10097000FD7BC3A8C0035FD6FD7BBEA923008052C8
:10098000070080D2FD030091E4730091060080D23D
:100990000500805202008052A10B8052E01F00B976
:1009A000E003032A9CFEFF97FD7BC2A8C0035FD62D
:1009B0009FFDFF17FD7BBFA9FD03009148FEFF9738
:1009C000000040B9BF3F03D5004C1F120044101275
:1009D000FD7BC1A8C0035FD6FD7BBEA9FD030091CE
:1009E000F30B00F9F4FFFF97F303002A0002003431
:1009F0002101009021783E91F301083622010090F8
:100A000042903E912001009000083F916D37009484
:100A1000617A1E7261010054F30B40F9200100F06D
:100A2000FD7BC2A800D41B915B1200142101009031
:100A300021C03E91220100F042D81B91F2FFFF1726
:100A4000A0FF9F527F02006A81030054217C101393
:100A5000220280523F1C007261000054217C081366
:100A6000422000113F0C40F261000054217C04132D
:100A7000421000113F0440F261000054217C021337
:100A8000420800113F0040F24214821A4004005113
:100A90001F3C00716D01005421010090424400513F
:100AA00021D43E91F30B40F920010090FD7BC2A8B8
:100AB00000503F914337001422008052E6FFFF1799
:100AC000210100904224005121F83E91F6FFFF17CA
:100AD000816A8852E129A9721F00016BE00300546A
:100AE00068020054212B88528189A8721F00016B73
:100AF000400300546801005481EA8952E149A87218
:100B00001F00016BA0020054616A89528169A872BA
:100B10001F00016BE0079F1A00040011C0035FD69D
:100B200021E8885201CAA872FAFFFF1701AB8A5266
:100B3000A109AA721F00016B00010054A1498A5249
:100B40008168AA721F00016B8000005421498A52FB
:100B5000A108AA72EFFFFF1720008052F0FFFF17D5
:100B6000FD7BBFA9E30300AAE20301AAFD030091F4
:100B7000000040B9BF3F03D5D6FFFF97400000B942
:100B80001F08007141010054600040B9BF3F03D508
:100B90000008C05ACFFFFF971F080071400000B93E
:100BA000E0139F5AFD7BC1A8C0035FD600008052AE
:100BB000FDFFFF17FD7BBEA9E40300AAFD03009122
:100BC000E1730091E7FFFF9720010035800440B9F1
:100BD000BF3F03D5E11F40B93F04007141000054FD
:100BE0000008C05A00400051007C0253FD7BC2A89F
:100BF000C0035FD6FD7BBEA9E50301AAE40300AAFA
:100C0000FD030091E603022AE1730091D5FFFF97EF
:100C100000020035810040B9BF3F03D5811040B9C3
:100C2000BF3F03D5E21F40B95F040071810000544B
:100C30002108C05AA10000B902000014C2FFFF340D
:100C400084500091220080525F00066B63000054C4
:100C5000FD7BC2A8C0035FD6810040B9A5100091FA
:100C6000BF3F03D5E31F40B97F04007181000054EA
:100C70002108C05AA10000B902000014C3FFFF34CC
:100C80004204001184100091F0FFFF17FD7BBEA904
:100C900000029ED2E000A0F2FD030091F30B00F9E8
:100CA000EC030091C4FFFF97EB03002A00349ED2AF
:100CB000E000A0F2C0FFFF977F01006BEA03002A6B
:100CC0006621801A00669ED2E000A0F2BAFFFF976C
:100CD000E903002A007E9ED2E000A0F2B6FFFF9753
:100CE0003F01006BE803002A2121801A000C80528A
:100CF0003F00066B2120861A7F8101716B91801A5B
:100D000000029ED221F47ED3E2030B2A213C009103
:100D1000E000A0F221787C92FF6321CBE7030091F1
:100D2000E10307AAB4FFFF97020086D2E110009109
:100D3000000080D2221AA2F27F01006B480C0054FE
:100D40005F810171000C80524A91801A00349ED25A
:100D5000E2030A2AE10307AAE000A0F2A6FFFF9738
:100D6000030086D2E2100091000080D2231AA2F282
:100D70005F01006B480B00543FB100718005805249
:100D80002991801A00669ED2E203092AE10307AA8C
:100D9000E000A0F298FFFF97030086D2E2100091D6
:100DA000000080D2231AA2F23F01006B680A0054AF
:100DB0001F810171000C80520891801A007E9ED222
:100DC000E203082AE10307AAE000A0F28AFFFF97E6
:100DD000030086D2E2100091000080D2231AA2F212
:100DE0001F01006BC80A0054006486D29F01009165
:100DF000201AA2F2010040B9BF3F03D53F040071A1
:100E0000003440B9F3179F1A736E1C53BF3F03D5CC
:100E10001F0400714100005473021832006586D22D
:100E2000201AA2F2000040B9BF3F03D51F04007191
:100E30004100005473021032806586D2201AA2F25B
:100E4000000040B9BF3F03D51F04007141000054AA
:100E500073020832BF3F03D524FDFF97136C00B91E
:100E6000006086D2201AA2F2010040B9BF3F03D52C
:100E70003F040071000440B9F3179F1ABF3F03D528
:100E80001F0400714100005473021832006186D2C1
:100E9000201AA2F2000040B9BF3F03D51F04007121
:100EA0004100005473021032BF3F03D50FFDFF977E
:100EB000137000B9BF030091F30B40F9FD7BC2A88A
:100EC000C0035FD6247860B8BF3F03D5E37860B82D
:100ED00000080091646822B898FFFF17447860B852
:100EE000BF3F03D5E17860B80008009121C00491AC
:100EF000246823B89FFFFF171FA000F16101005471
:100F0000E1A040B93F000771C1000054447860B8C7
:100F1000BF3F03D5E17860B821000C91246823B865
:100F200000080091A1FFFF171FA800F101FFFF5467
:100F3000E1A840B93F100771F4FFFF17447860B88B
:100F4000BF3F03D5E17860B80008009121001091FF
:100F5000246823B8A3FFFF1700B09ED2E000A0F2E0
:100F6000020040B9BF3F03D5618889526169AA7206
:100F70005F00016B616A89528169A8728101005426
:100F8000BF3F03D5010401B802400291010040B9FE
:100F90002108C05A014400B81F0002EB81FFFF5432
:100FA00000B29ED2E000A0F2C0035FD65F00016BEA
:100FB00080FFFF54000080D2FCFFFF17FD7BBEA91D
:100FC00080C19ED2E000A0F2FD030091F30B00F976
:100FD000130040B9BF3F03D5BF3F03D5C3FCFF9704
:100FE000130402B9C1FCFF97000442B9BF3F03D507
:100FF000F30B40F9FD7BC2A8C0035FD6008090527E
:10100000E0FAA272C0035FD6FD7BBEA900C29ED2E9
:10101000E000A0F2FD030091F30B00F9130040B9CA
:10102000BF3F03D5BF3F03D5B0FCFF97130802B9FC
:10103000AEFCFF97000842B9BF3F03D5F30B40F960
:10104000FD7BC2A8C0035FD6FD7BBEA9FD03009156
:10105000F35301A9F30300AA65410094F40300AA25
:10106000E00313AAFF4100941F0400B121010054C2
:10107000610640F9000100F000A83F91D1350094CD
:1010800040028012F35341A9FD7BC2A8C0035FD682
:10109000800200F900008052FBFFFF17434238D561
:1010A000630C02537F0C0071C1000054200040B952
:1010B000BF3F03D5400000B900008052C0035FD697
:1010C000FD7BBFA9FD030091010440F920010090C0
:1010D00000140091BB350094800B8012FD7BC1A8E9
:1010E000C0035FD6434238D5630C02537F0C0071B6
:1010F000A1000054BF3F03D500008052220000B978
:10110000C0035FD6FD7BBFA9FD030091010440F938
:1011100020010090002C0191AA350094800B8012D0
:10112000FD7BC1A8C0035FD6BF3F03D5010082D2BB
:1011300060008052011AA2F2200000B920E21BD503
:101140000000801200E21BD500008052C0035FD671
:10115000FD7BB9A92101009021FC0291FD030091C2
:10116000F35301A9F30300AAF55B02A9F76303A9EE
:10117000F96B04A9FB2B00F9590A40F9E00319AAFD
:1011800060290094F30300B5F35341A9F55B42A92C
:10119000F76343A9F96B44A9FB2B40F9FD7BC7A872
:1011A000C0035FD6940600118006005161DA74B85E
:1011B00060DA60B83F00006B60FFFF54D80CF8366F
:1011C000010100F020010090213C3191001C0391AD
:1011D0007C35009420008052600200B99F02006BB1
:1011E0004DFDFF5400018052600600B99F0A007156
:1011F000C0FCFF5480008052600A00B9E3FFFF1773
:10120000F803002A34008052E8FFFF17DF02146B56
:101210006B020054010100F020010090E203142A47
:10122000213C319100B4039166350094F6FAFF3504
:10123000F35341A9010100F0F55B42A9213C319132
:10124000F76343A920010090F96B44A900F80591C8
:10125000FB2B40F9FD7BC7A85A350014E00319AAFF
:1012600028290094F503002A6004F8375B0A40F946
:10127000E103002AE2A30191A009805214450094E1
:10128000A0050034E2A30191E103152AE00E80528B
:101290000F45009480050034E2A30191E103152A73
:1012A000E00980520A45009420050034E103152A24
:1012B000E0031BAA030080D2220100904254049153
:1012C00088280094F50300AA600100B4210100B051
:1012D000214C1D919A2F009400030034010100F06D
:1012E00020010090E20315AA21D02E9100840491E0
:1012F00034350094F7060011E103182AE303172A96
:10130000E2031AAAE00319AA040080D2402A00943A
:10131000E10300AAC0F7FFB596F3FF35B7F8FF3534
:10132000010100F020010090213C3191004C059119
:10133000A8FFFF172000805260DA36B8D6060011E9
:10134000EDFFFF1700018052FCFFFF178000805265
:10135000FAFFFF173A010090170080525AF70491E4
:1013600016008052E5FFFF17FD7BBEA9210100900A
:10137000200A8052FD030091E263009121A00691B2
:10138000B9440094C0000034E103002A2001009019
:10139000000C07910B350094282F0094FD7BC2A808
:1013A000C0035FD6000082D2201AA2F2000040B92A
:1013B000BF3F03D5004C1F1200441072E0179F1A64
:1013C000C0035FD6FD7BBDA9FD030091F30B00F9BF
:1013D000FF4403D57D000094910100944000003447
:1013E000162F0094A4FBFF9785FBFF9728FEFF971D
:1013F000BEFBFF9713F041B9BF3F03D500008A52EF
:101400007302002ABF3F03D5B8FBFF9713F001B961
:1014100046FFFF9703FDFF970000805257FDFF979F
:10142000E2A3009101008052E003805281440094C5
:1014300080FDFF352F0200940F10009467FDFF9789
:10144000CBFBFF972101009021B40791E2A300910B
:10145000200A805284440094E103002AA000003452
:101460002001009000000891D6340094DDFFFF17A2
:101470002101009021880891E2A30091200A805266
:1014800079440094E103002A800000342001009098
:1014900000E80891F5FFFF17E2A3009101008052D8
:1014A000200C805263440094C0F9FF35E2A3009100
:1014B00001008052C00C80525E44009420F9FF3538
:1014C000BF3F03D5003284D261068052201AA2F2B7
:1014D000010000B9F8FCFF97018398D28111A2F2B4
:1014E000200040B900781F12200000B9F30B40F92A
:1014F000FD7BC3A8C0035FD600E03BD5C0035FD629
:10150000DF3F03D520E03BD5408E00B9C0035FD656
:10151000030000D4E40340F9800400A9820C01A96F
:10152000E40740F9A40000B4890040F93F0500F148
:1015300041000054860400F9C0035FD6020000D4C5
:10154000E40340F9800400A9820C01A9E40740F9F2
:10155000A40000B4890040F93F0500F141000054A7
:10156000860400F9C0035FD6E14FBFA9F30300AAC8
:10157000600640A9620E41A9641642A9661E43A9ED
:10158000682644A96A2E45A96C3646A96E3E47A92D
:10159000704648A9030000D4F30340F9600600A98F
:1015A000620E01A9641602A9661E03A9682604A991
:1015B0006A2E05A96C3606A96E3E07A9704608A9D1
:1015C000FF4FC1A8C0035FD6FD7BBDA9420100D07B
:1015D00042001891FD030091F51300F955010090A8
:1015E000F35301A9540100B0A09A49B994C21E91C5
:1015F000530014CB6CFFFF97A09A09B91F04007128
:10160000627E40924001009000802591610100546B
:10161000E10300AAE00314AA362F0094A09A49B966
:10162000F35341A900040011A09A09B9F51340F938
:10163000FD7BC3A8C0035FD6E10314AAF7FFFF1721
:10164000400300581FEC7C92E00300919705009442
:101650001F000091F20300AA98050094000080D2B8
:1016600059FFFF97B00100941F0000F11210929AE9
:10167000E10300911F0000F10010819A1F0000910A
:10168000E0F74FF000000091E1F74FF021401B918F
:101690001F8400F81F0001EBC3FFFF54E00312AAF0
:1016A000412640F9FA00001400E0060000000000A6
:1016B000FD7BBCA963008052FD030091410240F90B
:1016C000223440F9E20B00F9223840F9E21700F920
:1016D000223C40F9E20F00F9224040F9E21B00F9F8
:1016E000228448A9E21300F9E11F00F9E2A3009166
:1016F000E143009117060094FD7BC4A8C0035FD6A8
:10170000C0035FD6C0035FD60100018BFEFFFF1749
:10171000FD7BBEA944010090FD030091F35301A994
:10172000F40300AA80802591028440A9030C40F9AB
:1017300080B044F9570E0094F303002A600000358E
:10174000330E0094800200F9E003132AF35341A9F9
:10175000FD7BC2A8C0035FD6FD7BBFA9FD0300913E
:10176000000C40F900003FD6FD7BBFA9000084D2E9
:10177000FD030091409200F9362D0094C000003521
:1017800020008052E941009460000035FD7BC1A833
:10179000E1410014FD7BC1A8C0035FD6C0035FD642
:1017A000400400B4FD7BBEA9FD030091F30B00F9DA
:1017B000F30300AA3E2500940001F8366E29009438
:1017C000E10300AAF30B40F920010090FD7BC2A8C1
:1017D00000840991FB330014E00313AA0100805236
:1017E000C9060094E00000352001009000BC09917A
:1017F00001008052F30B40F9FD7BC2A8F1330014C5
:10180000E00313AAABFFFF97E103002A8000003436
:101810002001009000500A91F7FFFF17F30B40F9E9
:10182000FD7BC2A8C0035FD6C0035FD6400100D0D5
:10183000010043F940688AD220ABA9F23F0000EBD7
:10184000A1000054400100D000401891000040F970
:10185000C0035FD600008092FEFFFF17000080D219
:10186000C0035FD6C0035FD60104B0D20000018B75
:10187000C0035FD6A0028012C0035FD6A002801210
:10188000C0035FD6450040B9E4A4805224C3AA72C5
:10189000BF00046B61000054E10302AAF8FFFF17C8
:1018A000FD7BBFA9030880D2FD030091F2FFFF97E3
:1018B0001F000071A10280120000811AFD7BC1A8E7
:1018C000C0035FD6FD7BBCA9FD030091F35301A9C2
:1018D000F30302AAF40300AAE0078092F55B02A9D1
:1018E000F60304AAF71B00F9F70301AA010880D246
:1018F000DEFFFF97640240F9F50300AA60224079F9
:10190000E30315AAE10316AA02FC0091E00300CB51
:101910004200008AE00313AA80003FD61FFC00713A
:101920000C01005495008012F35341A9E003152ADD
:10193000F55B42A9F71B40F9FD7BC4A8C0035FD645
:10194000A10240B900BA8152C0BFBD723F00006B16
:1019500041010054F71B40F9E30315AAE20316AA5C
:10196000E10313AAF55B42A9E00314AAF35341A9CA
:10197000FD7BC4A80B020014E20315AAE10317AA19
:10198000E00314AAC0FFFF97F503002AE0FCFF352F
:10199000830A40F960224079822E40B96122407961
:1019A000040400D18400028B630002CB21040051A7
:1019B000823240B9E00300CB81C021CB4200048BCE
:1019C000640240F92100008A420001CB6300018BD0
:1019D0004200008AC102018BE00313AA80003FD6B7
:1019E000A000F837813240B93F00006BE9F9FF549D
:1019F000CDFFFF17F503002ACCFFFF170000805230
:101A0000C0035FD6400240F9800000B5400100905D
:101A100000802691400200F9C0035FD6FD7BBFA97C
:101A2000FD03009151FFFF9780000035411A40F9F6
:101A3000210071B2411A00F9FD7BC1A8C0035FD635
:101A4000401A40F9C0007836401A40F9000076B2DA
:101A5000401A00F900008052C0035FD6FD7BBFA989
:101A6000FD03009141FFFF97A0000035401A40F9A7
:101A7000000076B2401A00F900008052FD7BC1A838
:101A8000C0035FD600008052C0035FD6FD7BB2A9C1
:101A9000820280D2010100F0FD030091F55B02A9F2
:101AA000F5E3019121800891E00315AAF35301A900
:101AB000F76303A9F96B04A9FB7305A90D2E009424
:101AC000D1FFFF9700F4B3D2010AA0D2900E009488
:101AD000401A40F9020077B2421A00F980005037EC
:101AE000D8FFFF9740000034542D00948FFDFF97DE
:101AF000490D0094A00000342001009000C80A9114
:101B0000250E0094F9FFFF1701088052E02F1432D0
:101B1000CD0C0094A00400B4AC800094F6DD975284
:101B200086F9FF97B6D5BB7201008052020A80D2B7
:101B3000E0430291D52D0094E00315AAF6BB00B94D
:101B400084FDFF97540100F0410100F0400100F0D6
:101B500021E0199100C01B91130001CBE0F301B209
:101B6000605595F23A01009073FE439394E2199107
:101B70005ABF0B91180080D2737E009B00038052E5
:101B800057028012737E209B9302138BB97A78B828
:101B90003F03166BC00900543B010090FC0314AADC
:101BA0007B1F0C914200001420010090003C0B911F
:101BB000D4FFFF17800B40B97C0000B43F03006BDB
:101BC0004107005426FFFF97E10300AA400000B53B
:101BD000810340F9E0031AAAFA320094800B40B95D
:101BE000E1A30191E06B00B9E0430291FF3B00F9F2
:101BF000820B40F940003FD6F703002A000500356C
:101C0000E1A30191E04302919FFFFF97F703002AB0
:101C100060040035F9BB00B9E0430291D3FDFF97A2
:101C2000E0430291DEFEFF97E06342391F640071DA
:101C300061050054E05B40F9130000B073B22591D8
:101C4000D8FEFF9701088052E02F1432730C0094E5
:101C5000F40300AAA00400B424040094E00314AA2E
:101C600067FFFF97E103002A800000342001009005
:101C700000700D91D3320094D70C0094E103002A38
:101C8000800000342001009000140E91CD320094A9
:101C9000F5FEFF97E043029160023FD6E103172A69
:101CA000E0031BAAC73200949C6300919F0313EBCF
:101CB00021F8FF54200100901807009100480C9172
:101CC000C03200941F1700F121F6FF5477FAFF3459
:101CD0002001009000C40C918AFFFF1713000090B0
:101CE00073621D91D8FFFF1721008012E0FFFF17DC
:101CF000FD7BBFA9004098522000A072FD03009117
:101D0000407600B9236B0094401A40F9000065B298
:101D1000401A00F92001009000C80E91FD7BC1A877
:101D20009D0D0014000080D2C0035FD6FD7BBCA9CE
:101D3000FD030091F35301A9F403022AE20301AA6F
:101D4000F55B02A9F30303AAE3F30091011440B980
:101D5000000040F9E3250094A00200B4E23F40B93E
:101D6000417C4093210400D11600018B0202003413
:101D700001686138C101003515008052BF02146B43
:101D80008B000054600200F900008052090000142A
:101D900001008052002D0094000400911F0016EBFA
:101DA00008010054B5060011F5FFFF17A0028012CC
:101DB000F35341A9F55B42A9FD7BC4A8C0035FD6DC
:101DC000C0008012FBFFFF17FD7BBDA9FD03009142
:101DD000E3A30091F35301A9F30300AAD4FFFF97F3
:101DE000A0010035600240F9611240B9F41740F9D2
:101DF000E20314AA3C250094E000F836E203002A2E
:101E0000E10314AA2001009000980F916D32009414
:101E1000A0028012F35341A9FD7BC3A8C0035FD683
:101E2000FD7BB8A9FD030091F35301A9F303032A35
:101E3000F55B02A9F50302AAF60304AAF76303A956
:101E4000F70300AAF80301AAF92300F9E103032A22
:101E5000540040F9E2A30191E00314AA8B06009418
:101E600060020034C00A40F9000200B5020080D2CE
:101E7000E103132AE00314AAC2240094E10300AA98
:101E800020010090001C10914E320094000D801231
:101E9000F35341A9F55B42A9F76343A9F92340F93C
:101EA000FD7BC8A8C0035FD6E03700F9E26301916B
:101EB000E103132AE00314AAA206009440010034AF
:101EC000E2630191E103132AE00314AA8B06009454
:101ED00020030035A10640F9E05B40B90000010B8A
:101EE000E05B00B9E2730191E103132AE00314AA55
:101EF000A606009420030035E05F40B904040051B9
:101F000000030035E103132A020080D2E00314AA83
:101F10009C240094010100F0E20300AA2180319189
:101F20002001009000D410912632009400008052CD
:101F3000D8FFFF17E3830191E2C30191E103132A64
:101F4000E00314AA590600944008003420010090D0
:101F5000006C1191100D009420008012CDFFFF172E
:101F6000E2224079007C4093E15B40B9E03300F924
:101F7000400400510000010AE303024BF53740F929
:101F80004200000B4200040B2100030AE40240F966
:101F90004200030AB5FE009101C3218BB5E67A9297
:101FA000197C4093E30315AA427C4093E00317AAEF
:101FB00080003FD6E13340F91F0001EBE3040054F9
:101FC000B502198B020080D2E103132AE00314AAA0
:101FD0006C240094E10300AA2001009000DC119120
:101FE000F8310094420A40F9E30315AAE43340F9BA
:101FF000E103132AE00314AAB50600942003003479
:10200000000100F000781291E30C0094E20346A96D
:10201000E10315AAD22C0094B6F8FFB4E03740F9DA
:10202000C00A00F9E03340F9C03200B9E2E301919F
:10203000E103132AE00314AA180600941F0000719C
:10204000E03F40F900009FDAC00E00F9B8FFFF172B
:10205000F53B40F9DCFFFF17800080128DFFFF1772
:10206000000080128BFFFF17FD7BB7A9FD030091D5
:10207000F35301A9F30300AAF55B02A9F60301AA31
:10208000F50303AAF71B00F9010100F0F70302AA08
:1020900021881291143040B902008052000840F9A2
:1020A0009402008BE00303AAF42B00F947FFFF978B
:1020B0000002F836420A40F9020300B4420440B973
:1020C000E00314AA741200F94208C05A410A40F908
:1020D000882C0094F55B42A901008452601240F9FB
:1020E000F35341A9F71B40F9FD7BC9A886040014EE
:1020F000E303002AE4030191E20315AAE10317AA0E
:10210000E00316AA47FFFF978000F837E02B40F95D
:10211000601200F9F0FFFF17F35341A9F55B42A9E4
:10212000F71B40F9FD7BC9A8C0035FD6C0035FD68B
:10213000FD7BBEA9217C021B000880D2FD0300911B
:10214000F30B00F9337C409361FE009121E47A9215
:102150007C0F0094A00100B5E10313AA000100F078
:102160000098129197310094000100F0003413910F
:1021700094310094E10313AA000080D2F30B40F9DC
:10218000FD7BC2A8B9FDFF17F30B40F9FD7BC2A888
:10219000C0035FD600008052C0035FD6C0035FD685
:1021A000FFC304D1FD7B01A9FD430091F35302A9B4
:1021B000F30300AAF55B03A9F76304A9F70301AAD7
:1021C000F80302AAF96B05A9FB7306A9600440B9DC
:1021D0000008C05A000C001100747E92D4FFFF97D3
:1021E000E2224079010C009121F47E92E16B00F92A
:1021F00041040051E203024B2100000B2100020ABE
:1022000022008052357C4093E00315AAC9FFFF9756
:10221000600100B59A008012FD7B41A9E0031A2AF3
:10222000F35342A9F55B43A9F76344A9F96B45A9A8
:10223000FB7346A9FFC30491C0035FD6E40240F9D3
:10224000F40300AAE30300AAE20315AAE10318AA13
:10225000E00317AA80003FD6E0FDFFB4F46700F961
:10226000CDFFFF97A0180037E00314AACCFFFF971B
:10227000F50300AAE06700F9040A0094E0DF00B962
:10228000F403002A6000F836BA028012E3FFFF1759
:10229000020080D2E103002AE00315AAB9230094CA
:1022A000E10300AA000100F000C013914531009441
:1022B000E103142AE00315AA56090094F403002A46
:1022C000600000341A008012D4FFFF17000100F0F4
:1022D00000781291300C0094E00315AA010100F07F
:1022E0002160149107250094E0DB00B9E0FCFF3782
:1022F000E023039102008052010100F02170369129
:10230000B2FEFF97F603002A2001F836E02303917E
:1023100002008052010100F021801491ABFEFF9772
:10232000F603002A00FDFF3734008052E40313AAAD
:10233000E303162AE2230391E10318AAE00317AA94
:10234000B8FEFF97FA03002A80F6FF35622200915B
:10235000E103162AE00315AA39050094C0010034F0
:102360002002805260220039E3230391E20318AA7D
:10237000E10317AAE00313AA3CFFFF97FA03002A20
:102380000001F836602240391F44007161F4FF54A7
:1023900004000014602240391F44007160FEFF54A5
:1023A000190100F0000100F03983149100381C91EC
:1023B000E04300F9200100B000DC1891E04700F98B
:1023C000E203142AE10319AAE0230391FFFF023973
:1023D0007EFEFF97FB03002AE00BF837DF02006B5D
:1023E0006100005494060011F6FFFF17E303002A72
:1023F000E4830391E2230391E10318AAE00317AAFF
:10240000FF7B00F987FEFF97FA03002A1F00007187
:102410000007801244B3407A20010054E3031A2AD3
:10242000E203142A010100D0000100F0211C3391C5
:1024300000A81491E330009478FFFF17E2FF0291A7
:10244000E1031B2AE00315AAFD040094E0FF4239D2
:102450001F44007101010054E3230391E20318AA11
:10246000E10317AAE083039100FFFF97E08340F99F
:10247000601200F9600E40F91F0400B1A100005481
:10248000E07F40F91F0400B140000054600E00F9E5
:102490007A1240F99AFAFFB4E3030391E203142A93
:1024A000E10319AAE023039121FEFF97C0F9FF374A
:1024B000E203142AE10319AAE023039143FEFF97E4
:1024C000FC174FA9FB03002AE24340F9E103002A6D
:1024D000E41341B9030080D2E06340F9E03F00F922
:1024E000E00315AAE55300F9E4AF00B9FD23009419
:1024F000E24740F9E60300AAE1031B2AE00315AA1C
:10250000030080D2E64F00F9F6230094E70300AA07
:10251000E1031B2AE00315AA030080D2020100F0A8
:1025200042781591E74B00F9EE230094E00300F99F
:10253000E71B49A9E3031CAAE23F40F9E103142A7F
:10254000E55340F9E0031AAAE4AF40B9E902009468
:10255000A5FFFF17600E40F9000400D11F0C00B169
:1025600069000054600A40F9600E00F9604240B909
:1025700000001F32604200B91A00805227FFFF1787
:1025800040008052C0035FD6E00301AAC0035FD6BB
:10259000FEFFFF17FFFFFF1700D44139001443D39C
:1025A0001F1C007100109F1AC0035FD6FBFFFF17AE
:1025B000FD7BBBA9FD030091F35301A9F55B02A9C3
:1025C000F60301AAF76303A9F70300AAF80302AA16
:1025D000F92300F9F90304AA200040B91F0400718F
:1025E00080020054000800511F0400716902005469
:1025F00055028012000100F0008C1591713000949A
:10260000F4F74FD0800240F9C00100B5E003152A6D
:1026100099530094F303002A80030034E103002A55
:10262000000100F00018169166300094210000149B
:1026300015008052F3FFFF1735008052F1FFFF179E
:1026400048550094000440B9BF02006B01FEFF54DE
:10265000800240F9C10240B9CAFFFF971F0800710C
:10266000600600541F0C0071200400541F04007108
:1026700080050054000100F0B3028012009418910C
:10268000450B00940B000014E003152A205500941C
:10269000800200F9C00100B553028012E103152A3F
:1026A00042028012000100F000C0169145300094F3
:1026B000F55B42A9E003132AF35341A9F76343A949
:1026C000F92340F9FD7BC5A8C0035FD6F351009400
:1026D000F303002AE0FBFF34E103002A9F0200F924
:1026E000000100F000781791D0FFFF17800240F939
:1026F000AFFFFF97F303002A800240F919550094B9
:10270000E103132A3E330094F303002AA0000034AF
:10271000000100F0000C18911F0B0094E5FFFF175B
:10272000800240F9E10319AA9BFFFF97800240F95C
:102730000C550094E20300AAF35341A9E40318AA3C
:10274000F92340F9E10316AAF55B42A9E00317AAB1
:10275000F76343A923008052FD7BC5A8B500001490
:10276000040080D203008052020100F0420019915F
:1027700090FFFF17FD7BBCA9FD030091F35301A956
:10278000F55B02A9FF3F00B9400500B4F503012A3B
:10279000010100F021701991F40300AAD9230094DB
:1027A000E103002AE000F83613008012F55B42A92D
:1027B000E003132AF35341A9FD7BC4A8C0035FD6ED
:1027C000E2F30091E00314AA360100B0A3210094C3
:1027D000D6DE1891F303002A93FEFF37E03F40B99D
:1027E0001F0000712DFEFF541F040071E000005413
:1027F000E103132AE2F30091E00314AA9721009465
:10280000F303002AF5FFFF17E20316AAE103132AD8
:10281000E00314AA030080D232230094A0FEFFB488
:10282000560100941F00156B41FEFF54E0FFFF1797
:1028300013018012DEFFFF17FD7BBCA9FD03009191
:10284000F35301A9F40301AA01008052F71B00F918
:10285000F7F74FD0F3220091F55B02A9F50300AA28
:10286000F60302AAE00313AA023080D2872A00945A
:10287000602080D2432080D20006A0F2E00600F95A
:10288000E0F74FD000E00091600600F9E0F74FD08C
:1028900000600391600A00F9202080D20303A0F2B7
:1028A000000BA0F2606A00F9A078805260E200B9E3
:1028B000E0F74FD000400191600E00F9E0F74FD0F3
:1028C00000000291601200F9202080D2631A00F902
:1028D000000BA0F2632600F92000C0F2603E00F970
:1028E000756E00F9768200F9A00038D5003C409260
:1028F000604A00F920798052633200F9744200F98D
:10290000608A00B9E0F74FD000A00191601600F98D
:10291000E00313AAF35341A9F55B42A9F71B40F961
:10292000FD7BC4A8C0035FD6C4FFFF17FD7BBDA914
:10293000FD030091E2A30091F35301A9F30300AA60
:10294000F403012AD5030094A0000034E2A300910F
:10295000E103142AE00313AACC030094F35341A922
:10296000E01740F9FD7BC3A8C0035FD6FD7BBDA97E
:1029700041038052FD030091F35301A9F40300AA1F
:10298000F51300F9151040F9E00315AA7AFFFF9737
:10299000A002F837E103002AE00315AAE4FFFF973D
:1029A000F30300AA21028052E00315AA72FFFF97E9
:1029B000E103002AC001F837E00315AADCFFFF9706
:1029C000E10300AA940E40F9E00313AA020080D2AA
:1029D000D6FFFF970178805221421BD5010080D29B
:1029E00080023FD6130080D2EFFFFF170104B0D260
:1029F000F5FFFF17FD7BBEA9E50301AAE10303AACA
:102A0000FD030091000440F9E4630091E30302AA8E
:102A1000E20305AAC1800094017C40931F0000716D
:102A2000E00F40F9FD7BC2A82010809AC0035FD65A
:102A3000FD7BBAA9FD030091F55B02A9F5F74FD024
:102A4000F60300AAE00302AAA28A41B9F35301A93E
:102A5000F40304AAF71B00F9F70301AA8203003567
:102A6000E103032A0A7F0094F303002AC002003422
:102A7000E203002A010100D0000100F021302F9173
:102A800000A019914F2F00943301F836010100D0B6
:102A9000000100F0E303132AE20314AA21C03191DC
:102AA000000C1A91BF8A01B9462F0094F55B42A928
:102AB000E003132AF35341A9F71B40F9FD7BC6A895
:102AC000C0035FD620008052A08A01B900000090A8
:102AD00000D02791E0D304A900088052E22301919D
:102AE000E10317AA040080D2030080D2E0B300798A
:102AF000E00316AA74FBFF97F303002AE3FFFF1716
:102B0000FD7BBEA9FD030091F30B00F9F30302AABC
:102B1000000440F900C840F9116000941F000071E2
:102B200060029F9AF30B40F9FD7BC2A8C0035FD6F9
:102B30000080A052C0035FD600008052C0035FD661
:102B400000008052C0035FD6FD7BBBA9FD0300914E
:102B5000F35301A9F40301AAF30300AAF51300F942
:102B6000F6FFFF97F503002AF6FFFF970248885209
:102B7000E103002A63008452E003152AE201A072F7
:102B8000FC5F0094200100B5000100F000A41A9140
:102B9000010A009440028012F35341A9F51340F951
:102BA000FD7BC5A8C0035FD60100009021002C91D9
:102BB000E18303A921008052E1930079DDFFFF97B3
:102BC000E103002A000100F000F01A91C8400094CF
:102BD000E2E30091E403002AE10314AAE00313AA4C
:102BE000030080D238FBFF97ECFFFF17FD7BBEA9E7
:102BF000E00303AA0340B0D2FD0300912100038B40
:102C0000F30B00F9F30302AABA290094E00313AA14
:102C1000F30B40F9FD7BC2A8C0035FD6FD7BBCA9C6
:102C20000340B0D2FD030091F35301A9F40301AABC
:102C300001BA8152620040B9C1BFBD725F00016B31
:102C4000E0010054F30300AAF9FAFF97E20300AA97
:102C50001F0400B1A1000054010880D2E007809257
:102C600002FBFF97E20300AAE10314AAE00313AA00
:102C7000F35341A9FD7BC4A803FBFF17010000909B
:102C800021B02F91E1FF02A921008052020080D2E1
:102C9000E1730079E1A3009142FDFF97F35341A94D
:102CA000FD7BC4A8C0035FD6E12784920000018B9E
:102CB00000EC7C92C0035FD6FD7BBEA9022880D2C7
:102CC00001008052FD030091F30B00F9F30300AA09
:102CD000730205916D290094538E00F9F30B40F9AE
:102CE000FD7BC2A8C0035FD6410240F9421240F901
:102CF000020400F9223440F9020800F9223840F9B0
:102D0000020C00F9223C40F9021000F9224040F97F
:102D1000021400F9224440F9021800F9214840F950
:102D2000011C00F9C0035FD6FD7BBEA9FD03009125
:102D3000F35301A9F30300AAF40302AA600240B905
:102D40006000F8360000801207000014600640F9A9
:102D5000000100B4E10314AAF1280094A00000359A
:102D6000600240B9F35341A9FD7BC2A8C0035FD6FE
:102D700073620091F2FFFF17E20300AA010100F065
:102D8000000100D02134369100E00291E7FFFF17E7
:102D9000FD7BBCA9FD030091F35301A9F403042AB0
:102DA000F30301AA01008052F55B02A9F50300AA12
:102DB000F76303A9F70302AAF80303AA972500946F
:102DC000F603002A01008052E00315AAA025009412
:102DD00001741E53C6761E53050080D2217C409399
:102DE000C27C409326C0268B9F02056B2C010054A9
:102DF0009F02007180A29F1AF35341A9F55B42A97B
:102E0000007C061BF76343A9FD7BC4A8C0035FD603
:102E1000A7F07DD3E17A65F8E46A67B8DF0A00714C
:102E200021050054210CC0DA61020039233C08530B
:102E300063060039235C1053630A0039237C18535E
:102E4000630E0039239C60D36312003923BC68D31E
:102E50006316003923DC70D321FC78D3631A003960
:102E6000611E0039017B65F86402028B076B67B84D
:102E70001F080071E1020054210CC0DA616A223897
:102E8000233C085383040039235C10538308003922
:102E9000237C1853830C0039239C60D383100039A2
:102EA00023BC68D38314003923DC70D321FC78D38E
:102EB00083180039811C00397302068BA504009128
:102EC000CAFFFF178108C05A610200B9E6FFFF1769
:102ED000E108C05A616A22B8F8FFFF17FD7BBDA95F
:102EE000FD030091F35301A9F40302AAF55B02A9C3
:102EF000F50300AAF603012AFB2000941F04003109
:102F0000A1000054E20314AAE103162AE00315AA63
:102F10001F250094F303002A2001F836962300941D
:102F2000E30300AA010100D0000100F0E20314AAAB
:102F300021A4349100E03E91222E0094F55B42A939
:102F4000E003132AF35341A9FD7BC3A8C0035FD656
:102F5000FD7BB7A9FD030091F35301A9F55B02A91D
:102F6000F603032AF76303A9F92300F97F10007120
:102F70000D02005413008012E203162A83008052CF
:102F8000010100D0000100F021742E9100103F914A
:102F90000C2E0094F55B42A9E003132AF35341A9D8
:102FA000F76343A9F92340F9FD7BC9A8C0035FD6A5
:102FB000F40300AAF70301AAF80302AA3C1F009435
:102FC000F303002A2001F8366B230094E20300AAE1
:102FD000010100D0000100F021742E9100F03E911B
:102FE000F82D0094ECFFFF1735010090B54E1D91B0
:102FF000E20315AAE00314AA01008052B8FFFF976C
:10300000F303002A80FCFF37190100D039570491DF
:10301000E00319AA6A280094E40315AAE303002A2E
:10302000E20319AAE103132AE00314AAE50080527F
:1030300081240094F503002A4005F8364E230094BD
:10304000F303152AE20300AAE10319AA000100F024
:1030500000680091DB2D0094CFFFFF1784040091DE
:10306000DF02046BAD000054E07A64F880FFFFB526
:10307000007B64F840FFFFB584030034E30318AA23
:10308000E20317AAE1430191E00314AA150100F03D
:1030900040FFFF97B5463A91F603002AE00315AAD0
:1030A00047280094E103132AE303002AE503162AC4
:1030B000E4430191E20315AAE00314AA5E240094FC
:1030C000F303002A2001F8362B230094E20300AA20
:1030D000E10315AA000100F000680091C1FFFF178D
:1030E000040080D2DFFFFF1713008052AAFFFF17F2
:1030F000FD7BB9A9FD030091F35301A9F40300AAD4
:10310000F55B02A9F50305AAF60307AAF76303A96D
:10311000F803042AF70306AAF96B04A9F90303AA22
:10312000FA3B40F9FB2B00F9FB0302AAE01E0094D6
:103130002002F836F303002A0F230094010100B0A7
:10314000E20300AA216C3391000100D000F03E910F
:103150009C2D0094F55B42A9E003132AF35341A987
:10316000F76343A9F96B44A9FB2B40F9FD7BC7A882
:10317000C0035FD6E00314AA020100D00100805210
:103180004274199156FFFF97F303002A40FEFF3760
:10319000E103002AE2031BAAE00314AA50FFFF97F1
:1031A000F303002A80FDFF37390FC0DAF93700F941
:1031B000190100D0393B2191E00319AA002800949D
:1031C000E4A30191E303002AE20319AAE103132A0D
:1031D000E00314AA0501805217240094BF0600B131
:1031E000C0010054B50EC0DAF53700F9150100F042
:1031F000B5E60091E00315AAF1270094E4A301913C
:10320000E303002AE20315AAE103132AE00314AA48
:103210000501805208240094150100F0B5EE0191DB
:10322000180BC05AE00315AAF86B00B9E427009404
:10323000E4A30191E303002AE20315AAE103132AA0
:10324000E00314AA85008052FB230094F70100B428
:10325000E00317AA150100D0D9270094B53A1C91B4
:10326000F80300AAE00315AAD5270094E303002A77
:1032700005070011E40317AAE20315AAE103132AC4
:10328000E00314AAEC230094F60100B4E00316AAAC
:1032900035010090CA270094B5DE1891F70300AA03
:1032A000E00315AAC6270094E303002AE5060011EF
:1032B000E40316AAE20315AAE103132AE00314AA01
:1032C000DD2300949AF4FFB4E0031AAA150100D09C
:1032D000BB270094B57A1591F60300AAE00315AA5E
:1032E000B7270094E303002AC5060011E4031AAAD5
:1032F000E20315AAE103132AE00314AACE230094E3
:1033000095FFFF17C00600B4FD7BBCA9FD0300912B
:10331000F35301A9F40300AA13008052F55B02A93C
:10332000F503012A871F0094F603002A7F02166B1B
:103330006B000054020080520D000014E3E3009182
:10334000E2C30091E103132AE00314AA651F00946D
:10335000E01B40F99F0200EB21030054E103132A14
:10336000E00314AA6623009422008052E1098252ED
:10337000932240B9B502010B810E40B9730AC05ABD
:10338000802E00122108C05A7302010B7302150B24
:103390007302000B734E14127302004B600AC05A82
:1033A000800600B902010035E003132AF35341A956
:1033B000F55B42A9FD7BC4A8C0035FD6730600116C
:1033C000DBFFFF17E203132AE10314AAE00314AAA8
:1033D0002F230094A0FEFF36F5FFFF170000805258
:1033E000C0035FD6FD7BADA9FD030091F55B02A98B
:1033F000F50300AAE0C30291F35301A9F30307AA5E
:10340000F76303A9F80307AAF70305AAF96B04A950
:10341000190080521A008052FB7305A9E66B00B9AF
:10342000E10F07A901008052E2131029021080D297
:1034300096270094B60A40B91F030039C00AC05A43
:1034400016008012E05B0C29E03381B9FF6F00B9F0
:10345000E04700F900070091E04B00F9FFAB00B92D
:10346000FBAB40B9E2A30291E00315AAE1031B2ADA
:10347000281E0094F403002AE06F40B9FCAB40B969
:103480001F000071841A497AE11600549F0E0071E2
:1034900040090054280100549F060071200D00547B
:1034A0009F0A00714013005400008052070000146E
:1034B000FB6700B9EBFFFF179F120071C00B0054B0
:1034C0009F260071E0179F1AE16740B91F00007145
:1034D0002018413A01140054E16B40B95F030071B8
:1034E0004013417AAC01005442070051E36340B9F4
:1034F000487C7D93E1CE228BE86A68B8210440B90C
:103500000101010B2100034B3F001B6B61000054C4
:103510001B01034BFA03022A1F000071640B413A9E
:10352000A0010054E06B40B95F03006B0A01005436
:10353000417F7D93E26340B9E0CE3A8B87031B4B1A
:103540006203020BE26A21B8070400B95A070011AE
:103550001B0080129F260071C1FAFF54A12640B9BA
:10356000E0AB40B92108C05A1F00016BC10F0054E5
:10357000E16B40B95F03016BCA010054417F7D9349
:10358000E36340B9E2CE3A8B00001B4B7603030B9A
:10359000F66A21B8E13B41B9400400B9A10000340A
:1035A000A12240B92108C05A0000010B400400B913
:1035B000400700110C000014E1031B2A020080D216
:1035C000E00315AAA81F0094010840B9E00315AA5A
:1035D0002108C05AC11E0094E10300AA400200B5B0
:1035E00040018012F35341A9F55B42A9F76343A957
:1035F000F96B44A9FB7345A9FD7BD3A8C0035FD633
:10360000E03F40F9E14F00F900787CF89C07009119
:10361000CB260094E14F40F980000035FC031B2AC3
:10362000AAFFFF171C0080D2E08740B91F001C6B67
:103630008CFEFF543F070071E0D79F1AF8FFFF1779
:10364000D6060011DF820071C0FCFF54E1031B2A83
:10365000E2B30291E00315AACA1E0094E10300AA96
:103660007600003500004039E0070035E2AF80B950
:10367000600218CB420800914200008BE04740F9FD
:103680005F0000EBCA060054E04B40F97F0200EBFC
:1036900060000054E005805260160038E00313AA71
:1036A000A1260094E0AF80B93F0700719C139B1ADC
:1036B000020080D27302008BE0C3029119D836B8A1
:1036C000E08340B91F00026B8C000054B901003543
:1036D000FC031B2A75FFFF17E03B40F9E10318AA22
:1036E000E24F00F9007862F895260094E24F40F925
:1036F0004204009160FEFF35590080520200001420
:1037000039070051E003192A70FFFF17B6F6FF379B
:10371000E0C30291C106005102D876B87F0218EBCF
:103720008900005460FE5F381FBC007181FFFF54A8
:103730007F020039E003192AF603012AF903022A5D
:103740003F04003121ECFF5421008052E16F00B9A9
:103750005EFFFF17FB6740B970FFFF174000801244
:10376000A1FFFF17600180129FFFFF17FD7BBDA91E
:10377000FD030091F35301A9F30303AAF40302AA82
:10378000E3B30091571F0094E00100B4E22F40B969
:10379000050080D2040080D2437C0213BF0003EBFB
:1037A000A10100545F20007109020054FF8344EB23
:1037B000C0010054000100F0E10314AA00FC0091D4
:1037C000002C009400008012F35341A9FD7BC3A894
:1037D000C0035FD6017865B8A50400912108C05ADE
:1037E000248004AAEEFFFF1700008052640200F953
:1037F000F6FFFF17FD7BBEA9FD030091F35301A95E
:10380000F40301AAF30300AA010100D0216014917E
:10381000BC1F0094E000F837E103002AE20314AA79
:10382000E00313AAF35341A9FD7BC2A8AE1E001406
:10383000F35341A9FD7BC2A8C0035FD6FD7BBDA9A0
:10384000FD030091E3B30091F30B00F9F30302AA27
:103850002201009042DC1891221F0094000100B464
:1038600046FDFF97011C00120000805261020039E2
:10387000F30B40F9FD7BC3A8C0035FD6E11F805264
:1038800000008012FAFFFF17E30302AA020100D032
:1038900042382191B6FFFF17E30302AA020100F0AC
:1038A00042E40091B2FFFF17FD7BBDA9FD0300912B
:1038B000F35301A9F40302AAF30303AA020100F0DF
:1038C000E3B3009142C42391061F0094800200F9E3
:1038D000E00000B4E12F80B900008052610200F9DD
:1038E000F35341A9FD7BC3A8C0035FD6010080D27A
:1038F00000008012FAFFFF17FD7BBEA9030080D2F3
:10390000FD030091F30B00F9F30302AA020100F09A
:1039100042700191F31E0094000100B4000040B910
:103920000008C05A600200B900008052F30B40F951
:10393000FD7BC2A8C0035FD620008012FCFFFF17EA
:10394000FD7BBEA9030080D2FD030091F30B00F9BB
:10395000F30302AA020100F042A00191E11E0094CB
:10396000000100B4000040B90008C05A600200B96C
:1039700000008052F30B40F9FD7BC2A8C0035FD664
:1039800020008012FCFFFF17FD7BBEA9030080D240
:10399000FD030091F30B00F9F30302AA020100F00A
:1039A00042D80191CF1E0094000100B4000040B93C
:1039B0000008C05A600200B900008052F30B40F9C1
:1039C000FD7BC2A8C0035FD620008012FCFFFF175A
:1039D000FD7BBDA9FD030091F30B00F9F30302AADF
:1039E000E3B30091020100F042000291BD1E009479
:1039F000600200F91F0000F1E0139F5AF30B40F939
:103A0000FD7BC3A8C0035FD6FD7BBDA9FD0300916C
:103A1000F35301A9F40302AAF30303AA020100F07D
:103A2000E3B3009142C80491AE1E0094800200F9F5
:103A3000E00000B4E12F40B900008052610200B9FB
:103A4000F35341A9FD7BC3A8C0035FD60100805298
:103A500000008012FAFFFF17FD7BBCA9FD03009157
:103A6000F35301A9F40300AAF30304AAE00302AA92
:103A7000F55B02A9F503012AF60303AAE1E300912D
:103A8000A00A00940002F837E01F40F9E20316AAEA
:103A9000E103152A040840F9031840B9E00314AA09
:103AA00080003FD6E01F40F9000840B9600200B92D
:103AB00000008052F35341A9F55B42A9FD7BC4A8E5
:103AC000C0035FD600008012FBFFFF17FD7BAFA98C
:103AD000FD030091F55B02A9F50303AA2301009001
:103AE00063D81B91F60304AAE33F00F92300805238
:103AF000E40302AAE5B30191E20315AAF35301A975
:103B0000F40300AAF76303A9F703012AF96B04A9D8
:103B1000FB7305A9E36F00B9E30316AABB02009487
:103B2000A0030034000100F0130080520014029141
:103B3000E03F00F9F53F40F9E103132A020080D28B
:103B4000E00314AA8F1D0094F30300AAE103172ACF
:103B5000020080D2E00314AA8A1D0094E20313AA93
:103B6000E30300AAE10315AA000100F00068059133
:103B7000142B009400008052F35341A9F55B42A935
:103B8000F76343A9F96B44A9FB7345A9FD7BD1A851
:103B9000C0035FD6E103172AE00314AA180100F05E
:103BA000190100F0D91C009418AB0A91F303002A04
:103BB000397F02911B0100F0F300F8367F220031BB
:103BC000641A4B3AA10D0054000100F000F8049172
:103BD00015000014E103132A020080D2E00314AAA6
:103BE000681D0094FA0300AAE00318AA7425009443
:103BF000E20300AAE10318AAE0031AAA59250094D7
:103C000020090035E2030291E103132AE00314AA1C
:103C1000FF3F00F96FFFFF97A0000034000100F0A4
:103C200000A40291E03F00F9C3FFFF17FC4340F9F5
:103C3000000100F000681591E1031CAAE12A00943C
:103C4000020100F0E343029142180391E103132AB9
:103C5000E00314AA231E0094000200B4E19340B9CB
:103C60003F100071A1010054000040B96001003410
:103C7000000100F0004C0391D22A009460E304910B
:103C8000C5050094E103132AE00314AAAC1C0094B8
:103C9000F303002AC9FFFF17E3D30191E223029146
:103CA000E103132AE00314AA58FFFF9780000034B1
:103CB000000100F000740391DBFFFF17FA3F03914E
:103CC000E4C301915AE77A92E2031CAAE3031AAA19
:103CD000E103162AE00315AA60FFFF978000003475
:103CE000000100F000EC0391CFFFFF17E2034E2923
:103CF0005F00006B80000054000100F00058049148
:103D0000C9FFFF17E14740F9427C4093E0031AAA3C
:103D1000AB25009440FBFF34000100F000A40491A7
:103D2000C1FFFF17E06F40B9E0FAFF34E00319AAC2
:103D300023250094E10319AAE20300AAE0031AAACA
:103D40000825009400FAFF35440A40F9E6E30191A2
:103D5000E30316AAE20315AAE103132AE00314AA57
:103D600005008012F9010094A0F8FF34000100F072
:103D700000EC0491C3FFFF17200080527FFFFF1764
:103D8000FD7BBDA9FD030091E4B30091F30B00F9A5
:103D9000F30300AA9E1F0094A00000B5E02F40B9D5
:103DA000F30B40F9FD7BC3A8C0035FD6E10300AA73
:103DB000E00313AA90FEFF97FAFFFF17FD7BBDA952
:103DC000FD030091F35301A9F40300AA130080D26C
:103DD000F55B02A9350100D0B5E2289160EA7BD3FA
:103DE000B66A60F8E00316AAF5240094E10314AA69
:103DF000E20300AAE00316AADA240094A001003529
:103E0000E00316AAEE240094806A60381FB00071A7
:103E100001010054A016138BF35341A9F55B42A98D
:103E2000FD7BC3A8C0035FD6330080D2ECFFFF1731
:103E3000D3FFFFB4000080D2F8FFFF17FD7BBDA9C0
:103E400081058052FD030091F35301A9F51300F998
:103E5000D1240094E00000B5130080D2F51340F99E
:103E6000E00313AAF35341A9FD7BC3A8C0035FD6A7
:103E70001404009153010090550100907362189151
:103E8000B5421A917F0215EB82FEFF54600240F9A1
:103E9000E10314AAAA24009420FEFF3473A2009127
:103EA000F9FFFF17FD7BBDA9FD030091F35301A9A5
:103EB000F51300F9E00000B5130080D2F51340F9C6
:103EC000E00313AAF35341A9FD7BC3A8C0035FD647
:103ED000F50300AA530100B0540100B073621891B9
:103EE00094A218917F0214EB82FEFF54600240F905
:103EF000E10315AA9224009420FEFF34734200913E
:103F0000F9FFFF17FD7BBAA9FD030091F35301A947
:103F1000F30300AAF55B02A9F50301AAF76303A95D
:103F2000F80305AAF96B04A9200440B90100A252C4
:103F30000008C05A1F00016B89010054000100F005
:103F40003600805200840691A00000F9F35341A985
:103F5000E003162AF55B42A9F76343A9F96B44A96C
:103F6000FD7BC6A8C0035FD6F703022AFA0303AAA3
:103F7000F903042AE2630191E103172AE00315AA79
:103F800094FEFF97F603002AC0000034000100F001
:103F900000A4029116008012000300F9ECFFFF1745
:103FA000E103172AE00315AA030080D2020100F002
:103FB00042D806914B1D0094F40300AA600000B59E
:103FC000140100F094620691020F80D20100805229
:103FD000E00313AAAD240094E103172A030080D262
:103FE000E00315AA020100F042F806913D1D00947D
:103FF000600600F9E02F40F9750E00F9772200B94C
:10400000601600F96EFFFF97601A00F9E02F40F983
:104010008BFFFF97602200F9E00314AAA2FFFF972D
:10402000601E00F9620640F97A2600F9E12F40F996
:10403000795200B9000100D000300791E1290094C5
:10404000601A40F9600000B4602240F900F8FFB542
:10405000000100D000480791CFFFFF17E50300AA39
:10406000E00303AA830000B4040080525F00046BE5
:104070004C000054C0035FD6260080B984040011B0
:104080002120009163400091A600068B66001FF876
:1040900026C05FB866801FB8F5FFFF170CA482D258
:1040A000FF632CCBFD7B01A9FD430091F35302A9D3
:1040B000F30300AAF55B03A9F60305AAF76304A9B5
:1040C000F96B05A9FB7306A9BF0000F9A19700B918
:1040D000A29F00B9E203012AE10300AAA0C3029152
:1040E00089FFFF9740010035A19740B9A393029142
:1040F000A2A30291E00313AA44FEFF97E00100345B
:10410000000100D000740391C00200F90000801289
:10411000BF4300D10CA482D2FD7B41A9F35342A935
:10412000F55B43A9F76344A9F96B45A9FB7346A95D
:10413000FF632C8BC0035FD6A19F40B9020080D2E1
:10414000BA431491E00313AAB54B14910D1C0094CB
:10415000A04700F9010100D0E0031AAA21B8079195
:10416000F1230094A44740F9E00315AA030100D00D
:10417000020100D063C0079142000891C1FF81D2C3
:10418000BAFB00F93E290094140C00119F064071FF
:104190002C0C0054A19F40B9E00313AAB5FF00F90D
:1041A00055008052611C0094F803002A000100D0E1
:1041B00000180891A03B00F9000100D000480891C8
:1041C000A03700F9BF9B00B9F800F836A09B40B9B2
:1041D000C0120035A14740F9000100D00024099128
:1041E0004C000014A2A30491E103182AE00313AACF
:1041F000030080D2A71C0094A09740F9200300B4CC
:10420000A13B40F9CE230094C0020034A13740F90D
:10421000A09740F9CA23009440020034A09740F9C7
:10422000010100D021740891C5230094A00100343D
:10423000A29740F9E00313AAA19F40B91B00805246
:10424000241E0094A09300B9000100D000A80A9198
:10425000A04300F9A09340B91F001B6BCC00005491
:10426000E103182AE00313AA3E1C0094F803002A75
:10427000D6FFFF17A29740F9E3031B2AA19F40B97D
:10428000E00313AABFFEFF97F903002AA00CF8373A
:10429000BF8E01710C0400540000825257C3348B4E
:1042A0000300144BE20317AAE103192AE00313AA3F
:1042B000211D00940003F837E00317AAC0230094DF
:1042C000A1C3079100040011BC0600119402000B69
:1042D000E00313AA37D835F8E103192AF5031C2A9D
:1042E0001C008052091B0094F703002AB701F8361E
:1042F0001C060035E103192AE00313AA020080D24C
:10430000A01B0094E10300AA000100D000940891D2
:104310002C290094000100D0008C09917BFFFF172D
:10432000E103172A020080D2E00313AA951B009430
:10433000A03F00F9A04340F9A1230094E20300AAA2
:10434000A08747A987230094A0020035BF8E017182
:104350002CFEFF5440C3348BA03F00F90000825272
:1043600042C3348B0300144BE103172AE00313AA62
:10437000F11C009400FDFF3740C3348B9023009460
:10438000A1C307910004001142C3348B9C070011A4
:104390009402000B22D835F8B5060011E103172A64
:1043A000E00313AAE61A0094F703002AD0FFFF17D0
:1043B000E103192AE00313AA020100D0420809917F
:1043C000C91B0094E103002A1F040031400200547D
:1043D00020FAFF37BF8E0171ECF9FF5400008252C2
:1043E00057C3348B0300144BE20317AAE00313AA4C
:1043F000D11C009400F9FF37E00317AA7023009442
:10440000A1C30791000400119402000B37D835F8BE
:10441000B5060011A09B40B900040011A09B00B993
:104420007B0700118CFFFF1775F7FF37F7008052ED
:10443000A7A30491E203152AA1C30791B77E171B16
:1044400084008052E30000F063801D91E05200116F
:10445000F74E0011E603172A007C7D93003C009183
:1044600000EC7C92FF6320CB00198052F84300914E
:10447000E50318AAE00300B9E00313AAFF0B00B993
:10448000D9FBFF97F403002A1F0000718A00005433
:10449000000100D000080A911CFFFF1781000054A2
:1044A000000100D0007C0A9118FFFF17FF02006B8B
:1044B0008C000054000100D000BC0A9113FFFF17CC
:1044C000A19740B9020100D0E00313AA42140B9156
:1044D000030080D2031C0094400100B4837E7D93CE
:1044E000610E40B902CF348B940600112108C05AE6
:1044F000016B23B8000440B90008C05A400400B959
:10450000FFD334CBE10318AAE7430091E203142A56
:10451000E30307AAE00313AAD1FEFF97A07B40F9AB
:10452000E10307AAA35740F9051040F9A0C302917F
:10453000A4A740B9A0003FD6C0DEFF34000100D0E0
:1045400000500B91F1FEFF17FD7BB2A9FD03009116
:10455000DF0000F9F35301A9F40300AAF30306AA4C
:10456000F55B02A9F503012AF60303AAE30304AAF3
:10457000E403052AE50306AAF71B00F9F70302AADC
:10458000E203012AE10300AAE0A301915EFEFF9786
:1045900040010035E3330191E2430191E103152A23
:1045A000E00314AA19FDFF9740010034000100D078
:1045B00000740391600200F900008012F35341A9D6
:1045C000F55B42A9F71B40F9FD7BCEA8C0035FD67F
:1045D000E05740F9F72F00F9E32B40F9F66300B9F3
:1045E000051040F9E1630191E44F40B9E0A3019166
:1045F00022008052A0003FD620FEFF34000100D0F0
:1046000000500B91ECFFFF17FD7BB7A9FD03009154
:10461000F35301A9F40300AA20008052F55B02A91C
:10462000160100D0D67E0291F76303A9F50304AA10
:10463000F803012AF96B04A9F70305AA01008052C7
:10464000FB7305A9A00000B9E00304AAE20F07A9C3
:10465000E20316AA241B0094A001F837E103002A04
:104660001A0100D0E00315AA1B0100D0271A0094FC
:104670005AF70B91F303002A7BEF04911900805243
:10468000B300F83659000034FF0200B90000805230
:1046900030000014E2031AAAE103132AE00315AA6A
:1046A000030080D28F1B0094400A00B4010100B0C7
:1046B00021482891A2220094C0090035000100F091
:1046C00000D81B91E103182AE04700F9E00314AA7F
:1046D0000E1A0094FC03002AA004F8361F200031B3
:1046E00004184B3A41020054160100D0D6FA049146
:1046F000E1031C2A020080D2E00314AAA11A00944C
:10470000E103182AF70300AA020080D2E00314AAEA
:104710009C1A0094E30300AAE20317AA000100D048
:10472000E10316AA0068059126280094020080D2B1
:10473000E103132AE00315AA921A0094E10300AAE8
:10474000000100D000180C911E2800940000801277
:10475000F35341A9F55B42A9F76343A9F96B44A957
:10476000FB7345A9FD7BC9A8C0035FD6020080D2B8
:10477000E1031C2AE00314AA821A00940108805263
:10478000E03700F984220094E00300B5E00316AAA4
:104790008B220094E20300AAE10316AAE03740F955
:1047A0007022009460010035E20F47A9E6230291D0
:1047B000E40315AAE1031C2AE00314AA05008012F1
:1047C00062FFFF97E0000034E0031BAAF2020094AE
:1047D000E1031C2AE00314AAD9190094BEFFFF17B5
:1047E00039070011000100D000E00491EA020094B2
:1047F000E103132AE00315AAD1190094F303002A58
:10480000A0FFFF17160100D0D6A20B91B9FFFF172A
:10481000FD7BB8A9020080D2FD030091F35301A9EA
:10482000F40300AAF55B02A9F603012AF76303A9C2
:10483000F96B04A9FB7305A9550A40F9511A0094B4
:1048400001088052F30300AA53220094E00000B450
:10485000000100D0E10313AA00C00C91D9270094F5
:10486000000080120A000014170100D0F77E0291A8
:10487000E20317AAE00315AA010080529A1A0094D5
:10488000F303002A2001F83600008052F35341A9B7
:10489000F55B42A9F76343A9F96B44A9FB7345A9EA
:1048A000FD7BC8A8C0035FD6E103002A020100D047
:1048B000E00315AA42580D91030080D2091B009411
:1048C000A00800B4010100B021D41C911C22009466
:1048D0001F000071FA079F1AE103132AE00315AACB
:1048E0008A190094F303002A000100D000F40B9110
:1048F0001900805218008052E03300F9000100D006
:1049000000EC0491E03700F9930AF837E23340F9FC
:10491000E103132AE00315AA030080D2F11A0094E0
:10492000A00A00B4010100D021900D91042200944E
:10493000200A0035000100D000A40D9139070011B4
:10494000E103162AE03F00F9E00314AA6F1900946E
:10495000FB03002A4004F8361F20003104184B3AAC
:1049600081000054000100D000F80491E03F00F9FC
:10497000FC3F40F9E1031B2A020080D2E00314AAA5
:10498000001A0094FB0300AAE103162A020080D259
:10499000E00314AAFB190094E2031BAAE30300AA94
:1049A000E1031CAA000100D000180E918527009495
:1049B0003A060034E103132AE00315AA020080D26C
:1049C000F0190094E10300AA000100D000180C9136
:1049D000A3FFFF173A008052C0FFFF17E1031B2A15
:1049E000020080D2E00314AAE6190094FC0300AA96
:1049F000E00317AAF2210094E20300AAE10317AA38
:104A0000E0031CAAD721009460010035E5E3019181
:104A1000E403132AE30315AAE203162AE1031B2A7F
:104A2000E00314AA9EFDFF97E0000034E03740F950
:104A300059020094E1031B2AE00314AA40190094D0
:104A4000C4FFFF17000100D01807001100E0049117
:104A5000510200941A0100353F030071001B407A97
:104A600041F1FF54000100D000E40E91552700945D
:104A70007CFFFF17E103132AE00315AA3019009405
:104A8000F303002AA1FFFF17FD7BBBA9010100D0A2
:104A900021C00791FD030091F35301A9F40300AA7B
:104AA000F55B02A9F76303A9161B0094A003F8376E
:104AB000E3330191020100D042740891F303002A0C
:104AC000E103002AE00314AA861A0094180100D01A
:104AD000E103132AF60300AA181B0891E00314AAA5
:104AE0000A190094F303002A35008012D301F83725
:104AF000E3330191E20318AAE103132AE00314AAA5
:104B0000781A0094F70300AAA00100B501010090F3
:104B1000000100D021902F9100B80F912927009417
:104B2000B5028012F35341A9E003152AF55B42A9AF
:104B3000F76343A9FD7BC5A8C0035FD6560100B447
:104B4000020080D2E103132AE00314AA8D19009415
:104B5000E10300AAE00316AA792100941F00007166
:104B6000B512931AE00317AA76EDFF97C000003440
:104B7000E103132AE00314AAF1180094F303002AB6
:104B8000DBFFFF17F503132AE7FFFF17220C40395D
:104B9000240440B9230C4039210000CB4200040B0F
:104BA000210400D14200038B4100018B021C4039DB
:104BB000200080520020C21A00040051007C409363
:104BC000200000AA000003CB00040091C0035FD6C0
:104BD000FD7BBBA95F000071FD030091F35301A9A8
:104BE000F55B02A9F603002A60008052F76303A96F
:104BF0004210801A20008052549640F91820C21AA0
:104C00000220C21AF703012A93220091F50303AA96
:104C1000840A40B98400138B800400D10000028B09
:104C2000E20302CB0000028A000004EB20010054E2
:104C300001200051E32301910200805200008052C4
:104C4000E4FFFF97C0020035840A40B98400138B4B
:104C5000F3060051800E40B97302180BF803184B8D
:104C60007302180A737E4093730214CB7302048B91
:104C70001F0013EBE2010054E103172A000100D0EA
:104C800000481091CF260094810A4129000100D0EC
:104C900000BC1091CB26009460038012F35341A90D
:104CA000F55B42A9F76343A9FD7BC5A8C0035FD6A6
:104CB000800A40B9D6020532E203172A0100805269
:104CC0009802008B966A20B8D67E1853170700B951
:104CD0000003168B6D210094930A00B900008052E6
:104CE000B80200F9EEFFFF17459640F9A50300B49E
:104CF000A1184039A20840B95F00016B2903005494
:104D0000E703002AA100218BE603022AC10200B4B6
:104D1000200040B9005C00121F00076B40020054E5
:104D2000FD7BBFA9FD03009105000014200040B9E0
:104D3000005C00121F00076BE0000054E00305AAAE
:104D400093FFFF971F0006EB22010054A100008B88
:104D5000E1FEFFB5E00301AAFD7BC1A8C0035FD659
:104D6000010080D2E00301AAC0035FD6010080D217
:104D7000F9FFFF17FD7BBDA9E903002AE803022A1A
:104D8000FD030091EA03032AF30B00F9F30301AAE0
:104D9000D6FFFF97E01700F9C00100B4E800003526
:104DA000E01740F9600200F900008052F30B40F96F
:104DB000FD7BC3A8C0035FD6010440B93F00086B68
:104DC00000FFFF54600200F980038012F8FFFF1714
:104DD000E3A30091E2030A2AE103082AE003092A77
:104DE0007CFFFF97E0FDFF34F1FFFF17FD7BBFA9BC
:104DF000E80301AAFD030091BCFFFF97A00000B4E7
:104E0000010440B9010100B9010C40390000018BD7
:104E1000FD7BC1A8C0035FD6FD7BBEA9E903012AC3
:104E2000FD030091E1730091F1FFFF9789000034C9
:104E3000E11F40B93F00096B00009F9AFD7BC2A8AB
:104E4000C0035FD6FD7BBEA9E203012A03008052A6
:104E5000FD030091E1630091C7FFFF97C00000359B
:104E6000E00F40F9010C40390000018BFD7BC2A826
:104E7000C0035FD6000080D2FDFFFF173F5C0071CA
:104E800069040054FD7BBDA9FD030091F35301A902
:104E9000F30300AAF55B02A91F0840F2C103005406
:104EA000F403032AF503012AF603022A01008052C3
:104EB000020380D2F5200094200080526016003951
:104EC00000038052601A0039602196529F020071DF
:104ED000E041A972600200B9000380527F120039DC
:104EE000600A00B9600080529412801A741E003962
:104EF00075DA012900008052539600F9F35341A955
:104F0000F55B42A9FD7BC3A8C0035FD66003801296
:104F1000C0035FD6A0018012F9FFFF17FD7BBEA979
:104F2000FD030091F30B00F9F30300AA020040B95E
:104F300060219652E041A9725F00006B8104005429
:104F4000601640391F040071A1030054600E40B97F
:104F5000A0030034610000341F00016B48030054BB
:104F6000610A40B91F00016B23030054601A4039E5
:104F70001F600071C1020054E00313AA28210094AD
:104F8000611240392000200B021C00123F00206BF0
:104F900000010054000100D0003011910926009456
:104FA00080008012F30B40F9FD7BC2A8C0035FD6DE
:104FB00000008052539600F9FBFFFF17800B801210
:104FC000F9FFFF1740038012F7FFFF172000801240
:104FD000F5FFFF17FD7BBEA9FD030091F30B00F960
:104FE000539640F9E00313AA610A40B90C210094DA
:104FF000611240392000200B6012003900008052FD
:10500000F30B40F9FD7BC2A8C0035FD6409640F980
:10501000C0035FD6FD7BBEA9FD030091E063009154
:10502000FF0F00F9BBF1FF97E0000035401A40F98F
:10503000000069B2401A00F900008052FD7BC2A84E
:10504000C0035FD6010084D222008012E100A0F2EA
:10505000000100B0007C1191E10F00F9D925009406
:10506000E00F40F90300805202008052010082529A
:1050700083FFFF9740FEFF35EDFFFF17401A40F911
:105080004000B837E4FFFF1700008052C0035FD62E
:105090003F0000F1612196D2E141A9F22100C0F266
:1050A000400041FAA1020054FD7BBDA901008052DD
:1050B000FD030091F30B00F9F30300AAE00303AA38
:1050C00097FFFF97E903002A00010035E1B3009143
:1050D0002000805246FFFF971F0013EB6000005432
:1050E000890080125F9600F9F30B40F9E003092A6A
:1050F000FD7BC3A8C0035FD689008012E003092AA4
:10510000C0035FD6010040F93F1440F2A1000054F3
:10511000010041A93F0000EBE0179F1AC0035FD6D2
:1051200000008052FEFFFF17FD7BBEA9FD0300912A
:10513000F35301A9F30300AAF40304AA010400A98C
:10514000810400D12100028B020800F9032000B97C
:105150002108C49A217C049B010C00F9A0003FD6D1
:1051600060010035610E40F9E00314AA7503009454
:10517000600600F9000200B4612240B981000036E7
:10518000610240F9620A40F95A200094610E40F928
:10519000600640F921FC009121E47A922100008B05
:1051A00059F1FF9700008052F35341A9FD7BC2A83B
:1051B000C0035FD660018012FCFFFF17050000905E
:1051C000040880D2A5100491D8FFFF17FD7BBEA96B
:1051D000FD030091F30B00F9F30300AA002040B98E
:1051E000E0000836610E40F9600640F921FC0091AC
:1051F00021E47A922100008B42F1FF97600640A9DA
:105200003F0000EBE0000054622240B96200083623
:10521000620A40F937200094600640F9FB000094D0
:10522000F30B40F900008052FD7BC2A8C0035FD69B
:10523000427640F9001C00120201F8B743040091C5
:10524000437600F9030086D24108C39A2188039B64
:1052500021B8419120000039C0035FD6E40300AAC1
:10526000407640F94000F8B6C0035FD68000403970
:1052700040000035C0035FD6FD7BBFA9FD03009150
:1052800084040091EBFFFF9780004039A0FFFF35B9
:10529000FD7BC1A8C0035FD6C2F74FF042A00791C3
:1052A00040D860F8022040F9F00302AA00021FD69D
:1052B000FD7BBDA9FD030091F35301A9F303002A6F
:1052C000F51300F9401A40F940030836C0F74FF0D3
:1052D00000A00791351C0012F40302AA00D873F84D
:1052E000010040B9A1011036003040F9F5300094BA
:1052F0001FC40171E0179F1ABF02006BA101005487
:10530000F51340F9E10314AAE003132AF35341A96A
:10531000FD7BC3A8E1FFFF1700200091010100F011
:1053200021041491861F00941F000071F2FFFF17E3
:10533000F35341A9F51340F9FD7BC3A8C0035FD621
:10534000920200B4041C0012401A40F96000D837E1
:10535000E003042AB7FFFF17E0000836C0F74FF05C
:10536000E103042A00F840F9021C40F9F00302AA04
:1053700000021FD6FD7BBFA9E003042AFD030091B4
:10538000ACFFFF97FD7BC1A8E003042A625D001417
:10539000C0035FD6F20100B4411A40F94100D8378A
:1053A000AFFFFF17E50300AA81000836E10300AA5A
:1053B00020008052B9FFFF17FD7BBFA9FD030091BC
:1053C000A7FFFF97FD7BC1A8E00305AA575D001466
:1053D000C0035FD60C0686D2FF632CCB050086D2B5
:1053E000E40312AAE2A30091030080D2FD7B00A98E
:1053F000FD030091F30B00F9537640F97F0205EBB2
:1054000073A2859A730E40D1817440F93F0013EB6B
:10541000CC0100545F68233801008092817400F948
:105420001F04007120020054E00302AADAFFFF9774
:10543000537600F90C0686D2FD7B40A9F30B40F9A8
:10544000FF632C8BC0035FD6610AC59A21CC059BF4
:105450007306009121B841912100403941682338F9
:1054600063040091E9FFFF170100805291FFFF974D
:10547000F0FFFF17FD7BBFA9FD030091401A40F923
:10548000000065B2401A00F900008052D2FFFF9779
:1054900000008052FD7BC1A8C0035FD6FD7BBDA983
:1054A000C1F74FF0FD030091F51300F9D5F74FF068
:1054B000F35301A9B3EA40F921F040F91400138B2A
:1054C0003F0014EB08020054C1F74FF021EC40F903
:1054D0003F0014EB83010054A000F8B6E20300CBB8
:1054E00001008052E00314AA681F0094E00313AA8D
:1054F000B4EA00F9F35341A9F51340F9FD7BC3A8C1
:10550000C0035FD600008092FBFFFF17E20301AAF1
:10551000C1F74FF00400028B20F000F9C1F74FF003
:1055200024EC00F9C1F74FF020E800F901008052A7
:10553000561F0014FD7BBDA9FD030091F51300F972
:1055400035010090B5222A91F35301A9A10A40F92F
:10555000340440F994F67E92937E3F91730200CB1F
:1055600073CE7492730640D17FFE3FF10D03005459
:10557000000080D2CAFFFF97A10A40F92100148BD6
:105580001F0001EB41020054E00313CBC4FFFF975F
:105590001F0400B161020054000080D2C0FFFF97D9
:1055A000A20A40F9010002CB3F7C00F10D0100543A
:1055B00023010090210040B2410400F9633C45F909
:1055C000000003CBC3F74FF0608C01B9000080529C
:1055D000F35341A9F51340F9FD7BC3A8C0035FD67F
:1055E000A00A40F9C1F74FF0940213CB940240B2E5
:1055F000140400F9208C41B90000134B208C01B930
:1056000020008052F3FFFF17411A40F9E1094836A4
:10561000C00900B406805FF8034000D12401009067
:1056200084202A91C1F87F92C60040926500018BC8
:10563000870840F9A20440F942F47E92BF0007EBCC
:10564000610200542200028BE60000B500005FF802
:10565000630000CB4200008B610041A9200C00F9DF
:10566000010800F9400040B2600400F920010090F8
:10567000830800F9004045F95F0000EB6306005421
:10568000C0F74FF000E440F9ABFFFF17A20400F9A8
:10569000860100B500005FF826010090C6602A91DF
:1056A000630000CB2100008B600840F91F0006EB6F
:1056B000E0040054660C40F9060C00F9C00800F93B
:1056C00000008052A600028BC60440F96601003734
:1056D0002100028BA20840F9E0030035260100906A
:1056E000C6602A915F0006EB61030054830C02A997
:1056F00020008052620801A9220040B2620400F931
:10570000616821F8200200353FFC07F1C80200540F
:1057100021FC43D322008052207C0213210400117B
:105720004220C01A21781F53800440F981CC218B7C
:10573000000002AA800400F920045FF8600401A9B7
:10574000230800F9030C00F9C0035FD62000805243
:10575000DDFFFF17A50C40F9450C00F9A20800F980
:10576000E6FFFF1722FC49D33FFC27F168020054F3
:1057700020FC46D300E000110204001142781F53C0
:1057800082CC228B45045FF85F0005EB4104005496
:10579000007C0213210080522120C01A800440F9AD
:1057A000000001AA800400F9650801A9430800F976
:1057B000A30C00F9E5FFFF175F5000F168000054EB
:1057C000406C0111EDFFFF175F5001F1880000549C
:1057D00020FC4CD300B80111E8FFFF175F5005F122
:1057E0008800005420FC4FD300DC0111E3FFFF17B9
:1057F00020FC52D35F5415F100F00111C20F80520A
:105800000030821ADDFFFF17A50840F95F0005EBA5
:10581000A0000054A00440F900F47E923F0000EB89
:1058200043FFFF54A20C40F9E0FFFF17421A40F972
:105830004200483749020014E10300AAC2F74FF0C2
:10584000C0F74FF042EC40F900F040F9000002AA26
:10585000600100B5000080D2C0035FD6000080D296
:10586000F35341A9F55B42A9F76343A9F96B44A936
:10587000FB2B40F9FD7BC6A8C0035FD63F0050F16B
:10588000A8FEFF54FD7BBAA9215C00913FB800F14E
:10589000FD030091F35301A93401009094222A9151
:1058A000F55B02A9F76303A9F96B04A9FB2B00F9C7
:1058B0002903005435EC7C92BFDE07F1A8050054A3
:1058C000A1FE43D32204001142781F5382CE228BC3
:1058D000434000D1400440F91F0003EB8100005415
:1058E000400C40F95F0000EBA0010054018C40A97E
:1058F000020C40F921F47E92620C00F90100018B48
:10590000430800F9220440F9420040B2220400F9A1
:1059100016000014150480D2EAFFFF1721080011B9
:10592000801240F925010090A5602A911F0005EB27
:10593000600B0054020440F942F47E92440015CBFF
:105940009F7C00F1ED0700540300158BA10240B2CB
:10595000010400F9810040B2830E02A9619400A9FC
:10596000650C00F9046822F800400091BDFFFF17A4
:10597000A0FE49D3000500B41F1000F148020054F6
:10598000A1FE46D321E000112204001142781F53EA
:1059900082CE228B424000D1400C40F91F0002EB26
:1059A000E0000054030440F963F47E92650015CBD7
:1059B000BF7C00F14D03005421040051210400116B
:1059C000D8FFFF171F5000F168000054016C01114F
:1059D000EEFFFF171F5001F188000054A1FE4CD3C9
:1059E00021B80111E9FFFF171F5005F1880000548D
:1059F000A1FE4FD321DC0111E4FFFF17A1FE52D31A
:105A00001F5415F121F00111C00F80522130801A6E
:105A1000DEFFFF17E1078052DCFFFF17040C40F99F
:105A2000C500F8B7010840F9240C00F9810800F915
:105A30000100038BB4FFFF17E00304AAD8FFFF1790
:105A4000851602A9C400F8B70200028B410440F990
:105A5000210040B2410400F9C4FFFF17870640F956
:105A60005FFC07F1280C005442FC43D32300805212
:105A7000447C02134204001142781F536320C41A6D
:105A8000630007AA830600F982CE228B43045FF8E5
:105A9000030801A9400800F9600C00F9207C0213FA
:105AA000220080524220C01A800640F91F0002EBFB
:105AB000030400541F0002EAC100005421741E12A6
:105AC00042F87FD3211000111F0002EAA0FFFF540B
:105AD000E901809223040011E603012A63781F5331
:105AE00023CD238B8302038BE70303AAE00C40F949
:105AF0001F0007EBC10D0054C6040011E7400091E0
:105B0000DF0440F241FFFF543F0440F2C110005453
:105B1000800640F90000228A800600F9800640F9DC
:105B200042F87FD31F0002EB43000054021100B57E
:105B3000980A40F9170740F9F7F67E92E20215CB72
:105B40005F7C00F1EC150054C0F74FF03B01009072
:105B50001A03178B13E440F9603F45F9B302138B26
:105B60001F0400B1810F005473820091E00313AA57
:105B70004BFEFF97F60300AA1F0400B16013005408
:105B80005F0300EB690000541F0314EBE1120054A3
:105B9000D9F74FF0208F41B90000130B208F01B9C6
:105BA0005F0316EB010E0054800A40F9F302138BD9
:105BB000730240B2130400F9C1F74FF0208F81B98E
:105BC00022E040F91F0002EB4900005420E000F9F8
:105BD000C1F74FF022DC40F91F0002EB69100054BE
:105BE00020DC00F98100001444FC49D35FFC27F15C
:105BF0004802005443FC46D363E0001164040011E2
:105C000084781F5384CE248B86045FF89F0006EBB4
:105C100021040054637C0213220080524220C31AE4
:105C2000420007AA820600F9061001A9800800F9BF
:105C3000C00C00F99AFFFF179F5000F16800005454
:105C4000836C0111EEFFFF179F5001F18800005493
:105C500043FC4CD363B80111E9FFFF179F5005F1D6
:105C60008800005443FC4FD363DC0111E4FFFF17AD
:105C700043FC52D39F5415F163F00111C40F8052BD
:105C80006330841ADEFFFF17C60840F99F0006EB59
:105C9000A0000054C30440F963F47E927F0002EB3D
:105CA00048FFFF54C40C40F9E0FFFF17040440F91B
:105CB00084F47E92880015CB1F7D00F1CD01005445
:105CC000030840F9A10240B2010400F90200158B5B
:105CD000010C40F9610C00F9230800F9010140B200
:105CE000820A02A9419400A9450C00F9086824F829
:105CF0001EFFFF174801F8B70400048B810440F928
:105D0000210040B2810400F9010C40F9020C41F875
:105D1000410C00F9220800F9D2FEFF17000C40F9EF
:105D200074FFFF1760045FF8210400511F0003EBAC
:105D3000C0EEFF547AFFFF172110001142F87FD305
:105D40001F0002EAA0FFFF5463FFFF17E103062ACA
:105D5000FCFFFF17E00382D27302008B73CE7492B4
:105D600083FFFF17613F45F93F0400B1610500540F
:105D7000763F05F9C00E40F280000054010280D247
:105D8000200000CBD602008BD302138B000013CB74
:105D900073FE3F9173CE74927302008BE00313AADB
:105DA000BFFDFF971F0400B100020054218F41B9CD
:105DB000000016CB0000138B960A00F92100130B8C
:105DC000000040B2218F01B9C00600F91F0314EB97
:105DD00040EFFF54FF7E00F188020054800A40F932
:105DE000210080D2010400F9800A40F9020440F940
:105DF00042F47E92420015CB5F7C00F10DD3FF543C
:105E0000800A40F9A10240B2010400F90100158B9B
:105E1000810A00F9BDFEFF17DA021ACB00001A0B47
:105E2000208F01B9D4FFFF17000740F9F76200D1B6
:105E3000F7EE7C92210180D200004092000017AA68
:105E4000000700F90003178B018C00F8010400F92A
:105E5000FF7E00F129EBFF5400430091EBFDFF971B
:105E600056FFFF17FD7BBCA9FD030091F55B02A95E
:105E7000157C019BF60300AA20010090F71B00F996
:105E8000F35301A9174C45F9E00315AAF40640F9AC
:105E900067FEFF973605F8B7F30300AA200300B4A6
:105EA000411A40F9A1004837E20315AA01008052C7
:105EB000F61C00941300001401805FF8034000D129
:105EC00082F67E927F0017EB21F47E92420041FA27
:105ED0004230819A422000D15F2001F188FEFF54B8
:105EE0005F9C00F1A90000541F7C00A95FDC00F159
:105EF00048010054004000911F7C00A91F0800F9D0
:105F0000F55B42A9E00313AAF35341A9F71B40F93B
:105F1000FD7BC4A8C0035FD61F7C01A95F2001F1EF
:105F20006000005400800091F4FFFF1700C0009152
:105F30007F7E02A9F1FFFF17130080D2F1FFFF1748
:105F4000FD7BBCA9FD030091F35301A9F55B02A9F8
:105F5000F71B00F93F0050F108060054421A40F9BF
:105F6000C2004837F35341A9F55B42A9F71B40F93A
:105F7000FD7BC4A87B000014F40300AAF70301AA68
:105F80001F4000F1E8000054F35341A9E00301AAC7
:105F9000F55B42A9F71B40F9FD7BC4A824FEFF175F
:105FA000000480D2215C00919F0200EB36EC7C92D1
:105FB0009422809A3FB800F1D682809A8002008BAA
:105FC0000000168B1AFEFF97E20300AA400300B5FB
:105FD000E00317AA16FEFF971508D49AF30300AA48
:105FE000B582149BD50100B488FDFF97950215CBAF
:105FF000E002158B0EFEFF97E20300AAE00000B45A
:106000000108D49A2180149B810201CBBF0201EBCD
:10601000220100547DFDFF97130080D2F55B42A959
:10602000E00313AAF35341A9F71B40F9FD7BC4A871
:10603000C0035FD64008D49A534000D10088149B17
:10604000800300B4E003144B950600D15500158B76
:10605000007C4093B502008AB54200D1A00213CB68
:106060001F7C00F148000054B502148B610640F912
:10607000A30213CB21F47E92210003CB200040B277
:10608000A102018BA00600F9200440F9000040B2F3
:10609000200400F9E00302AA610640F921004092C1
:1060A000210003AA610600F9F30315AA57FDFF9723
:1060B000610640F921F47E92210016CB3F7C00F16D
:1060C0004D0100546002168B210040B20040009147
:1060D00001801FF8610640F921004092210016AAB4
:1060E000610600F949FDFF9773420091CCFFFF174D
:1060F000458E40F9227C4093432641B9E20302CB0E
:1061000063C0218BA10400D16300018B010005CB8A
:106110006300028A422241B92100038B3F4022EBF7
:1061200029010054FD7BBFA900010090000C1291D1
:10613000FD030091A3210094000080D2FD7BC1A843
:10614000C0035FD6211C0011E00303AA21701D12B9
:10615000412601B9C0035FD621008052E5FFFF1739
:10616000E20300AAE00301AAE103022AE1FFFF170C
:10617000419E40F9610000B421E000D1410000B52A
:10618000C0035FD61F0001EB60000054211C40F9E2
:10619000F9FFFF17032040F902E00091011C40F9CC
:1061A000610000F9410000B4230400F91F1C00F94C
:1061B0005F0400F9F3FFFF17FD7BBDA9FD0300910C
:1061C000F35301A9F30300AAF40302AAF55B02A9A1
:1061D000F50303AAF60301AAE6FFFF97020A80D29D
:1061E00001008052291C0094765600A9000080D23C
:1061F000740A00F9A41C0094600E00F961E2009199
:10620000E00312AA429E40F9621E00F9420000B467
:10621000410400F9019C00F900E00491200400F918
:10622000F35341A9F55B42A9FD7BC3A8C0035FD628
:10623000920700B4411A40F941078837FD7BBCA999
:1062400021006FB2FD030091F35301A9F55B02A990
:10625000F76303A9539E40F9411A00F9330500B4CE
:106260001501009073E200D1B5AE1291177182D280
:1062700038008052730400B4761E40F9000080D2CA
:10628000811C0094F40300AA601A40F99F0200EBFD
:1062900024030054600A40F9610240F90000148BA5
:1062A000601A00F9E00313AA20003FD6601640F9F7
:1062B00000040091601600F9000080D2721C009466
:1062C000020014CB601240F90000028B601200F94A
:1062D0005F0017EB0901005460224139C00000370C
:1062E000610640F9E00315AA03718252352100943A
:1062F00078220139760000B4D3E200D1DEFFFF1727
:10630000401A40F900F86E92401A00F9F35341A97F
:10631000F55B42A9F76343A9FD7BC4A8C0035FD620
:10632000C0035FD6000840B91F00036B4C01005446
:10633000FD7BBFA9FD030091200040B9400000B9DA
:10634000E00301AAB1FCFF9700008052FD7BC1A8C9
:10635000C0035FD600008012C0035FD6FD7BBEA9DC
:10636000FD030091F30B00F9F30301AAE10302AA74
:10637000E203032A600240B9FE1A0094600200B9E9
:1063800000008052F30B40F9FD7BC2A8C0035FD62A
:10639000FD7BBEA9800080D2FD030091F30B00F9C4
:1063A000F30301AA22FDFF971F0000B9600200F964
:1063B00000008052F30B40F9FD7BC2A8C0035FD6FA
:1063C000000840B91F00036BCC010054FD7BBEA93F
:1063D000FD030091F30B00F9F30301AAE10302AA04
:1063E000E00313AACA110094E00313AA87FCFF97E5
:1063F000F30B40F900008052FD7BC2A8C0035FD6BA
:1064000000008012C0035FD6FD7BBFA9E00301AA94
:10641000E10302AAFD030091E203032AB9110094EB
:1064200000008052FD7BC1A8C0035FD6FD7BBEA9E2
:10643000000D80D2FD030091F35301A9F30301AADB
:10644000FBFCFF97F40300AA64090094740200F9AE
:1064500000008052F35341A9FD7BC2A8C0035FD660
:10646000000840B91F00036BCC010054FD7BBEA99E
:10647000FD030091F30B00F9F30301AAE10302AA63
:10648000E00313AACC080094E00313AA5FFCFF9773
:10649000F30B40F900008052FD7BC2A8C0035FD619
:1064A00000008012C0035FD6FD7BBFA9E00301AAF4
:1064B000E10302AAFD030091E203032ABB08009452
:1064C00000008052FD7BC1A8C0035FD6FD7BBEA942
:1064D000000D80D2FD030091F35301A9F30301AA3B
:1064E000D3FCFF97F40300AAD6020094740200F9CB
:1064F00000008052F35341A9FD7BC2A8C0035FD6C0
:10650000FD7BBCA9FD030091F35301A93401009068
:1065100094620A91F55B02A9F50300AAF60301AAA9
:10652000130080D2F71B00F9170780D2607E179BFB
:10653000816A60F8E00315AA011B00942001003570
:10654000737E379B7302148BD30200F9F35341A976
:10655000F55B42A9F71B40F9FD7BC4A8C0035FD6D9
:10656000730600917F0E00F121FEFF54800B801214
:10657000F7FFFF17FD7BBCA9FD030091F35301A9B1
:106580003301009073620A91F55B02A9F50300AA3A
:10659000F60301AAF71B00F9F70313AA14008052AF
:1065A000610240F9E00315AAE51A00946001003584
:1065B000611240F9210100B401078052945E219BD1
:1065C000D40200F9F35341A9F55B42A9F71B40F946
:1065D000FD7BC4A8C0035FD69406001173E200914E
:1065E0009F0E0071E1FDFF54800B8012F6FFFF1734
:1065F000FF0308D1E30300AA25FC43D320FC44D3C6
:10660000E6230091020080D2800100B5670040F9C6
:106610007F0000F9640040F9E40400B4E423009131
:10662000210080D2670000F9BF0001EB680100542F
:10663000FF030891C0035FD604F07DD3676864F858
:10664000C77822F8E70320AA4204009100FC419396
:10665000676824F8EDFFFF174204005126F07DD350
:1066600021F87FD387D862F8676826F8EFFFFF1715
:1066700080F07DD342040051696860F806D962F861
:10668000666820F8E60324AA84F87FD3DF0009EBCC
:1066900060010054BF0004EBC9FCFF5442040051E8
:1066A00081F07DD384F87FD306D962F8666821F83B
:1066B000F9FFFF17E8230091240080D2BF0004EB0C
:1066C00088FDFF54E00301AA670000F9D9FFFF1716
:1066D000FD7BBAA9FD030091F35301A9F40301AABC
:1066E000F55B02A9F60303AAF76303A9F80301AA5D
:1066F000210C0091F96B04A9FB7305A91A1840F944
:106700001B27403820E05F385C5F412900000052C1
:1067100033F05F3859001C4B3703174B1300332AF3
:10672000E2120051F70E0051E00318AA731E001286
:10673000427C4093221B009401CB7738F503002A5A
:10674000420F80B900C3378B7B03012A00040091FC
:10675000410B40F973021B2A731E0012181B009490
:10676000B502002AB502132AF5010035E10316AA85
:10677000827F409380C2398B111B00941F000071EF
:10678000810180120000811AF35341A9F55B42A9EF
:10679000F76343A9F96B44A9FB7345A9FD7BC6A820
:1067A000C0035FD6A0028012F8FFFF17FD7BB6A9D9
:1067B000FD030091F35301A9F55B02A9F76303A957
:1067C000F96B04A9FB2B00F9172440F9240FF837C3
:1067D000F60301AAE103042AF40300AAFB0302AAB8
:1067E000F503032AF303042AE00317AA030080D267
:1067F00002010090420002913A130094E10300AAC2
:10680000400100B5A0018012BF030091F35341A9DC
:10681000F55B42A9F76343A9F96B44A9FB2B40F947
:10682000FD7BCAA8C0035FD6801640F9441A0094C5
:10683000A0FEFF35E103132A03008052E00317AAEC
:1068400002010090429C13910B170094E103132A5C
:10685000030080520201009042D01391A09700B92A
:10686000E00317AA04170094A09300B9A3B3019101
:10687000E103132AE00317AA02010090420C1491CD
:1068800018130094A04700F9800000B4A06F40B92D
:106890001F1C007148000054BF4700F9E103132A90
:1068A000030080D2E00317AA180180520201009071
:1068B00042401491B89B00B90A130094E103132AD3
:1068C000030080D20201009042701491A04300F9AD
:1068D000E00317AA03130094A03F00F9A19740B961
:1068E00021F9FF34A24340F9E2F8FFB4C0F8FFB445
:1068F000802240F9F7030091824E43A9190840B95C
:106900005B0500B4DF0200F1441840FAE0040054D3
:10691000D30400B4210CD81A3F00156B2102005497
:10692000BF020871E8010054E003152A5A0840B973
:10693000003C0091A2C3019100707C920100805242
:10694000FF6320CBC0098052F8030091392F0094D7
:10695000E00000340001009000A81491991F0094F9
:10696000A0028012FF020091A8FFFF17A03B40F990
:10697000E4030091A3E30191E203152AE1031BAABA
:10698000D264009400FFFF35650640F9E4031A2A3B
:10699000E30316AAE203192AE10318AAE00314AAE2
:1069A000A0003FD6F0FFFF1780008012EEFFFF1718
:1069B0000001801295FFFF17FD7BB4A9FD03009134
:1069C000F35301A9F55B02A9F50300AAF60301AA96
:1069D000F76303A901008052F70302AAF96B04A927
:1069E00002010090F803032A192440F9427C029125
:1069F000E00319AA3C120094E007F837A45240B90A
:106A00009F04003160010054F35341A9E303182AA5
:106A1000F96B44A9E20317AAF76343A9E10316AA95
:106A2000E00315AAF55B42A9FD7BCCA860FFFF1728
:106A3000A30640F9F403002A810C80D2E06301919F
:106A400002010090425815910D1F0094E2630191DC
:106A5000E103142AE00319AA23120094E303182A7D
:106A6000E403002AFA03002AE20317AAE10316AAA4
:106A7000E00315AA4EFFFF97F303002AE00200345B
:106A8000FF5700B9E103142AE2530191E00319AA68
:106A9000F2100094F403002A0002F837E05740B9DE
:106AA0001F000071AD0100541F040071C1FEFF54AE
:106AB0009F021A6B80FEFF54E403142AE303182A92
:106AC000E20317AAE10316AAE00315AA38FFFF970D
:106AD000F303002A80FDFF35F55B42A9E003132A8A
:106AE000F35341A9F76343A9F96B44A9FD7BCCA8F3
:106AF000C0035FD633008012F8FFFF17FD7BBDA9EE
:106B0000FD030091F35301A9F30300AAF40303AAC0
:106B1000F51300F9F503042A002040F9030840B9F1
:106B2000607C4093003C009100EC7C92FF6320CBA2
:106B3000601A40F9040840B97F00046BEA00005471
:106B4000A0028012BF030091F35341A9F51340F94D
:106B5000FD7BC3A8C0035FD6040C40F9E30300919A
:106B6000000040F980003FD6C0FEFF37E303152A3E
:106B7000E20314AAE1030091E00313AA8FFFFF9739
:106B8000F1FFFF1702008052030080D2040040B9D9
:106B90009F00026B48000054C0035FD6050440F913
:106BA000245862B8A55862B8840005CB8300038BD3
:106BB000235822B84204001163FC6093F4FFFF17CE
:106BC000EA0302AAE80303AA03008052020040B9C4
:106BD0005F00036BC8000054020040B907008052F8
:106BE0005F00076B28020054C0035FD63F5823B8EC
:106BF00063040011F6FFFF17CC7C7ED3225866B8E1
:106C0000C60400114200048B04696CB86409A49B9B
:106C1000020440F942686CB82215A29B4540248BBF
:106C2000256823B80E000014FD7BBFA9FD03009169
:106C3000220040B9260080524B5967B8040140B980
:106C4000030440F9090440B96409A49B650040B9F4
:106C5000827C4092297D041B2509A59BC304005119
:106C6000020040B984FC60D3A5FC60D363F47ED3FA
:106C7000DF00026B23FCFF548400058B246823B8DB
:106C8000FF8344EB40000054BFFFFF97020040B970
:106C9000E70400115F00076BC8FCFF54FD7BC1A82F
:106CA000C0035FD6430400516500809221C8238B46
:106CB000030080D2647C059B246864B88408C05AB1
:106CC000047823B8630400915F00036B4CFFFF540A
:106CD000C0035FD6FD7BB4A9FD030091F35301A966
:106CE000F55B02A9F76303A9F96B04A9FB7305A976
:106CF000A33B00F9421400B4F603012AF50300AAED
:106D0000410840F9F40302AA404C4329B303142973
:106D1000010A00B4A0630291020180D275190094A7
:106D2000BC4F40F99C0FC0DABC5F00F9D3120034AD
:106D3000810640F9811200B4860240F9461200B47F
:106D4000600220511F002071E8110054737E05532A
:106D5000E203132A776A7ED3E33E009163647C9258
:106D6000FF6323CBFA030091FF6323CBF40300916D
:106D7000E0031AAAA34300F9B3A300B9BAD30AA93E
:106D8000C9FFFF97E00314AAE10306AAC6FFFF9715
:106D9000C0767E92E10315AA003C009100707C92BF
:106DA000FF6320CBE003162AF8030091E20300AA58
:106DB000A04700F9E00318AA4E190094F9030091C6
:106DC000A34340F9E21200D10203028BFF6323CBFD
:106DD000FB030091FF6323CBF6030091FF6323CBFA
:106DE000F5030091FF6323CBE003009163008092E1
:106DF000A04300F9000080D2017C039B416861B888
:106E00002108C05A617B20B8000400917F02006B0A
:106E100048FFFF549C0000B48413C0DA9FFC00F1CB
:106E2000C10100543F030091B4028012BF030091DE
:106E3000E003142AF35341A9F55B42A9F76343A980
:106E4000F96B44A9FB7345A9FD7BCCA8C0035FD6B1
:106E5000FC830032B5FFFF17BC7F00B95CFE07362C
:106E6000A0830291E30314AAE2031BAAE10316AA7A
:106E7000A43700F953FFFF97A04340F9E20317AA94
:106E8000D40780523C0080D21A190094A43740F9EC
:106E90009402044BE30316AAE20316AAE10315AA1F
:106EA000A0830291B402003546FFFF97730600519C
:106EB000E3031BAAE20315AAE10316AA41FFFF9709
:106EC000E20317AAE00315AA0A190094607E409312
:106ED000A27A60B8417B60B85F00016BC3020054C6
:106EE00088000054000400D11F04003121FFFF542A
:106EF000200080521100001432FFFF97A37F40B999
:106F00008223D49A7F00026AE0000054A34340F930
:106F1000E20315AAE10316AA2AFFFF97940600517F
:106F2000DDFFFF17E20317AAE00316AAF118009489
:106F3000FBFFFF170000805280000034E10315AA18
:106F4000A083029110FFFF97E10318AAA05A73B81B
:106F5000730600510008C05A204400B87F06003173
:106F600061FFFF54A03B40F93F030091A24740F965
:106F7000E10318AADF180094ADFFFF171401801277
:106F8000ABFFFF17B4018012A9FFFF175F0000716C
:106F90004D050054FD7BBCA9FD030091F35301A9ED
:106FA000F30301AAF403022AE1C30091F55B02A9ED
:106FB000F50303AA70FDFF97C0020035E01B40F9FE
:106FC000E1E30091021040F940003FD62002003575
:106FD0009406005116008052E00743A9620240F96E
:106FE000630A40B9051440F99F02166BAC010054C6
:106FF00024008052A0003FD6C0000035E00743A91E
:10700000E20315AA041840F9030840B980003FD6EE
:10701000F35341A9F55B42A9FD7BC4A8C0035FD629
:107020000400805273420091A0003FD620FFFF353C
:10703000D6060011E9FFFF17A0028012C0035FD639
:10704000216084D21F7C00A9A1E8ACF22171D5F2A5
:10705000A1F9FDF2010800F9C19F9BD24117B3F2DB
:10706000C18ECAF24106E2F2010C00F9013E9C52C7
:10707000417AB872012000B9C0035FD6C2B10034B2
:10708000FD7BB5A927338FD226749DD2FD030091D5
:10709000859B97D2C43A98D2420400514750ABF234
:1070A00026DBADF265E3B1F2444CB9F2F35301A92A
:1070B000F55B02A9F76303A9F96B04A9FB7305A9A2
:1070C000E27300B9220040392100019123105C389D
:1070D0002C305C3833705C38432003AA22205C38A3
:1070E0003AB05C3828D05C38624002AA23505C3841
:1070F0004C600CAA29105D388209C05AE2AF00B971
:1071000022405C388C09C05A38305D383E705D389A
:10711000432003AA22605C3831B05D3839F05C3816
:10712000624002AA23905C38536013AA620AC05AD4
:10713000E2AB00B922805C38730AC05A432003AA2C
:1071400022A05C38624002AA5A601AAA22C05C38A7
:10715000430BC05A5A0BC05A482008AA22E05C3898
:10716000024102AA28005D38596019AA220BC05AB0
:10717000390BC05A092109AA28205D38284108AADC
:1071800029505D38186118AA080BC05AE8A700B941
:1071900028405D38180BC05A092109AA28605D38BB
:1071A000284108AA29905D381E611EAAC80BC05A42
:1071B000E8A300B928805D38DE0BC05ADE03078BD8
:1071C000092109AA28A05D38284108AA116111AA3D
:1071D000280AC05AE89F00B928C05D3829D05D3818
:1071E00030F05D382F305E38092109AA28E05D387B
:1071F0002E705E382B905E38284108AA29105E3820
:10720000106110AA34D05E38080AC05AE89B00B951
:1072100028005E3836F05E3835305F38092109AA1B
:1072200028205E382DB05E38284108AA29505E38E3
:107230000F610FAA28405E38EA09C05AEF09C05A08
:10724000EF01078B092109AA28605E38284108AAA6
:107250000E610EAA28805E38C909C05A0B210BAAFC
:1072600028A05E38684108AA2BC05E380D610DAABF
:10727000A809C05AAD09C05A6B2114AA34E05E387F
:10728000AD01078B6B4114AA34105F38766116AAE2
:10729000CB0AC05AEB9700B92B005F38D60AC05A08
:1072A0006B2114AA34205F386B4114AA34505F3824
:1072B000756115AAAB0AC05AEB9300B92B405F3831
:1072C000B50AC05A6B2114AA34605F386B4114AA06
:1072D00034705F386B6114AA7409C05AF47700B92E
:1072E00034805F386B09C05A37905F381B70432970
:1072F000942217AA37A05F38944217AA37B05F3894
:10730000976217AAF40AC05AF48F00B9F40AC05A57
:1073100037D05F38F43F00F934C05F38942217AAA1
:1073200037E05F38944217AA37F05F38976217AAA0
:10733000F40AC05AF48B00B9F40AC05AF44300F9B5
:10734000141040B9F46300B9141440B9F46B00B9D7
:10735000F43340F9977E7BD3F46340B9947E1B539A
:10736000F70214AA74031C4AFC6B40B994021C0A6D
:107370001C1C40B994021C4AFC6340B9F402148BF3
:10738000172040B9F740378B9702178BF43740F935
:107390008C01178BF76B40B9947E62D3F77E025352
:1073A000940217AA770314CA9703170A9C7F025303
:1073B000F7021BCA7B03078BF302138B171C40B920
:1073C000F740378B7302178B977D1B53F7160CAA68
:1073D000F702138BF33340F9737E62D373021CAA56
:1073E0009C0213CA9C030C8A9C0314CA9402078B48
:1073F0009A031A8B5B031B8BFA7E1B535A1717AA2F
:107400005A031B8B9B7D02536C7B0CAA7B020CCA1C
:107410007B03178A7B0313CA7302078B7903198BCB
:107420003903148B547F1B5394161AAA9402198B98
:10743000F97E0253377B17AA990117CA39031A8AB2
:1074400039030CCA3803188B597F02531803138B66
:10745000937E1B53397B1AAA731614AA7302188BD6
:10746000F80219CA1803148A180317CA18030C8BD8
:107470006C7E1B531E031E8B987E0253187B14AA2E
:107480008C1513AA340318CA8C011E8B9402138A1C
:10749000940219CA9702178B340AC05A9402078BB8
:1074A000917D1B53F402148B31160CAA3102148BFC
:1074B000747E0253947A13AA130314CA73020C8ABB
:1074C000730218CA7702198B130AC05A7302078B0A
:1074D000307E1B53F302138B101611AA1002138B6C
:1074E000937D0253737A0CAA8C0213CA8C01118A01
:1074F0008C0114CA8C01188B8F010F8B0C7E1B53CF
:107500008C1510AA8C010F8B2F7E0253F17911AAD2
:107510006F0211CAEF01108AEF0113CAF401148B34
:10752000CF09C05AEF01078B8E7D1B538F020F8B43
:10753000CE150CAACE010F8B0F7E0253EF7910AA45
:1075400030020FCA10020C8A100211CA1002138BEB
:10755000937D02530D020D8BD07D1B53737A0CAAC1
:1075600010160EAA10020D8BED0113CAAD010E8A82
:10757000CC02078BAD010FCAAD01118BD17D025337
:10758000317A0EAAAD010C8B6E0211CA0C7E1B5310
:10759000CE01108A8C1510AACE0113CA8C010D8B56
:1075A000CE010F8B0F7E0253EF7910AAAD02078B2D
:1075B000CE010D8B30020FCA8D7D1B5310020C8A39
:1075C000AD150CAA100211CAAD010E8B1002138B5F
:1075D0006E01078B73010A4A10020E8BAE7D1B539E
:1075E000CE150DAACE01108B907D0253107A0CAAF5
:1075F000EC0110CA8C010D8A8C010FCA9101118B0C
:10760000EC3F40F98C01078B31020C8BCC7D1B5376
:107610008C150EAA8C01118BB17D0253317A0DAA03
:107620000D0211CAAD010E8AAD0110CAAF010F8B58
:10763000ED4340F9AD01078BEF010D8B8D7D1B53A1
:10764000AD150CAAAD010F8BCF7D0253EE790EAABA
:10765000EFAF40B96F000F4A6F020F4AF3FD5FD3DF
:107660006F060FAA33020ECA73020C8AD6020FCA23
:10767000730211CA7302108BF001078B7302108B17
:10768000B07D1B5310160DAA1002138B937D02536D
:10769000737A0CAAEC8F40B99401094AF7B35429C4
:1076A000F89740B94C000C4AE302034A8C020C4A9A
:1076B000FB7740B9FA67522994FD5FD38C060CAA78
:1076C000D40113CA94020D8AB5020CCA94020ECAE0
:1076D0009402118B9101078B9402118B117E1B5325
:1076E000311610AA3102148BB47D02538D7A0DAA83
:1076F000F48B40B99402084A8302034A74FC5FD3B6
:10770000830603AA74020DCA9402108A6B0103CA8D
:10771000940213CA94020E8B6E00078B94020E8B98
:107720002E7E1B53CE1511AACE01148B147E02534C
:10773000947A10AAF0A340B90202024AC20202CA15
:10774000F6A340B9507C1F53020602AAB00114CA26
:107750001002118A10020DCA1302138B5000078BFE
:107760007302108BD07D1B5310160EAA1002138BC0
:10777000337E0253737A11AAF19F40B93102174A3E
:10778000B10211CA357E1F53B10611AA950213CA60
:10779000B5020ECAB5020D8B2D02068BB5020D8BFC
:1077A0000D7E1B53AD1510AAAD01158BD57D02536F
:1077B000B57A0EAAEE9B40B9CE01164A6E010ECAEA
:1077C000CB7D1F536E050EAA6B0215CA6B0110CA42
:1077D0007401148BCB01068B94020B8BAB7D1B5376
:1077E0006B150DAA6B01148B147E0253947A10AAA8
:1077F000F03F40F9160202CAF09F40B95001104A0A
:107800000A010A4AD00210CA167E1F53D00610AAD7
:10781000B60214CAD6020DCAD602138B1302068B07
:10782000D602138B737D1B5373160BAA7302168B30
:10783000B67D0253D67A0DAAED4340F9B70111CABD
:10784000ED9B40B92D010D4A0903094AED020DCA0D
:10785000F89340B9B77D1F530803084AED060DAAF7
:10786000970216CAF7020BCAF702158BB501068BF1
:10787000F702158B757E1B53B51613AAB502178B2D
:10788000777D0253EB7A0BAAF7010ECAEA020ACA05
:10789000577D1F53EA060AAAD7020BCAF70213CA7A
:1078A00058000ACAF702148B5401068BF702148B96
:1078B000B47E1B53941615AA9402178B777E02533D
:1078C000F37A13AA970110CAE90209CA377D1F5338
:1078D000E90609AA770113CAF70215CAF702168B3F
:1078E0003601068BF702168B967E1B53D61614AA0A
:1078F000D602178BB77E0253F57A15AA77000DCA08
:10790000E80208CA177D1F53E80608AA770215CABD
:10791000F70214CAEB020B8B1701068B6B01178B56
:10792000D77E1B53F71616AAF7020B8B8B7E0253DA
:10793000747914AAEB7740B96B01194AF98F40B9F1
:107940000B030BCA39031A4ADA0108CA787D1F53A0
:107950000B070BAAB80214CA180316CA1803138B14
:107960007301068B1803138BF37E1B53731617AA30
:107970007302188BD87E0253167B16AA380209CAE6
:10798000180319CA197F1F53380718AA990216CA73
:10799000390317CABC0118CA3503158B1903068BA6
:1079A000B502198B797E1B53391713AA3903158B2E
:1079B000F57E0253B77A17AAF58B40B9B5021B4A78
:1079C0007B7E0253550315CA7B7B13AABA7E1F53D5
:1079D000550715AADA0217CA5A0313CAF33F40F92A
:1079E0005403148BBA02068B94021A8B3A7F1B53F2
:1079F0005A1719AA73020FCA5A03148B14020BCA1E
:107A0000930213CAEF0103CA747E1F53930613AA8D
:107A1000F4021BCA940219CA9402168B7602068BD2
:107A20009402168B567F1B53D6161AAAD602148BB5
:107A3000347F0253997A19AAF44340F994020CCA8C
:107A40008C0102CA940314CA42000ECACE010DCAA8
:107A5000AD0109CA9C7E1F53940714AA7C0319CA5E
:107A60009C031ACA1E0114CA9C03178B9702068B2B
:107A70009C03178BD77E1B53F71616AAF7021C8B95
:107A80005C7F02539A7B1AAA5C0115CA8F030FCA46
:107A9000FC7D1F538F070FAA3C031ACA9C0316CA0A
:107AA0009C031B8BFB01068B9C031B8BFB7E1B53D8
:107AB0007B1717AA7B031C8BDC7E0253967B16AACE
:107AC0003C0113CA8C030CCA29010BCA9C7D1F53AD
:107AD0008C070CAA5C0316CA9C0317CA9C03198B5B
:107AE0009901068B9C03198B797F1B5339171BAAAD
:107AF00039031C8BFC7E02539C7B17AA770011CAAA
:107B0000D70317CA310210CA10020ACA4A0108CAAA
:107B1000E37E1F53080118CA770417AAC3021CCAC0
:107B200063001BCA7A001A8BE302068B5A03038B8D
:107B3000237F1B53631419AA63001A8B7A7F0253A5
:107B40005A7B1BAA7B010FCA620302CA6B0115CACA
:107B50005B7C1F53620702AA9B031ACA7B0319CAE4
:107B60007B03168B5600068B7B03168B767C1B5390
:107B7000D61603AAD6021B8B3B7F0253797B19AA28
:107B80001B030CCA31021BCA180313CA3B7E1F53C6
:107B9000710711AA5B0319CA7B0303CA7C031C8B00
:107BA0003B02068B9C031B8BDB7E1B537B1716AAA9
:107BB0007B031C8B7C7C0253837B03AABC0217CA09
:107BC000CE011CCAB50214CADC7D1F538E070EAA53
:107BD0003C0303CA9C0316CA9C031A8BDA01068B6A
:107BE0009C031A8B7A7F1B535A171BAA5A031C8BB0
:107BF000DC7E0253967B16AA7C0202CA10021CCAC3
:107C00005E7F0253DE7B1AAA73020FCA1C7E1F53CB
:107C1000900710AA7C0016CA9C031BCA9C03198BF0
:107C20001902068B9C03198B597F1B5339171AAA0B
:107C300039031C8B7C7F02539B7B1BAA9C0211CABD
:107C4000AD011CCA94020CCABC7D1F538D070DAA3E
:107C5000DC021BCA9C031ACAFA010ECA8303038BF7
:107C6000BC01068B63001C8B5A011ACA3C7F1B5354
:107C70002A031E8A9C1719AAEF0117CA9C03038BBB
:107C8000437F1F537A041AAA23031EAA63001B8A88
:107C900063000AAA4A03058B6300168B367F0253E2
:107CA00063000A8B8A7F1B534A151CAAD67A19AA2D
:107CB0004A01038B830110CA290103CA9903168A5A
:107CC0008C0102CA237D1F53690409AA830316AAE3
:107CD00063001E8A790019AA2301058B39031B8BC7
:107CE000FB020DCA3903038B437D1B5363140AAA9D
:107CF00008011BCA6300198B997F0253397B1CAAA8
:107D00001B7D1F53680708AA5B0119AA7B03168A0B
:107D10005C01198A7C031CAA1B01058B9C031E8B2A
:107D2000F70211CA9C031B8B7B7C1B537B1703AA96
:107D30007B031C8B5C7D02538A7B0AAA5C001ACAF7
:107D40008B030BCA7E000A8A42000ECA7C7D1F5339
:107D50008B070BAA7C000AAA9C03198A9C031EAA03
:107D60009603168B7C01058BD6021C8B7C7F1B53E4
:107D70009C171BAA9C03168B767C0253C37A03AA1A
:107D8000360209CA160316CA7E03038A310210CAD4
:107D9000D87E1F53160716AA780303AA18030A8A67
:107DA00018031EAA1903198BD802058B3903188BE7
:107DB000987F1B5318171CAA1803198B797F02533D
:107DC000397B1BAADB0108CAB5021BCA9E03198AAC
:107DD000CE010DCABB7E1F53750715AA9B0319AAB6
:107DE0007B03038A7B031EAA7B030A8BAA02058BF3
:107DF0007B030A8B0A7F1B534A1518AA4A011B8B67
:107E00009B7F02537B7B1CAA1C020BCA73021CCAF9
:107E10001E031B8A10021ACA7C7E1F53930713AAE3
:107E20001C031BAA9C03198A9C031EAA9C03038B98
:107E30006302058B9C03038B437D1B5363140AAAC7
:107E400063001C8B1C7F0253987B18AABC0116CAC6
:107E500094021CCA5E01188AAD0109CA9C7E1F5398
:107E6000940714AA5C0118AA9C031B8A9C031EAAEF
:107E70009C03198B9902058B9C03198B797C1B53EE
:107E8000391703AA39031C8B5C7D02538A7B0AAA2B
:107E90005C0315CAEF011CCA7E000A8A5A0308CA8D
:107EA000FC7D1F538F070FAA7C000AAA9C03188A27
:107EB0009C031EAA9C031B8BFB01058B9C031B8B45
:107EC0003B7F1B537B1719AA7B031C8B7C7C0253C3
:107ED0009C7B03AA230113CA8C0103CA3E031C8A9C
:107EE000837D1F536C040CAA23031CAA63000A8A17
:107EF00063001EAA7E7F1B536300188B9801058BBD
:107F00006300188BDE171BAADE03038B237F02534B
:107F1000797819AA030114CAF70203CA7803198AE7
:107F2000080116CAE37E1F53770417AA630319AA30
:107F300063001C8A630018AA78010FCA6A000A8BC2
:107F4000E302058B4A01038BC37F1B5363141EAAF4
:107F5000580018CA63000A8B6A7F02535B791BAA18
:107F6000027F1F53580418AAC2031BAA4200198A91
:107F7000CA031B8A4A000AAA0203058B4A011C8B0A
:107F8000DC7F02534A01028B627C1B53421403AA1A
:107F90009C7B1EAA42000A8BCA020CCA31020ACA82
:107FA0007E001C8AD60213CA2A7E1F53510511AACD
:107FB0006A001CAA4A011B8A4A011EAA4A01198B9F
:107FC0003902058B4A01198B597C1B53391702AAB8
:107FD00039030A8B6A7C0253437903AAAA0217CA9F
:107FE000CA010ACA5E00038A4E7D1F53CA050AAA47
:107FF0004E0003AACE011C8ACE011EAA5E7C02534B
:10800000CE011B8B5B01058BCE011B8B3B7F1B5372
:108010007B1719AADE7B02AA7B030E8B6E0218CA9D
:108020000E020ECA30031E8A73020FCAC27D1F538E
:108030004E040EAA22031EAA4200038A420010AA7E
:10804000D001058B42001C8B4200108B707F1B53AC
:1080500010161BAA1002028B227F0253597819AA0C
:10806000820211CAA20102CA7C03198A4D7C1F53E5
:10807000A20502AA6D0319AAAD011E8AAD011CAAB0
:108080001C7E1B53AD01038B4300058BAD01038B9D
:108090009C1710AA9C030D8BED010ACA4D030DCA53
:1080A000637F02537B781BAAEF0117CAA37D1F537E
:1080B0001A021B8A6D040DAA03021BAA6300198A07
:1080C00063001AAABA01058B63001E8B9E010ECABB
:1080D00063001A8B9A7F1B535A171CAA5A03038BEF
:1080E000037E0253707810AA23010BCAC30303CA8C
:1080F0009E03108A6B0115CAB50214CA697C1F530E
:1081000094020CCA230503AA890310AA29011B8A19
:108110008C0118CA29011EAA2901198B7900058B27
:108120002901198B597F1B5339171AAA3903098B57
:10813000897F02533C791CAAE90202CA090109CAD3
:108140005E031C8AF70211CA287D1F53090509AA7C
:1081500048031CAA0801108A08011EAA08011B8BEB
:108160003B01058B08011B8B3B7F1B537B1719AA17
:108170007B03088B487F02531A791AAA08030DCA99
:10818000680108CA3E031A8A18030ACA0B7D1F53E6
:10819000680508AA2B031AAA6B011C8A6B011EAA88
:1081A0007001108B0B01058B10020B8B6B7F1B5327
:1081B0006B151BAA6B01108B307F0253197A19AA19
:1081C000300203CAD00210CA31020ECA167E1F53F3
:1081D000D00610AA560319CAD6021BCADC021C8B91
:1081E0001602048B9C03168B767D1B53D6160BAAA6
:1081F000D6021C8B7C7F02539B7B1BAA5C0109CAA5
:10820000B5021CCA4A0102CABC7E1F53950715AAB3
:108210003C031BCA9C030BCA9C031A8BBA02048B37
:108220009C031A8BDA7E1B535A1716AA5A031C8B0F
:108230007C7D02539C7B0BAACB0108CA73020BCA3C
:10824000CE010DCA6B7E1F53730513AA6B031CCAA4
:108250006B0116CA6B01198B7902048B6B01198BA8
:10826000597F1B5339171AAA39030B8BCB7E025344
:10827000767916AA4B0010CA8B020BCA420003CAB9
:10828000747D1F538B060BAA940316CA94021ACA54
:108290009B021B8B7401048B7B03148B347F1B5359
:1082A000941619AA94021B8B5B7F02537A7B1AAA3D
:1082B000BB0115CAEF011BCAAD0109CAFB7D1F53E3
:1082C0006F070FAADB021ACA7B0319CA7C031C8B37
:1082D000FB01048B9C031B8B9B7E1B537B1714AAF7
:1082E0007B031C8B3C7F0253997B19AA7C0013CA29
:1082F0008C011CCA630008CA9C7D1F538C070CAA02
:108300005C0319CA9C0314CA9C03168B9601048B48
:108310009C03168B767F1B53D6161BAAD6021C8B8A
:108320009C7E02539C7B14AA34010BCAF40214CA2B
:10833000290110CA977E1F53F40614AA37031CCADA
:10834000F7021BCAF7021A8B9A02048BF7021A8BE8
:10835000DA7E1B535A1716AA5A03178B777F0253DC
:10836000FB7A1BAA17010FCA170317CA080115CAFF
:10837000F87E1F53170717AA98031BCA180316CABB
:108380001903198BF802048B3903188B587F1B5380
:1083900018171AAA1803198BD97E0253367B16AA0E
:1083A00019020CCA310219CA100213CA397E1F53AE
:1083B000310711AA790316CA39031ACA3C031C8B68
:1083C0003902048B9C03198B197F1B53391718AA88
:1083D00039031C8B5C7F02539A7B1AAABC0214CA15
:1083E0004A011CCAB5020BCA5C7D1F538A070AAA40
:1083F000DC021ACA9C0318CA9C031B8B5B01048B0A
:108400009C031B8B3B7F1B537B1719AA7B031C8B85
:108410001C7F0253987B18AA7C0217CACE011CCA83
:1084200073020FCADC7D1F538E070EAA5C0318CAA5
:108430009C0319CA9C03168BD601048B9C03168BD4
:10844000767F1B53D6161BAAD6021C8B3C7F025389
:10845000997B19AA7C0111CA820302CA6B010CCA5A
:108460005C7C1F53820702AA1C0319CA9C031BCA07
:10847000940202CA9C031A8B5A00048B9C031A8B29
:10848000DA7E1B535A1716AA340114CA5A031C8BDE
:108490007C7F02539B7B1BAAFC010ACAAD011CCA4C
:1084A000897E1F53340514AABC7D1F538902048B97
:1084B0008D070DAA3C031BCA9C0316CAF7020DCAFE
:1084C0009C03188BB801048B9C03188B587F1B539B
:1084D00018171AAA170117CA18031C8BDC7E02533F
:1084E000967B16AA9C010ECA7C001CCAE87E1F530C
:1084F000170517AA4A0114CA837F1F53E802048B89
:108500007C041CAA630316CA63001ACA31021CCA7F
:108510007900198B8303048B3903038B037F1B536F
:10852000631418AA100211CA6300198B597F0253F1
:10853000397B1AAAB5020ACADA0219CACE0117CAC9
:108540005A0318CA73020ECA5A031B8B5A03098BAB
:10855000697C1B53291503AA29011A8B1A7F025320
:108560005A7B18AA2D031ACAAD0103CAAD01168B96
:10857000AD01088B287D1B53081509AA08010D8B36
:108580006D7C0253AD7903AA037E1F53700410AAB9
:1085900043030DCA630009CA1102048B6300198BDF
:1085A0000A7D02536300118B117D1B53311608AAFB
:1085B000420010CA3102038B237D0253637809AA5B
:1085C000A97E1F53350515AAA90103CA290108CAA6
:1085D000B502048B29011A8B487908AAB502098BC8
:1085E0006A7E1F53297E1B53530513AA291511AA0E
:1085F0006A0008CA2901158B6B0102CA4A0111CA17
:108600007302048B4A010D8B2D7E025373020A8B79
:10861000AD7911AA2A7D1B53627D1F534A1509AA01
:108620004B040BAA02010DCA4A01138B420009CA6E
:108630006B01048B4200038BE36340B96B01028B37
:10864000427D1B5342140AAA2909891342000B8B4D
:108650006200020B021000B9E26B40B942000A0B43
:10866000021400B9021840B92901020B021C40B9DA
:1086700042000D0B09080329022040B94200080BF3
:10868000022000B9E27340B942040051E27300B91C
:108690005F0400318151FF54F35341A9F55B42A9B6
:1086A000F76343A9F96B44A9FB7345A9FD7BCBA8EC
:1086B000C0035FD6C0035FD6FD7BBBA9FD0300915D
:1086C000F35301A9F40300AAF303022AF55B02A9FC
:1086D00016088052F50301AAF76303A9F92300F9EC
:1086E000000040F9171440924000000B800200F98E
:1086F000F903172AD602174B1F4022EB82000054C1
:10870000800640F900040091800600F9FF0200F1A4
:10871000C212537AC801005473020151E10315AA31
:1087200098920091B502168B3303130B0003178B3D
:10873000170080D2E20316AAEE120094E10318AAF1
:10874000E00314AA220080524DFAFF97627E06537E
:10875000E10315AAE00314AA49FAFF976216007212
:108760008001005473667A9280920091F92340F957
:10877000A102138BF35341A90000178BF55B42A9AB
:1087800042144092F76343A9FD7BC5A8D912001497
:10879000F35341A9F55B42A9F76343A9F92340F9D3
:1087A000FD7BC5A8C0035FD642000034C3FFFF179E
:1087B000C0035FD6FD7BBDA9FD030091F35301A962
:1087C000F40301AAF30300AA010840A923FC5DD326
:1087D000620C02AA030780D24208C05AE22B00B9F9
:1087E00022F07DD321144092630001CB3FDC00F1E5
:1087F0004208C05AE22F00B9020F80D2420001CBDA
:108800004280839A010100B021002191E7FFFF9788
:10881000E1A30091E00313AA02018052A7FFFF9792
:10882000604E403980020039602640798006003968
:10883000601240B9007C0853800A0039601240B9C8
:10884000800E0039605E403980120039602E407918
:1088500080160039601640B9007C0853801A003930
:10886000601640B9801E0039606E403980220039A0
:108870006036407980260039601A40B9007C085380
:10888000802A0039601A40B9802E0039607E403954
:1088900080320039603E407980360039601E40B930
:1088A000007C0853803A0039601E40B9803E003990
:1088B000608E4039804200396046407980460039F8
:1088C000602240B9007C0853804A0039602240B9D8
:1088D000804E0039F35341A9FD7BC3A8C0035FD686
:1088E000FD7BB5A9FD030091F35301A9F30300AA91
:1088F0007442218BE0230191F55B02A9F603032A60
:10890000F71B00F9F70302AACEF9FF977F0214EBD9
:1089100023010054E10317AAE0230191A6FFFF976A
:10892000F35341A9F55B42A9F71B40F9FD7BCBA8A6
:10893000C0035FD6950213CBE10313AADF02156BC8
:10894000E0230191D532951AE203152A73C2358BC3
:1089500096FFFF9737F6FF97EDFFFF17FD7BB5A951
:10896000FD030091F35301A9F30300AA7442218B84
:10897000E0230191F55B02A9F603032AF71B00F936
:10898000F70302AA150000947F0214EB23010054A0
:10899000E10317AAE02301915D080094F35341A974
:1089A000F55B42A9F71B40F9FD7BCBA8C0035FD65E
:1089B000950213CBE10313AADF02156BE0230191AB
:1089C000D532951AE203152A73C2358B4D080094EF
:1089D00018F6FF97EDFFFF17E1CC9C521F7C002992
:1089E0002141AD72010800B9A1D09552E16CB77276
:1089F000010C00B9416E9E52C18DA772011000B9E1
:108A000041A79E52E1A9B472011400B9E14F8A5204
:108A1000C121AA72011800B981118D52A160B372EF
:108A2000011C00B961359B5261F0A372012000B9AD
:108A300021A39952017CAB72012400B9C0035FD617
:108A4000C2FE0034FD7BB9A942040051FD03009130
:108A5000F35301A9F55B02A9F76303A9F96B04A914
:108A6000FB7305A9E26F00B9220040392100019192
:108A700023105C3837305C3838705C38432003AAE8
:108A800022205C383AB05C3839F05C38624002AA87
:108A900023505C38576017AA22405C3834305D3868
:108AA000F70AC05A33705D38422003AA23605C384D
:108AB0003EB05D3831F05D38424003AA23905C3807
:108AC000586018AA22805C38180BC05A422003AAAA
:108AD00023A05C38424003AA23D05C385A601AAA0B
:108AE00022C05C385A0BC05A422003AA23E05C38EB
:108AF000424003AA23105D38596019AA22005D384C
:108B0000390BC05A422003AA23205D38424003AAF1
:108B100023505D38546014AA22405D38940AC05A2C
:108B2000422003AA23605D38424003AA23905D38A7
:108B3000536013AA22805D38730AC05A422003AAE8
:108B400023A05D38424003AA23D05D385E601EAA90
:108B500022C05D38DE0BC05A422003AA23E05D38F4
:108B6000424003AA516011AA22005E3823105E38E9
:108B7000310AC05A30305E382F705E38422003AA66
:108B800023205E382EB05E382DF05E38424003AAB6
:108B900023505E38506010AA22405E382B305F3878
:108BA000100AC05A2A705F38422003AA23605E3838
:108BB0002CB05F3836F05F38424003AA23905E380D
:108BC0004F600FAA22805E38EF09C05A422003AAE4
:108BD00023A05E38424003AA23D05E384E600EAA1E
:108BE00022C05E38CE09C05A422003AA23E05E3874
:108BF000424003AA23105F384D600DAA22005F385F
:108C0000AD09C05A422003AA23205F38424003AA7C
:108C100023505F384B600BAA22405F386B09C05A63
:108C2000422003AA23605F38424003AA23905F38A2
:108C30004A600AAA22805F384A09C05A422003AA21
:108C400023A05F38424003AA23D05F384C600CAAAF
:108C500022C05F388C09C05A422003AA23E05F3843
:108C6000424003AA566016AA021840B9042040B92F
:108C7000D60AC05A07184129432C82136318C24AE6
:108C80006364C24A021C40B94200044A041840B955
:108C90004200040A042040B94200044A04F3855209
:108CA0006200020B032440B94451A8726300040B14
:108CB000040C40B94200030B031440B94200170BE7
:108CC000F701170B6900020B030840B965348313E1
:108CD000A508C34AA558C34A6300042A041040B932
:108CE0006300040A040840B98400060A6300042AE9
:108CF00024928852A500030BE426AE72A500020B55
:108D0000020C43294200034A4200090A4200034A76
:108D1000032040B94200180B6300040BA4348513F0
:108D20004200030B232D89136318C94A8408C54ADE
:108D30006364C94A8458C54A4200030B031040B912
:108D40006800020B030840B96300052A6300060AA5
:108D5000060840B9C600050A6300062AE6799F5254
:108D60008400030B031840B98400020B021840B9B9
:108D700006B8B6724200094A4200080A4200034A95
:108D8000031C40B942001A0B6300060BA600042A1C
:108D90004200030B032D88136318C84AC600070A54
:108DA0006364C84AA700040A4200030B030C40B9DD
:108DB000C600072A2701084A7B00020B833484136C
:108DC0006308C44AE7001B0A6358C44AE700094A1B
:108DD0006300060BA6749B526300020B021840B995
:108DE000E700190BA636BD724200060B9500032A58
:108DF000E700020B622F9B134218DB4A9C00030A18
:108E00004264DB4AB502050AE700020B020840B9DA
:108E1000B5021C2A4600070B623483134208C34A7A
:108E20004258C34A4200150B4200070B07011B4A78
:108E3000E700060A7500022AE700084A7C00020AD9
:108E4000E700090B694B9852C92AA7728902090BDE
:108E5000E700090BC92C86132919C64AB502040A72
:108E60002965C64AB5021C2AE700090B493482135A
:108E70002909C24AA500070B2959C24A2901150B25
:108E80002901070B6703064AE700050A5500092A6E
:108E9000E7001B4A5C00090AE700080B283E8252E3
:108EA000283EAB726802080BE700080BA82C85135C
:108EB0000819C54AB502030A0865C54AB5021C2A45
:108EC000E700080B283589130809C94A8400070BF5
:108ED0000859C94A0801150BD500054AB502040A0C
:108EE0000801070BB502064A87549052B5021B0BC6
:108EF000E747B272C703070B3B01082AB502070B0D
:108F0000872C8413E718C44A3C01080AE764C44A62
:108F10007B03020AB502070B07358813E708C84A26
:108F20007B031C2AE758C84A6300150BE7001B0B9C
:108F3000E700150BB500044AB502030A1B01072A16
:108F4000B502054A1C01070AB502060BA6DA8B52C8
:108F50008663B5722602060BB502060B662C8313D8
:108F6000C618C34A7B03090AC664C34A7B031C2A8A
:108F7000B502060BE6348713C608C74A4200150B34
:108F8000C658C74AC6001B0BC600150B9500034AFE
:108F9000B502020AFB00062AB502044AFC00060AD2
:108FA000B502050B05539552E500BB720502050B92
:108FB000B502050B452C8213A518C24A7B03080A8B
:108FC000A564C24A7B031C2AB502050BC53486136F
:108FD000A508C64A2901150BA558C64AA5001B0BB2
:108FE000A500150B7500024AB502090ADB00052A27
:108FF000B502034ADC00050AB502040B24608B525B
:109000006450A272E401040BB502040B242D8913F1
:109010008418C94A7B03070A8464C94A7B031C2A53
:10902000B502040BA43485138408C54A0801150B46
:109030008458C54A84001B0B8400150B5500094A4F
:10904000B502080ABB00042AB502024ABC00040AA1
:10905000B502030BC3B790522386A472C301030B5E
:10906000B502030B032D88136318C84A7B03060A55
:109070006364C84A7B031C2AB502030B8334841340
:109080006308C44AE700150B6358C44A63001B0B0E
:109090006300150B3501084AB502070A9B00032A35
:1090A000B502094A9C00030AB502020B62B88F524E
:1090B00082A1AA72A201020BB502020BE22C871355
:1090C0004218C74A7B03050A4264C74A7B031C2A2D
:1090D000B502020B623483134208C34AC600150B63
:1090E0004258C34A42001B0B4200150B1501074AA8
:1090F000B502060A7B00022AB502084A7C00020A71
:10910000B502090B89AE8B52C957AE726901090BC2
:10911000B502090BC92C86132919C64A7B03040A18
:109120002965C64A7B031C2AB502090B4934821300
:109130002909C24AA500150B2959C24A29011B0B4E
:109140002901150BF500064AB502050A5B00092A3C
:10915000B502074A5C00090AB502080BC83F9652DF
:10916000C81BB0724801080BB502080BA82C851368
:109170000819C54A7B03030A0865C54A7B031C2AF4
:10918000B502080B283589130809C94A8400150B54
:109190000859C94A08011B0B0801150BD500054ADF
:1091A000B502040A3B01082AB502064A3C01080A36
:1091B000B502070BE7D48052877BB3728701070B98
:1091C000B502070B872C8413E718C44A7B03020AF5
:1091D000E764C44A7B031C2AB502070B07358813D2
:1091E000E708C84A6300150BE758C84AE7001B0B9D
:1091F000E700150BB500044AB502030A1B01072A54
:10920000B502054A1C01070AB502060B862E9E52BE
:109210006633B872C602060BB502060B662C8313C2
:10922000C618C34A7B03090AC664C34A7B031C2AC7
:10923000B502060BE6348713C608C74A4200150B71
:10924000C658C74AC6001B0B9B4D8C13C600150B96
:10925000154B98137B47CC4AB51ED84A7B2B4C4AFA
:10926000B50E584A7503150BFB00062AB502170BFD
:109270009700034AF702020AFC00060AF702044AB2
:109280007B03080AF702050B25388D526593BC72E3
:10929000A502050BF702050B452C8213A518C24A3F
:1092A0007B031C2AA564C24AD801180BF702050BE0
:1092B000C5348613A508C64A2901170BA558C64A06
:1092C000A5001B0BDB4E9613A500170B574B9A13EB
:1092D0007B47D64AF71EDA4A7B2B564AF70E5A4A84
:1092E0007703170BDB00052AF702180B7800024AF8
:1092F0001803090ADC00050A1803034A7B03070A5E
:109300001803040BC4F08852C4F7BD72E402040BC6
:109310001803040B242D89138418C94A7B031C2AC3
:109320008464C94ABA011A0B1803040BA4348513C8
:109330008408C54A0801180B8458C54A84001B0BD1
:10934000BB4E95138400180B384B99137B47D54AB5
:10935000181FD94A7B2B554A180F594A7803180B06
:10936000BB00042A18031A0B5A00094A5A03080AB8
:10937000BC00040A5A03024A7B03060A5A03030B81
:10938000C3B8935223F8A1720303030B5A03030BD0
:10939000032D88136318C84A7B031C2A6364C84AD8
:1093A0007901190B5A03030B833484136308C44AED
:1093B000E7001A0B6358C44A63001B0BFB4E97135C
:1093C00063001A0B9A4A94137B47D74A5A1FD44A10
:1093D0007B2B574A5A0F544A7A031A0B9B00032AD5
:1093E0005A03190B3901084A3903070A9C00030A7A
:1093F0003903094A7B03050A3903020B8239945267
:109400008281A4724203020B3903020BE22C871300
:109410004218C74A7B031C2A4264C74A5401140BF2
:109420003903020B623483134208C34AC600190B86
:109430004258C34A42001B0B1B4F98134200190BA2
:10944000794A93137B47D84A391FD34A7B2B584A12
:10945000390F534A7903190B7B00022A3903140B85
:109460001401074A9402060A7C00020A9402084A80
:109470007B03040A9402090BE98D855229BDA5726C
:109480002903090B9402090BC92C86132919C64A12
:109490007B031C2A2965C64A9301130B9402090B0E
:1094A000493482132909C24AA500140B2959C24A1A
:1094B00029011B0B5B4F9A132901140BD44B9E13EC
:1094C0007B47DA4A941EDE4A7B2B5A4A940E5E4A48
:1094D0007403140B5B00092A9402130BF300064A71
:1094E0007302050A5C00090A7302074A7B03030A38
:1094F0007302080B48959052884EA9728802080B97
:109500007302080BA82C85130819C54A7B031C2A73
:109510000865C54ADE021E0B7302080B2835891345
:109520000809C94A8400130B0859C94A08011B0BD2
:109530003B4F99130801130B334A91137B47D94AC8
:10954000731ED14A7B2B594A730E514A7303130B76
:109550003B01082A73021E0BDE00054ADE03040AE3
:109560003C01080ADE03064A7B03020ADE03070BFE
:10957000873B95520796AB726702070BDE03070B1A
:10958000872C8413E718C44A7B031C2AE764C44A67
:10959000DE03070B07358813E708C84A63001E0B74
:1095A000E758C84AE7001B0B1B4A90137B1FD04AA1
:1095B000E7001E0B7B0F504A9E4E94137B03110B4A
:1095C000DE47D44AB100044ADE2B544A3102030A72
:1095D000DE03150B3102054ADE031B0B3102060BBD
:1095E000461B915226DFAE72C603060B3102060BF4
:1095F000662C8313C618C34A1B01072AC664C34AD4
:109600001C01070A3102060BE6348713C608C74A55
:109610007B03090A7B031C2AC658C74AC6001B0BDA
:109620004200110BC600110BF1498F13311ECF4AB6
:10963000FB00062A310E4F4AFC00060A3102100BCD
:10964000704E93131046D34A7B03080A102A534ADC
:109650007B031C2A1002170B3102100B9000034AE7
:109660001002020A1002044A1002050B452A8A520F
:10967000C507B3722502050B1002050B452C82139A
:10968000A518C24AA564C24A1002050BC534861348
:10969000A508C64A2901100BA558C64AA5001B0BF0
:1096A000A500100BD0498E13101ECE4ADB00052AF0
:1096B000100E4E4ADC00050A10020F0BCF4F9E130E
:1096C000EF45DE4A7B03070AEF295E4A7B031C2A2B
:1096D000EF01180B10020F0B6F00024AEF01090A8D
:1096E000EF01034AEF01040BA4CD98522406B57292
:1096F0000402040BEF01040B242D89138418C94ABA
:109700008464C94AEF01040BA43485138408C54A54
:1097100008010F0B8458C54A84001B0B84000F0BF3
:10972000AF498D13EF1DCD4ABB00042AEF0D4D4A02
:10973000BC00040AEF010E0B2E4E9113CE45D14A08
:109740007B03060ACE29514A7B031C2ACE011A0B41
:10975000EF010E0B4E00094ACE01080ACE01024A63
:10976000CE01030B03F984526300B672E301030BCD
:10977000CE01030B032D88136318C84A6364C84ADB
:10978000CE01030B833484136308C44AE7000E0B35
:109790006358C44A63001B0B63000E0B6E498B13A6
:1097A000CE1DCB4A9B00032ACE0D4B4A9C00030AD8
:1097B000CE010D0B0D4E9013AD45D04A7B03050A2B
:1097C000AD29504A7B031C2AAD01190BCE010D0BAC
:1097D0002D01084AAD01070AAD01094AAD01020B8E
:1097E000E2F88F5222EBB772C201020BAD01020BFD
:1097F000E22C87134218C74A4264C74AAD01020BE4
:10980000623483134208C34AC6000D0B4258C34A50
:1098100042001B0B5B498A137B1FCA4A42000D0B97
:109820007B0F4A4AED4D8F137B030B0BAD45CF4A9F
:109830000B01074AAD294F4A6B01060AAD01140B13
:109840006B01084AAD011B0B6B01090B697E81524C
:1098500009DCB872A901090B6B01090BC92C86132D
:109860002919C64A7B00022A2965C64A7C00020AD9
:109870006B01090B493482132909C24A7B03040A8C
:109880007B031C2A2959C24A29011B0BA5000B0B7B
:1098900029010B0B8B498C136B1DCC4A5B00092AE9
:1098A0006B0D4C4A5C00090A6B010A0BCA4D8E1302
:1098B0004A45CE4A7B03030A4A294E4A7B031C2AA7
:1098C0004A01130B6B010A0BEA00064A4A01050A1A
:1098D0004A01074A4A01080BE8289252E8B4BA72D2
:1098E0006801080B4A01080BA82C85130819C54A02
:1098F0000865C54A4A01080B283589130809C94A71
:1099000084000A0B0859C94A08011B0B08010A0BFD
:10991000CA4A96134A1DD64A3B01082A4A0D564A9E
:109920003C01080A4A010C0BAC4D8D138C45CD4A05
:109930007B03020A8C294D4A7B031C2A8C011E0BD7
:109940004A010C0BCC00054A8C01040A8C01064A22
:109950008C01070B276A8C5247D9A0724701070B6D
:109960008C01070B872C8413E718C44AE764C44AA8
:109970008C01070B07358813E708C84A63000C0BF6
:10998000E758C84AE7001B0BE7000C0BAC4A9513DD
:109990008C1DD54A1B01072A8C0D554A1C01070A4C
:1099A0008C01160B764D8B13D646CB4A7B03090AE6
:1099B000D62A4B4A7B031C2AD602110B8C01160BAC
:1099C000B600044AD602030AD602054AD602060B9E
:1099D000E62C85522685A2728601060BD602060B5E
:1099E000662C8313C618C34AC664C34AD602060B44
:1099F000E6348713C608C74A4200160BC658C74A42
:109A0000C6001B0BC600160BF64A9713D61ED74A84
:109A1000FB00062AD60E574AFC00060AD602150B92
:109A2000554D8A13B546CA4A7B03080AB52A4A4AE5
:109A30007B031C2AB502100BD602150B9500034AB6
:109A4000B502020AB502044AB502050BA5508152BF
:109A5000E5F6A472C502050BB502050B452C821371
:109A6000A518C24AA564C24AB502050BC5348613BF
:109A7000A508C64A2901150BA558C64AA5001B0B07
:109A8000A500150B154B9813B51ED84ADB00052A07
:109A9000B50E584ADC00050AB502170B974D8C131A
:109AA000F746CC4A7B03070AF72A4C4A7B031C2A59
:109AB000F7020F0BB502170B7700024AF702090AEB
:109AC000F702034AF702040B0427845264C3A57209
:109AD000A402040BF702040B242D89138418C94A2D
:109AE0008464C94AF702040BA43485138408C54A68
:109AF0000801170B8458C54A84001B0B8400170B00
:109B0000574B9A13F71EDA4ABB00042AF70E5A4A3B
:109B1000BC00040AF702180BD84E96131847D64A11
:109B20007B03060A182B564A7B031C2A18030E0BCC
:109B3000F702180B5800094A1803080A1803024ACA
:109B40001803030B83BF8D5283A5A972E302030B95
:109B50001803030B032D88136318C84A6364C84AAB
:109B60001803030B833484136308C44AE700180BFB
:109B70006358C44A63001B0B6300180B384B9913DE
:109B8000181FD94A9B00032A180F594A9C00030A40
:109B900018031A0BBA4E95135A47D54A7B03050A88
:109BA0005A2B554A7B031C2A5A030D0B18031A0B18
:109BB0003A01084A5A03070A5A03094A5A03020B90
:109BC00062A281520267AA720203020B5A03020BBD
:109BD000E22C87134218C74A4264C74A5A03020B51
:109BE000623483134208C34AC6001A0B4258C34A60
:109BF00042001B0B42001A0B9A4A94135A1FD44A74
:109C00007B00022A5A0F544A7C00020A5A03190B9D
:109C1000F94E97133947D74A7B03040A392B574A21
:109C20007B031C2A39030B0B5A03190B1901074A32
:109C30003903060A3903084A3903090B896A8E5227
:109C400049A1AC724903090B3903090BC92C8613CE
:109C50002919C64A2965C64A3903090B49348213B2
:109C60002909C24AA500190B2959C24A29011B0B0F
:109C70002901190B794A9313391FD34A5B00092A2A
:109C8000390F534A5C00090A3903140B144F981317
:109C90009446D84A7B03030A942A584A7B031C2A19
:109CA00094020A0B3903140BF400064A9402050AC5
:109CB0009402074A9402080B6857815248CDAE724D
:109CC0002803080B9402080BA82C85130819C54A11
:109CD0000865C54A9402080B283589130809C94A42
:109CE0008400140B0859C94A08011B0B0801140B06
:109CF000D44B9E13941EDE4A3B01082A940E5E4A02
:109D00003C01080A9402130B534F9A137346DA4A24
:109D10007B03020A732A5A4A7B031C2A73020C0B28
:109D20009402130BD300054A7302040A7302064A15
:109D30007302070BC72599524738B0728702070B89
:109D40007302070B872C8413E718C44AE764C44ADC
:109D50007302070B07358813E708C84A6300130B23
:109D6000E758C84AE7001B0B3B4F9913E700130B5A
:109D7000334A9113731ED14A7B47D94A730E514A15
:109D80007B2B594A73021E0BBE00044ADE03030AF2
:109D90007B03160BDE03054A73021B0BDE03060B67
:109DA000A6908552464EB2726602060BDE03060B83
:109DB000662C8313C618C34A1B01072AC664C34A0C
:109DC0001C01070ADE03060BE6348713C608C74AE0
:109DD0007B03090A7B031C2AC658C74AC6001B0B13
:109DE00042001E0BC6001E0B1E4A9013DE1FD04AF7
:109DF000FB00062ADE0F504AFC00060ADE03110BA8
:109E0000914E94133146D44A7B03080A312A544AAE
:109E10007B031C2A3102150BDE03110B9100034A50
:109E20003102020A3102044A3102050B25149D5207
:109E3000E557B472C503050B3102050B452C82139F
:109E4000A518C24AA564C24A3102050BC53486135F
:109E5000A508C64A2901110BA558C64AA5001B0B27
:109E6000FB498F137B1FCF4AA500110B7B0F4F4A75
:109E7000714E93137B03100B3146D34A7000024A94
:109E8000312A534A1002090A3102170B1002034A01
:109E900031021B0B1002040B64C98C524403B572CF
:109EA0002402040B1002040B242D89138418C94AC0
:109EB000DB00052A8464C94ADC00050A1002040B91
:109EC000A43485138408C54A7B03070A7B031C2A34
:109ED0008458C54A84001B0B0801100B8400100B2A
:109EE000D0498E13101ECE4ABB00042A100E4E4AD3
:109EF000BC00040A10020F0BCF4F9E13EF45DE4A41
:109F00007B03060AEF295E4A7B031C2AEF01180B2C
:109F100010020F0B4F00094AEF01080AEF01024A35
:109F2000EF01030B036E91526349B8720302030BF6
:109F3000EF01030B032D88136318C84A6364C84AF2
:109F4000EF01030B833484136308C44AE7000F0B4B
:109F50006358C44A63001B0B63000F0BAF498D139A
:109F6000EF1DCD4A9B00032AEF0D4D4A9C00030ACA
:109F7000EF010E0B2E4E9113CE45D14A7B03050AFD
:109F8000CE29514A7B031C2ACE011A0BEF010E0B7E
:109F90002E01084ACE01070ACE01094ACE01020B62
:109FA00062348A5282EDB872E201020BCE01020BDA
:109FB000E22C87134218C74A4264C74ACE01020BFB
:109FC000623483134208C34AC6000E0B4258C34A88
:109FD00042001B0B42000E0B6E498B13CE1DCB4A69
:109FE0007B00022ACE0D4B4A7C00020ACE010D0BEB
:109FF0000D4E9013AD45D04A7B03040AAD29504A5B
:10A000007B031C2AAD01190BCE010D0B0D01074A74
:10A01000AD01060AAD01084AAD01090B29039D52A5
:10A020004932BA72C901090BAD01090BC92C86135B
:10A030002919C64A2965C64AAD01090B493482135C
:10A040002909C24AA5000D0B2959C24A29011B0B37
:10A0500029010D0B4D498A13AD1DCA4A5B00092A1F
:10A06000AD0D4A4A5C00090AAD010B0BEB4D8F1395
:10A070006B45CF4A7B03030A6B294F4A7B031C2A9B
:10A080006B01140BAD010B0BEB00064A6B01050ACB
:10A090006B01074A6B01080B88C4805228D3BA723F
:10A0A000A801080B6B01080BA82C85130819C54AD9
:10A0B0000865C54A6B01080B283589130809C94A88
:10A0C00084000B0B0859C94A08011B0B08010B0B34
:10A0D0008B498C136B1DCC4A3B01082A6B0D4C4AF3
:10A0E0003C01080A6B010A0BCA4D8E134A45CE4A41
:10A0F0007B03020A4A294E4A7B031C2A4A01130B9E
:10A100006B010A0BCA00054A4A01040A4A01064AC1
:10A110004A01070BA7B08652C781BE726701070BC1
:10A120004A01070B872C8413E718C44AE764C44A22
:10A130004A01070B07358813E708C84A63000A0B72
:10A14000E758C84AE7001B0BE7000A0BCA4A9613F8
:10A150004A1DD64A1B01072A4A0D564A1C01070A06
:10A160004A010C0BAC4D8D138C45CD4A7B03090A7B
:10A170008C294D4A7B031C2A8C011E0B4A010C0BB7
:10A18000AC00044A8C01030A8C01054A8C01060BC1
:10A19000060E9452460DA2724601060B8C01060B68
:10A1A000662C8313C618C34AC664C34A8C01060BC7
:10A1B000E6348713C608C74A42000C0BC658C74A84
:10A1C000C6001B0BC6000C0BAC4A95138C1DD54A60
:10A1D000FB00062A8C0D554AFC00060A8C01160B62
:10A1E000764D8B13D646CB4A7B03080AD62A4B4AB8
:10A1F0007B031C2AD602110B8C01160B9600034A16
:10A20000D602020AD602044AD602050BC52298528B
:10A210008534A3728501050BD602050B452C8213EC
:10A22000A518C24AA564C24AD602050BC5348613D6
:10A23000A508C64A2901160BA558C64AA5001B0B3E
:10A24000A500160BF64A9713D61ED74ADB00052A3F
:10A25000D60E574ADC00050AD602150B554D8A1357
:10A26000B546CA4A7B03070AB52A4A4A7B031C2A19
:10A27000B502100BD602150B7500024AB502090A89
:10A28000B502034AB502040B04818D52E4C6A372E1
:10A29000C402040BB502040B242D89138418C94A87
:10A2A0008464C94AB502040BA43485138408C54AE2
:10A2B0000801150B8458C54A84001B0B8400150B3C
:10A2C000154B9813B51ED84ABB00042AB50E584A40
:10A2D000BC00040AB502170B974D8C13F746CC4A05
:10A2E0007B03060AF72A4C4A7B031C2AF7020F0B52
:10A2F000B502170B5700094AF702080AF702024A8B
:10A30000F702030B83E98E5203E9A472A302030B45
:10A31000F702030B032D88136318C84A6364C84A05
:10A32000F702030B833484136308C44AE700170B56
:10A330006358C44A63001B0B6300170B574B9A13F7
:10A34000F71EDA4A9B00032AF70E5A4A9C00030ABA
:10A35000F702180BD84E96131847D64A7B03050A06
:10A36000182B564A7B031C2A18030E0BF702180BF6
:10A370003801084A1803070A1803094A1803020B90
:10A38000A29697520296A672E202020B1803020BE3
:10A39000E22C87134218C74A4264C74A1803020BCB
:10A3A000623483134208C34AC600180B4258C34A9A
:10A3B00042001B0B4200180B384B9913181FD94A47
:10A3C0007B00022A180F594A7C00020A18031A0B54
:10A3D000BA4E95135A47D54A7B03040A5A2B554A5D
:10A3E0007B031C2A5A030D0B18031A0B1A01074A88
:10A3F0005A03060A5A03084A5A03090B69968152FE
:10A400008923A7720903090B5A03090BC92C861368
:10A410002919C64A2965C64A5A03090BA9001A0B0D
:10A4200045348213A508C24AA558C24AA5001B0B91
:10A43000A5001A0B9A4A94135A1FD44A5B00052AA6
:10A440005A0F544A5C00050A5903190BFA4E971328
:10A450005A47D74A7B03030A5A2B574A7B031C2AC5
:10A460005A030B0B39031A0BFA00064A5A03090A5E
:10A470005A03074A5A03080B4849955208DBA97248
:10A480002803080B5A03080B282D89130819C94AF9
:10A490000865C94A5A03080B88001A0BA4348513AF
:10A4A0008408C54A8458C54A84001B0B1B4F981367
:10A4B00084001A0B7A4A93135A1FD34A7B47D84A0F
:10A4C0005A0F534A7B2B584A7B030A0B5A03140B2F
:10A4D00074031A0BDA00094A5A03080ABB00042A5B
:10A4E0005A03064ABC00040A4703070BFA4999526B
:10A4F0009A73AB729A021A0BE7001A0B1A2D881383
:10A500005A1BC84A7B03020A5A67C84A7B031C2AA3
:10A51000E7001A0B7A00070B833484136308C44ADC
:10A520006358C44A63001B0B6300070BC74B9E13A1
:10A53000E71CDE4A9B00032AE70C5E4A9C00030AE4
:10A54000E700130B334F99137346D94A7B03050A6F
:10A55000732A594A7B031C2A73020C0BE700130B66
:10A560003301084A73021A0A7302094A7302060B7E
:10A5700066FE8D52C605AD72E600060B7302060B31
:10A58000462F9A13C618DA4AC664DA4A7302060BD3
:10A590004600130B623483134208C34A4258C34A2D
:10A5A00042001B0B9B4E94137B47D44A4200130B73
:10A5B0007B2B544A334A91137B03160B731ED14AEB
:10A5C00016011A4A730E514AD602060A73021E0B6E
:10A5D000D602084A73021B0BD602090BC95D9052C2
:10A5E000E991AE726902090BD602090BC92C8613D8
:10A5F0002919C64A7B00022A2965C64A7C00020A3C
:10A60000D602090B493482132909C24A7B03040A82
:10A610002959C24A7B031C2A29011B0BA500160BD2
:10A620002901160B164A9013D61ED04A5B00090A60
:10A63000D60E504AD102110BF64C8713D646C74AA4
:10A64000D62A474AD602150B5503064AB502050A13
:10A650003102160BB5021A4A5600092AB502080B38
:10A66000E86D8C52A814AF722802080BB502080BD3
:10A67000A82C85130819C54AD602030A0865C54ADD
:10A68000D6021B2AB502080B283589130809C94AC6
:10A690008400150B0859C94A0801160BD600054A53
:10A6A0000801150BF5498F13B51ECF4AD602040ACF
:10A6B000B50E4F4AD602064AB502100B704E9313E0
:10A6C0001046D34AD6021A0B102A534A3A01080AF6
:10A6D0001002170B3701082AB502100B90028F5297
:10A6E0001099B072B002100BD602100B902C84138C
:10A6F000101AC44AF702020A1066C44AF7021A2A5C
:10A70000D602100B10358813100AC84A6300160BC6
:10A71000105AC84A1002170B1002160BD6498E1396
:10A72000D61ECE4A1701100AD60E4E4ACF020F0B84
:10A73000364E9113D646D14AD12A514A1601102AD3
:10A740003102180BD602090AEF01110BB100044ABD
:10A750003102030AD602172A3102054A3102060BDA
:10A7600006418052E698B172E601060B3102060BF3
:10A77000662C8313C618C34AC664C34A3102060B4B
:10A7800006369013C608D04A4200110BC658D04A6C
:10A79000C600160BC600110BB1498D13311ECD4AF0
:10A7A0001602060A310E4D4A2E020E0BB14E9513BB
:10A7B0003146D54A352A554A9100034A3102020AE8
:10A7C000B502190B3102044ACE01150B3102050BFB
:10A7D00045FF9F52C517B272C501050B3102050B2B
:10A7E000452C8213A518C24A1502062AA564C24A3E
:10A7F000B502080A3102050BC5348613A508C64AFE
:10A80000B502162AA558C64A2901110BA500150B39
:10A81000A500110B71498B13311ECB4A310E4B4AE7
:10A820002D020D0BF14D8F133146CF4A2F2A4F4A7F
:10A83000D100052AEF01140B3102100AAD010F0BF4
:10A840006F00024AEF01090AD400050AEF01034A2A
:10A850003102142AEF01040B649D8D52048AB472F4
:10A86000A401040BEF01040B242D89138418C94A99
:10A870008464C94AEF01040BA43485138408C54AD3
:10A8800008010F0B8458C54A8400110B84000F0B7C
:10A890004F498A13EF1DCA4AEF0D4A4AE701070BD9
:10A8A000EF7E94522FDFB7726B010F0BEB000B0B97
:10A8B000C74D8E13E744CE4AEE284E4A4700094A58
:10A8C000CE01030B032D88136318C84AE700080A5A
:10A8D000E700024A6364C84A6300070B6E010E0B6F
:10A8E000CE01030BA700042AE700060A8334841371
:10A8F0006308C44AAB00040AE7000B2A6358C44A41
:10A900006300070B87498C13E71CCC4A10020E0B1F
:10A91000EC0C4C4A471E8F5227CEB8724A01070BE7
:10A920008C01130BA74D8D13E744CD4A63000E0B2A
:10A93000ED284D4A2701084AAD01020B022E901363
:10A940004218D04AE700100A8A010A0BE700094AB8
:10A950004264D04A4D010D0B4200070B673483134C
:10A96000AD01020B8200032AE708C34A4200050A30
:10A970008A00030AE758C34A42000A2AE200020B8F
:10A98000070840B9E7000D0B4200070B020800B9A9
:10A99000020C40B94200030B020C00B9021040B98E
:10A9A0004200040B021000B9021440B94200050B2A
:10A9B000021400B9021840B94200060B42000D0B08
:10A9C000021800B9021C40B94200100B021C00B969
:10A9D000022040B94200080B022000B9022440B90D
:10A9E0004200090B022400B9E26F40B94204005151
:10A9F000E26F00B95F0400318103FF54F35341A9B2
:10AA0000F55B42A9F76343A9F96B44A9FB7345A918
:10AA1000FD7BC7A8C0035FD6C0035FD6FD7BBCA982
:10AA2000FD030091F35301A9F40300AAF303022AE2
:10AA3000F55B02A9F60301AAF76303A91708805280
:10AA4000000040B9151400120000022B800200B96A
:10AA5000F702154B83000054800640B90004001132
:10AA6000800600B9BF020071E212537AE801005477
:10AA7000E10316AA73020151D602178B98A2009126
:10AA8000E003152AB302130B15008052E20317AA44
:10AA90000003008B170A0094E10318AAE00314AA2C
:10AAA00022008052E7F7FF97627E0653E10316AA61
:10AAB000E00314AAE3F7FF976216007280010054C6
:10AAC00073667A9294A20091E003152AC102138B57
:10AAD000F55B42A98002008BF35341A942144092D6
:10AAE000F76343A9FD7BC4A8020A0014F35341A9EC
:10AAF000F55B42A9F76343A9FD7BC4A8C0035FD6F9
:10AB000042000034C6FFFF17C0035FD6FD7BBDA91E
:10AB100003078052FD030091F35301A9F40301AA36
:10AB2000F30300AA01084029427481134208C05A65
:10AB3000E22B00B922701D53211400126300014B57
:10AB40003FDC00714208C05AE22F00B9020F805268
:10AB50004200014B4280831A0101009021000D91B7
:10AB6000E8FFFF97E1A30091E00313AA02018052DE
:10AB7000ABFFFF97602E40398002003960164079A4
:10AB800080060039600A40B9007C0853800A003909
:10AB9000600A40B9800E0039603E403980120039A9
:10ABA000601E407980160039600E40B9007C085361
:10ABB000801A0039600E40B9801E0039604E40395D
:10ABC000802200396026407980260039601240B921
:10ABD000007C0853802A0039601240B9802E003969
:10ABE000605E403980320039602E4079803600390D
:10ABF000601640B9007C0853803A0039601640B9AD
:10AC0000803E0039606E40398042003960364079BC
:10AC100080460039601A40B9007C0853804A0039E8
:10AC2000601A40B9804E0039607E40398052003948
:10AC3000603E407980560039601E40B9007C085360
:10AC4000805A0039601E40B9805E0039608E4039FC
:10AC5000806200396046407980660039602240B9E0
:10AC6000007C0853806A0039602240B9806E003948
:10AC7000609E403980720039604E4079807600399C
:10AC8000602640B9007C0853807A0039602640B9BC
:10AC9000807E0039F35341A9FD7BC3A8C0035FD672
:10ACA000000440B90008C05AC0035FD61F0840F234
:10ACB00001010054010040B900BA8152C0BFBD7209
:10ACC0003F00006B0001801200109F1AC0035FD686
:10ACD00040028012FEFFFF17E100F8372200022B2E
:10ACE000A2000054032440B96308C05A5F00036BFC
:10ACF00069000054000080D205000014020840B929
:10AD00004208C05A41C0218B0000018BC0035FD6AE
:10AD1000FD7BBFA9E70302AAE2008012FD030091B8
:10AD2000E20000B9E503012A24100011E80300AA9B
:10AD300082008052E9FFFF97010040B94001801274
:10AD4000E00000B90060A0522608C05A3F00006B26
:10AD500060040054DF0C0071280100540020A05250
:10AD60003F00006B600100540040A0523F00006BA8
:10AD70000002005426018052160000140080A052E8
:10AD80003F00006B600100540020A152F8FFFF1744
:10AD9000E103042A22008052E00308AA8400020B87
:10ADA000CEFFFF97600000B40000403920FFFF3560
:10ADB0008200054BE103052AE00308AAC7FFFF97BD
:10ADC000A0FDFFB4840C001184741E12E40000B9CD
:10ADD000E003062AFD7BC1A8C0035FD6E103042A75
:10ADE000E00308AA82008052BCFFFF97000040B930
:10ADF000A43000110008C05A8400000BEDFFFF17BB
:10AE0000FD7BBEA9FD030091E2730091E11F00B933
:10AE1000C0FFFF971F040071E11F40B9600080125E
:10AE2000FD7BC2A82000801AC0035FD6FD7BBEA9AF
:10AE3000FD030091E2730091E11F00B9B5FFFF9798
:10AE40001F0C0071E11F40B960008012FD7BC2A899
:10AE50002000801AC0035FD6FD7BBEA9EB0300AAC9
:10AE6000EA0302AAFD030091FF1F00B9A100F83711
:10AE7000E4FFFF97E01F00B9E903002A0002F8375A
:10AE8000E91F40B9E2730091E0030BAAE103092A2C
:10AE9000A0FFFF971F080071800100541F2400715C
:10AEA000200200541F040071C1FEFF548A0000B448
:10AEB000400140B900040011400100B9E003092A33
:10AEC000FD7BC2A8C0035FD6CAFDFFB4410140B9F3
:10AED00021040051410100B941FDFF36E91F40B98D
:10AEE000F7FFFF17E91F40B9C900F8363F210031CD
:10AEF00061FEFF545F0100F129119F5AF0FFFF1717
:10AF000009008012EEFFFF17FD7BBEA9FD03009133
:10AF1000E2730091FF1F00B9D0FFFF97C000F83720
:10AF2000E11F40B93F04007100009F5AFD7BC2A899
:10AF3000C0035FD600008012FDFFFF17FD7BBEA996
:10AF4000EC0300AA20008052FD030091E01F00B92D
:10AF5000E2730091E0030CAAC0FFFF97E103002A0F
:10AF60002001F837E01F40B91F000071CD000054E8
:10AF70001F040071E1FEFF54E003012AFD7BC2A81B
:10AF8000C0035FD601008012FCFFFF17FD7BBDA947
:10AF9000FD030091F35301A9F30300AA600400111B
:10AFA000347C4093F55B02A994C220CBF60302AA3D
:10AFB0007402148B757C40937F0214EBE9000054FB
:10AFC000130080D2F55B42A9E00313AAF35341A911
:10AFD000FD7BC3A8C0035FD6E20315AAE10316AA4E
:10AFE000E00313AAF608009460000035606A753823
:10AFF000A0FEFF3473060091F0FFFF17021040B966
:10B000004208C05A41D0218B0000018BC0035FD69B
:10B01000030840B96308C05A61C0218B0000018B4E
:10B02000820000B4010440B92108C05A410000B9AF
:10B03000C0035FD6FD7BBDA9FD030091F35301A9B9
:10B04000F40300AAF303012AE2B30091E103132AF7
:10B05000E00314AA2FFFFF971F0C0071E0000054BB
:10B06000F32F40B91F240071010100547F020071C9
:10B070004001801273B2801AE003132AF35341A9EE
:10B08000FD7BC3A8C0035FD61F100071E0FDFF5415
:10B0900013008012F9FFFF17FD7BBEA9FD0300918D
:10B0A000F35301A9F40302AA020C40B94208C05AA2
:10B0B00041C0218B1300018B940000B4E00313AA5C
:10B0C0003F080094800200B9E00313AAF35341A99A
:10B0D000FD7BC2A8C0035FD6020080D2EFFFFF173E
:10B0E000FD7BBDA9FD030091F35301A9F40302AA5E
:10B0F000F30303AAF55B02A9F50300AAF603012AEC
:10B10000E8FEFF976001F837E103162AE00315AA6D
:10B11000BBFFFF97010040F9210CC0DA810200F962
:10B12000000440F9000CC0DA600200F9000080520F
:10B13000F35341A9F55B42A9FD7BC3A8C0035FD6C9
:10B14000E40300AAFD7BBFA903008052FD03009128
:10B15000E103032AE00304AAA9FFFF97A00000B5BA
:10B16000E3008012E003032AFD7BC1A8C0035FD681
:10B17000000440F980FFFFB463040011F5FFFF17DE
:10B18000FD7BBDA9FD030091F35301A9F30300AAC0
:10B19000F40302AAF55B02A9F503012A160840B9D7
:10B1A000C0FEFF97A000F837E103152AE00313AAB9
:10B1B00014FFFF970001F836140200B5130080D287
:10B1C000F55B42A9E00313AAF35341A9FD7BC3A891
:10B1D000C0035FD6D60AC05AD5C2358B7302158B11
:10B1E00073120091F4FEFFB4E00313AAF407009475
:10B1F000800200B9F3FFFF17800200B9F0FFFF17CC
:10B20000FD7BBBA9FD030091F35301A9F403012ABF
:10B21000F55B02A9F50300AAF60302AAF76303A9E6
:10B22000F703032A9FFEFF97F303002A2001F83754
:10B23000F303142AF87E4093FF4B00B9E04B40B96A
:10B240000100132A2101F8361F00007173A29F5AD2
:10B25000F55B42A9E003132AF35341A9F76343A91D
:10B26000FD7BC5A8C0035FD61F0400710103005415
:10B27000E2330191E103132AE00315AAC1FFFF970E
:10B28000F40300AA400200B4E14F40B9FF02016B91
:10B29000EC010054E20318AAE10316AA480800943E
:10B2A00060010035806A783840FDFF34E20318AA57
:10B2B000E00316AA010880524D080094800000B5F2
:10B2C000806A78381F00017140FCFF54E103132AA3
:10B2D000E2230191E00315AAE0FEFF97F303002AA1
:10B2E000D7FFFF17FD7BBDA9FD030091F35301A913
:10B2F000F40300AAF30302AAE00302AAF51300F97B
:10B30000F503012AAE070094E20313AAE303002A1F
:10B31000E103152AE00314AAF35341A9F51340F9F8
:10B32000FD7BC3A8B7FFFF17FD7BBEA9FD030091FE
:10B33000F30B00F9F30300AAB2FEFF97C000F83741
:10B34000E103002AE00313AAF30B40F9FD7BC2A836
:10B3500039FFFF17F30B40F9FD7BC2A8C0035FD68E
:10B36000FD7BBEA9FD030091F30B00F9F30300AAD6
:10B37000AFFEFF97C000F837E103002AE00313AAED
:10B38000F30B40F9FD7BC2A82BFFFF17F30B40F92D
:10B39000FD7BC2A8C0035FD6FD7BBAA9FD03009167
:10B3A000F96B04A97A7C4093F90302AAF35301A92B
:10B3B000F55B02A9F60300AAF50304AAF76303A943
:10B3C000F7031AAAF80305AAD8FFFF97F303002A88
:10B3D0008000F836550400B5140080D2190000141E
:10B3E000E20315AAE103132AE00316AA09FFFF9757
:10B3F000F40300AAE2730191E00316AA810A40B99E
:10B400002108C05A25FFFF97800000B4E15F40B9D2
:10B41000FF02016BA0000054E103132AE00316AA07
:10B42000D0FFFF97EAFFFF17E2031AAAE10319AA68
:10B43000E307009420FFFF35580000B4130300B960
:10B44000F55B42A9E00314AAF35341A9F76343A9AA
:10B45000F96B44A9FD7BC6A8C0035FD6A00200B962
:10B46000DEFFFF17EBFEFF17050080D2CBFFFF17B3
:10B47000FD7BBEA9FD030091E5730091C7FFFF9717
:10B48000400000B400300091FD7BC2A8C0035FD62D
:10B49000FD7BBEA9E40300AAFD030091F35301A9BB
:10B4A000F40302AAE20303AADAFEFF97F30300AA59
:10B4B000000100B4D40000B4610A40B9E00304AA5A
:10B4C0002108C05A05FFFF97800200F973320091EE
:10B4D000E00313AAF35341A9FD7BC2A8C0035FD6C2
:10B4E000FD7BBDA9FD030091F35301A9F40300AA5C
:10B4F000F30302AAE00302AAF55B02A9F60303AA7A
:10B50000F503012A2E070094E40316AAE303002A98
:10B51000E20313AAE103152AF55B42A9E00314AA8A
:10B52000F35341A9FD7BC3A8D2FFFF17FD7BBDA943
:10B53000C20000F042EC1591FD030091E3B30091CD
:10B54000F35301A9F30300AAF403012AE5FFFF97CF
:10B55000800000B4E12F40B93F1000716001005439
:10B56000C20000F0E3B3009142D41591E103142A24
:10B57000E00313AADBFFFF97200100B4E12F40B9DD
:10B580003F100071C1000054000040B90008C05ACB
:10B59000F35341A9FD7BC3A8C0035FD600008052CE
:10B5A000FCFFFF17FD7BBCA9FD030091F35301A92C
:10B5B000F40301AAF30300AAC10000F0210C1691C4
:10B5C000F51300F9F503022A4E0000946001F837E4
:10B5D000E103002AE4F30091E303152AE20314AA2D
:10B5E000E00313AAA3FFFF97F35341A9F51340F912
:10B5F000FD7BC4A8C0035FD6000080D2FBFFFF170D
:10B60000FD7BBCA9FD030091F35301A9F30301AA3B
:10B61000F55B02A9F503022AF71B00F9F70300AA5C
:10B62000A0FDFF97F403002A8005F8376002403937
:10B63000A27E409375C2358B1FBC0071A0050054DB
:10B64000E1058052E00313AA690700941F0000F18E
:10B650001610959AE10313AAC202134BE00317AA2E
:10B66000D1FFFF97E10300AA800400B4E00317AA0A
:10B67000F30316AA23000094F403002A7F0215EBBB
:10B68000C2020054F60313AAC00240391FBC007165
:10B69000E0010054A20216CBE1058052E00316AA95
:10B6A000530700941F0000F1E103142A1310959A28
:10B6B000E20316AA6302164BE00317AAD1FEFF9716
:10B6C000F403002AC0FDFF3604000014D6060091E2
:10B6D000BF0216EBA1FDFF54F55B42A9E003142A5B
:10B6E000F35341A9F71B40F9FD7BC4A8C0035FD603
:10B6F00014008052E2FFFF1794008012F7FFFF173B
:10B70000FD7BBEA9FD030091F35301A9F40300AA38
:10B71000F30301AAE00301AAA9060094E10313AA16
:10B72000E203002AE00314AAF35341A9FD7BC2A857
:10B73000B4FFFF17FD7BB9A9FD030091F35301A9E5
:10B74000F55B02A9F60302AAF76303A9F70300AAAF
:10B75000F803012AF96B04A9F903032AFB7305A96D
:10B7600050FDFF97F303002A8000F8373F07007170
:10B770004C01005453008012F55B42A9E003132AE8
:10B78000F35341A9F76343A9F96B44A9FB7345A996
:10B79000FD7BC7A8C0035FD61300805214008052FF
:10B7A00015008052FA058052FF6B00B97F020071CC
:10B7B00060A2587ACC060054E06B40B9E103152A28
:10B7C00007000014820A005194060051C2CA623870
:10B7D0005FBC007181FFFF54210400511F00016B09
:10B7E0002BFFFF540100156B21D09F1AB502010BEE
:10B7F0001F00156B81020054E2B30191E103132A8B
:10B80000E00317AA5FFEFF97E26F40B9E10300AAC9
:10B81000600000B5F303022AD8FFFF175C00140B89
:10B820009B0700117F03196BEC000054C0C2348BDE
:10B83000B5060011F4031B2A427C4093AD06009428
:10B84000DACA3C387F02186B61010054E06B40B9E2
:10B85000000400111F00156BECF8FF549F060071E7
:10B8600013008052E0D79F1A9402004BDFCA34388D
:10B87000C2FFFF17E103132AE2A30191E00317AA15
:10B8800076FDFF97F303002AC9FFFF177F060031FB
:10B89000AA0000547F12003101F7FF5453018012B7
:10B8A000B6FFFF1773008012B4FFFF17FD7BBBA923
:10B8B000FD030091F35301A9F403012AF303022AC3
:10B8C000F55B02A9F50303AAF71B00F9F70300AA29
:10B8D000F4FCFF976000F837F300F83600008012A0
:10B8E000F35341A9F55B42A9F71B40F9FD7BC5A8BD
:10B8F000C0035FD69601801200008052FF4F00B94E
:10B900001F00007100A0547ACCFEFF54E14F40B9F3
:10B910003F00136BD612801A1F00146BE100005415
:10B92000550000B4A10200B93F00136B8BFDFF541A
:10B93000E003162AEBFFFF17E103002AE23301912F
:10B94000E00317AA45FDFF97EEFFFF17FD7BBEA999
:10B9500002008052FD030091E3730091D4FFFF9732
:10B9600040000035E01F40B9FD7BC2A8C0035FD690
:10B97000FD7BBEA9FD030091F35301A9F30300AAC7
:10B98000F403012AF2FFFF970001F8370204005187
:10B99000E103142AE00313AA030080D2F35341A960
:10B9A000FD7BC2A8C2FFFF17F35341A9FD7BC2A8CC
:10B9B000C0035FD6FD7BBDA9FD030091F35301A930
:10B9C000F51300F9F503012A210400513F0C003161
:10B9D00008030054F40300AAB2FCFF97F303002A03
:10B9E000E000F837020080D201008012E00314AAC0
:10B9F0001AFDFF97F303002AC000F836F51340F94B
:10BA0000E003132AF35341A9FD7BC3A8C0035FD60B
:10BA1000E103132AE00314AAC5FEFF971F00156B6C
:10BA2000E0FEFF54E103132A020080D2F0FFFF176B
:10BA3000B3008012F2FFFF17FD7BBCA9FD0300914C
:10BA4000F35301A9F303012AF55B02A9F50300AA48
:10BA5000E00302AAF71B00F9F70302AAD805009435
:10BA600014040011F603002A947E40937F02166BA3
:10BA70006B010054E20314AAE10315AAE00317AA1C
:10BA80004F06009420020034627E4093E00315AA22
:10BA90000100805256060094E00000B5000080527C
:10BAA000F35341A9F55B42A9F71B40F9FD7BC4A8FC
:10BAB000C0035FD6010015CB730600517302014B22
:10BAC00015040091EAFFFF1720008052F5FFFF17D1
:10BAD000FD7BBCA9FD030091E3F30091F35301A9A1
:10BAE000F51300F97FFEFF97E00000B5F43F40B981
:10BAF000F51340F9E003142AF35341A9FD7BC4A8D0
:10BB0000C0035FD6F53F80B9F30300AA140080524A
:10BB10001500158B7F0215EBC2FEFF54A10213CB5B
:10BB2000E00313AABD05009400040011E03F00B932
:10BB300073C2208B7F0215EB68000054940600113D
:10BB4000F5FFFF17D4018012EAFFFF17FD7BBBA9A9
:10BB5000FD030091F35301A9F55B02A9F60303AAC3
:10BB6000E3330191F76303A95EFEFF97000100B57F
:10BB7000F44F40B9F55B42A9E003142AF35341A9FD
:10BB8000F76343A9FD7BC5A8C0035FD6F30300AAF2
:10BB9000E00316AA8A050094F54F80B91704001136
:10BBA000140080527502158B7F0215EB6300005460
:10BBB00014008012F0FFFF17A10213CBE00313AAB9
:10BBC0009605009400040011E04F00B978C2208B64
:10BBD000027C40931F0315EB680100541F00176B94
:10BBE0008000005494060011F30318AAEFFFFF171A
:10BBF000E10316AAE00313AAF105009440FFFF3504
:10BC0000DDFFFF17D4018012DBFFFF17FD7BBCA90E
:10BC1000FD030091F35301A9F40304AAF55B02A903
:10BC2000F603032AE3F300912EFEFF97400100B5CF
:10BC3000740000B4E03F40B9800200B9130080D224
:10BC4000F55B42A9E00313AAF35341A9FD7BC4A805
:10BC5000C0035FD6F53F80B9F30300AA1500158B2A
:10BC60007F0215EB83000054B4FEFFB40000801285
:10BC7000F2FFFF17A10213CBE00313AA670500949C
:10BC800001040011E13F00B961C2218B3F0015EBB7
:10BC90008900005454FDFFB4C0018012E7FFFF1774
:10BCA00096000035F4FCFFB4800200B9E5FFFF17F1
:10BCB000D6060051F30301AAEAFFFF17FD7BBDA9D9
:10BCC000FD030091E3B30091F30B00F9F30302AA23
:10BCD000C20000F04248089102FEFF97A00000B5A4
:10BCE000E02F40B9F30B40F9FD7BC3A8C0035FD63A
:10BCF000E12F40B9E20313AA50FFFF971F00007124
:10BD0000E0179F1AF8FFFF17FD7BBDA9FD03009107
:10BD1000F35301A9F40300AAF303012AF51300F970
:10BD2000F50302AADFFBFF97E001F837E103132ACE
:10BD3000E00314AA020080D248FCFF97F303002A14
:10BD40000001F837E20315AAE103132AE00314AA5D
:10BD5000DBFFFF971F0400316B00005480FEFF35AE
:10BD6000E003132AF35341A9F51340F9FD7BC3A85F
:10BD7000C0035FD61F0000718C010054C001005445
:10BD8000E003004B1F4C0071AC000054C100009058
:10BD900021001E9120D860F8C00000B5C00000F05E
:10BDA00000B4169103000014C00000F0003016919A
:10BDB000C0035FD6C00000F000881691FDFFFF179A
:10BDC000050C40B9E40300AA002040B9A508C05AF8
:10BDD0000008C05AA500000B200004CBE200F83791
:10BDE000467C4093C00000AB82000054E803052A63
:10BDF0001F4025EB6900005460008012C0035FD62D
:10BE0000E70301AA3F0004EB83FFFF546000050B2A
:10BE10001F00026B23FFFF54800440B96200024BF5
:10BE20004200050B0008C05A5F00006B6801005417
:10BE3000FD7BBFA92100068B8200088BFD030091CA
:10BE4000420001CBE0C0238B4505009400008052E6
:10BE5000FD7BC1A8C0035FD640008012C0035FD63F
:10BE6000FD7BBDA9FD030091F35301A9F303032A50
:10BE7000F40300AA636C1C53F51300F9F503022ABE
:10BE8000426C1C53CFFFFF9780010035810A40B9F7
:10BE90007302154B2108C05A2110130B2108C05AF8
:10BEA000810A00B9810E40B92108C05A3310130B22
:10BEB000730AC05A930E00B9F35341A9F51340F920
:10BEC000FD7BC3A8C0035FD6FD7BBDA9FD03009128
:10BED000F35301A9F40300AAF303032AF51300F9AD
:10BEE000F503022AB7FFFF9780010035812640B98C
:10BEF0006302154B2108C05A6100010B2108C05A8A
:10BF0000812600B9810E40B92108C05A6300010B97
:10BF10006308C05A830E00B9F35341A9F51340F9E1
:10BF2000FD7BC3A8C0035FD6FD7BB9A9FD030091CB
:10BF3000F35301A9F55B02A9757C4093F603042A2B
:10BF4000F76303A9F70305AAF96B04A9FA0300AA8A
:10BF5000F90302AAFB7305A9AAFBFF97F803002ABD
:10BF60002009F837540F40B9E303152A412340B99B
:10BF7000E20319AA940AC05A5403148B2108C05A28
:10BF8000E00314AA02FCFF97000300B41300144B53
:10BF9000D301F837410B40B9C30E001163741E1270
:10BFA000E0031AAA2108C05A6330001121C0388B5F
:10BFB000020080524103018BE10200F9C3FFFF97A9
:10BFC000E0040034F303002AF55B42A9E003132ADE
:10BFD000F35341A9F76343A9F96B44A9FB7345A93E
:10BFE000FD7BC7A8C0035FD6442340B9BC0600113F
:10BFF000410F40B9E3031C2A9B08C05A8408C05A69
:10C000002108C05AE0031AAA2100048B02008052C2
:10C010004103018BE43700F96AFFFF97F303002A1D
:10C0200080FBFF35E43740F9E20315AA402340B90D
:10C03000E10319AA9402048BF3031B2A0008C05AD7
:10C040009C03000BE00314AA9C0BC05A5C2300B9AC
:10C05000A80400949F6A3538CEFFFF17E10240F92B
:10C060000260A052730AC05AD60AC05A220000B910
:10C07000E10240F9330800B9E10240F9360400B9A1
:10C08000D1FFFF17F303002AD0FFFF17FD7BBCA9E8
:10C09000FD030091F35301A9F30300AAF40302AADC
:10C0A000F55B02A9F50301AAF71B00F925FCFF9730
:10C0B000611240B923008052020080522108C05A08
:10C0C00036D0208BE00313AA7702168BE10317AA60
:10C0D00064FFFF97A0000035B50EC0DA756A36F828
:10C0E000940EC0DAF40600F9F35341A9F55B42A9B6
:10C0F000F71B40F9FD7BC4A8C0035FD6FD7BBDA93B
:10C10000FD030091F35301A9F40300AAF51300F90C
:10C11000F503012A131040B9730AC05A73D2218B58
:10C120001300138B07FCFF971F00156B2D010054A4
:10C13000F51340F9E10313AAE00314AA03008052A7
:10C14000F35341A922008052FD7BC3A845FFFF178E
:10C15000F35341A900008012F51340F9FD7BC3A8F9
:10C16000C0035FD6FD7BBAA9FD030091F35301A97B
:10C17000F40300AAF303042AE4530191F55B02A936
:10C18000F503012AF60302AAF76303A9F803032AB9
:10C19000F70305AAF92300F9B4FCFF97E02F00F993
:10C1A000F90300AAE05740B9590100B51F04003156
:10C1B0002003005420020034F35341A9F55B42A947
:10C1C000F76343A9F92340F9FD7BC6A8C0035FD6F6
:10C1D000000C0011630E001102741E1263741E1213
:10C1E00021330091E00314AA38FFFF9700010035C6
:10C1F000730AC05A330700B9E02F40F900300091AC
:10C20000E00200F900008052ECFFFF171F0400312C
:10C2100041FDFF54E5630191E403132AE303182A67
:10C22000E20316AAE103152AE00314AA3FFFFF97D1
:10C23000E1FFFF17FD7BBCA9FD030091F35301A9AA
:10C24000F303052AE5E30091F51300F9F50304AAC9
:10C25000E403132AC4FFFF97F403002AC00000354B
:10C26000B3000034E01F40F9627E4093E10315AA59
:10C2700020040094F51340F9E003142AF35341A974
:10C28000FD7BC4A8C0035FD6FD7BBAA9FD03009166
:10C29000F35301A9F40300AAF303012AF55B02A9F1
:10C2A000F603032AF76303A9F70302AAF92300F9A7
:10C2B000D4FBFF978006F8361F0400318105005437
:10C2C000E2730191E103132AE00314AA91FAFF97A4
:10C2D000F85F40B9E2730191E00314AAE103182A60
:10C2E0008CFAFF97000C00511F04007129FFFF54C6
:10C2F000950A40B9D312001173761E12E00314AAF6
:10C30000B50AC05A73220011B5C2388BE303132A51
:10C310009902158B02008052E10319AAEBFEFF97E8
:10C3200060020035C20600110020A052806A35B8B4
:10C3300034130091427C409301008052420C0091E2
:10C34000E00314AA42F47E9233C3338BCF030094EC
:10C35000C27E4093E10317AAE00314AAE503009408
:10C360000040A05260C21FB8E003182AF35341A94D
:10C37000F55B42A9F76343A9F92340F9FD7BC6A801
:10C38000C0035FD620008012F9FFFF17FD7BBDA917
:10C39000FD030091F35301A9F40300AAF30302AAD9
:10C3A000E00302AAF51300F9F503012A84030094BF
:10C3B000E20313AAE303002AE103152AE00314AA07
:10C3C000F35341A9F51340F9FD7BC3A8AFFFFF1755
:10C3D000FD7BBEA9FD030091E373009141FCFF9733
:10C3E000E10300AAE01F40B9010100B41F10007171
:10C3F00001010054200040B9A10180120008C05A78
:10C400001F1000710090811AFD7BC2A8C0035FD687
:10C41000A0018012FDFFFF17FD7BBFA9C20000D065
:10C4200042341C91FD030091EAFFFF97A000003405
:10C430001F040031810000544000805202000014AB
:10C44000A0018012FD7BC1A8C0035FD6FD7BBFA900
:10C45000C20000D042701C91FD030091DDFFFF97E8
:10C460001F0400314100005420008052FD7BC1A810
:10C47000C0035FD6FD7BBDA9FD030091F30B00F95E
:10C48000F303032AE3B3009116FCFF97C00000B446
:10C49000E12F40B93F0C007169000054130040B90E
:10C4A000730AC05AE003132AF30B40F9FD7BC3A8BB
:10C4B000C0035FD6FD7BBDA9FD030091F30B00F91E
:10C4C000F303032AE3B3009106FCFF97C00000B416
:10C4D000E12F40B93F0C007169000054130040B9CE
:10C4E000730AC05AE003132AF30B40F9FD7BC3A87B
:10C4F000C0035FD6FD7BBDA9FD030091F35301A9E5
:10C50000F403032AF30304AAE3B30091F5FBFF97B6
:10C51000200100B4E12F40B93F00146B610180128B
:10C5200021B09F1A610200B9F35341A9FD7BC3A852
:10C53000C0035FD601008012FBFFFF17FD7BBFA980
:10C54000FD030091E00000B5C00000D000A01C91E8
:10C5500091E3FF9720008012FD7BC1A8C0035FD646
:10C560001F0440F221FFFF54D1F9FF9760FFFF3411
:10C57000F6FFFF17FD7BBFA9C20000D0030080D2E9
:10C58000FD03009142D41C91D6FBFF97000100B43B
:10C59000C10000D021F01C91E90200941F0000713D
:10C5A000E0179F1AFD7BC1A8C0035FD62000805210
:10C5B000FDFFFF17FD7BBAA9FD030091F35301A90D
:10C5C000F40300AAF303022AE00301AAF55B02A91F
:10C5D000F76303A9F70301AAF96B04A9F90303AAF6
:10C5E000F7020094E2430191E103132A167C409381
:10C5F000E00314AAE3FAFF97F80300AAC10000D0F1
:10C60000E00314AA210C16913EFCFF97E103002AD7
:10C61000E00314AA45FBFF97F303002A1F000071F3
:10C620006C0000543500801222000014E103132A2C
:10C63000E3530191E2630191E00314AA95FBFF9794
:10C64000F50300AAE1034A291F00016B0B04005403
:10C65000BA0240395FBF0071A103005400040051C9
:10C66000A0CA603840030035E02F40F9E20316AA63
:10C67000E10317AABB020094A0020035E1031A2AC5
:10C68000E00315AAD502009400040091E10318AA62
:10C69000AB020094F503002AA0010035E02F40F919
:10C6A000B30800941F04003120010054200300B996
:10C6B000F35341A9E003152AF55B42A9F76343A9A7
:10C6C000F96B44A9FD7BC6A8C0035FD6E103132A1A
:10C6D000E00314AA23FBFF97D0FFFF17FD7BBBA944
:10C6E000FD030091F35301A9F40300AAE00301AA9A
:10C6F000F55B02A916008012F71B00F9F70301AAE7
:10C70000AF020094157C4093C10000D0E00314AA4E
:10C71000210C1691FBFBFF97E103002AE00314AA0A
:10C7200002FBFF97F303002A7F020071EC00005424
:10C73000F35341A9E003162AF55B42A9F71B40F920
:10C74000FD7BC5A8C0035FD6E103132AE313019163
:10C75000E2230191E00314AA4EFBFF970100403948
:10C760003FBC0071C1010054E14740B921040051B0
:10C7700000C8613840010035E02740F9E20315AAFE
:10C78000E10317AA77020094A0000035E02740F9E2
:10C7900077080094DF02006BD6A2801AE103132A07
:10C7A000E00314AAEFFAFF97F303002ADFFFFF1755
:10C7B000000200B4FD7BBEA9FD030091F35301A963
:10C7C000F30300AAF40301AAC10000B021FC029106
:10C7D000CCFBFF97E103002AE20314AAE00313AAAB
:10C7E000F35341A9030080D2FD7BC2A83DFBFF1794
:10C7F000C0035FD6FD7BBDA9FD030091F35301A9E2
:10C80000F303042AF40303AAE4B3009163761E53EE
:10C8100039FFFF97E20300AAE02F40B9600100341E
:10C82000F35341A9FD7BC3A8C0035FD6437861B829
:10C830006308C05A837A21B8210400917F02016BFA
:10C840006CFFFF54F7FFFF17010080D2FCFFFF17BA
:10C85000FD7BBEA9FD030091E373009121FBFF97CF
:10C860001F0000F1E0079F1AFD7BC2A8C0035FD63E
:10C87000FD7BB9A9FD030091F35301A9F40306AAB6
:10C88000F55B02A9F60303AAF503052AE3B30191B8
:10C89000F76303A9F70300AAF803042AF96B04A9B4
:10C8A000FB7305A90FFBFF97400100B53B00801209
:10C8B000F35341A9E0031B2AF55B42A9F76343A99F
:10C8C000F96B44A9FB7345A9FD7BC7A8C0035FD6DC
:10C8D000F96F80B9F30300AA1B00805239F77E92EA
:10C8E0001900198B7F0219EB6300005435FEFF37E6
:10C8F000EFFFFF17604640B81A08C05AE003003443
:10C90000DF0200F16403557A21030054E1031A2A7F
:10C91000E00317AA28FCFF97FC03002A6000F83602
:10C92000BB028012E3FFFF17560200B4E103002AA6
:10C93000E20316AAE00317AA03008012CEFEFF97B7
:10C940001F040031E0FEFF54614A208B3F0301EBDE
:10C9500083FEFF547F03156B010300549AFAFF34E2
:10C96000340100B51B008052D2FFFF171C0080125B
:10C97000E003182AF5FFFF171C0080120000805208
:10C98000F5FFFF171F400071010280520290811ACB
:10C990009C0A002994220091000080D25F00006B65
:10C9A00029FEFF54617A60B82108C05A817A20B804
:10C9B00000040091FAFFFF17734A208B7B070011D8
:10C9C000C9FFFF17E103012AE30300AA020080D296
:10C9D000000080D23F0002EB41000054C0035FD64C
:10C9E000647862B8420400918408C05A808000AA2A
:10C9F000F9FFFF17FD7BBCA9FD030091F35301A9CB
:10CA0000F303052AF40306AAF55B02A9F603032A39
:10CA1000F503042AE3F30091B2FAFF97200300B470
:10CA2000E20300AAA002130BE13F80B9007C161BB1
:10CA300021F47E9240C8208B4200018B05C8358BC3
:10CA4000A1C8338B5F0001EBC3010054E103152A39
:10CA5000DDFFFF97E70300AAB40000B4E103132A47
:10CA6000E00305AAD8FFFF97800200F9F35341A91C
:10CA7000E00307AAF55B42A9FD7BC4A8C0035FD60B
:10CA800007008092FAFFFF17FD7BBBA9FD03009111
:10CA9000F35301A9F30300AAF55B02A9F503022AE7
:10CAA000F60303AAF76303A9F703042AF80305AA08
:10CAB000F96B04A9FA03012AD91C001257FEFF974B
:10CAC0001F0000718D020054F403002AE1031A2AAA
:10CAD000E00313AA5EFEFF97E503002AC001F837C2
:10CAE000E703192AE60318AAF96B44A9E403142AF8
:10CAF000E303172AE20316AAF76343A9E103152A01
:10CB0000F55B42A9E00313AAF35341A9FD7BC5A835
:10CB1000B9FFFF17F35341A900008092F55B42A9CA
:10CB2000F76343A9F96B44A9FD7BC5A8C0035FD691
:10CB3000FD7BBAA9FD030091F35301A9F55B02A99E
:10CB4000F603032AF50304AAF76303A9F70300AA6F
:10CB5000F803012AF92300F9F90302AA85FBFF97DC
:10CB6000F303002A2002F837E103002AE00317AAA2
:10CB70002AFEFF97F403002AE103132AE00317AA11
:10CB800033FEFF97F303002AE3730191E20319AA2E
:10CB9000E103182AE00317AA52FAFF97E50300AA57
:10CBA000200100B5F35F40B9F55B42A9E003132A09
:10CBB000F35341A9F76343A9F92340F9FD7BC6A8C4
:10CBC000C0035FD6E25F80B9607E409300C0348BC3
:10CBD0008102130B42F47E92877E409300F47ED351
:10CBE000217C7E93A200028B03008052A400008B64
:10CBF0005F0004EB6200005413008012EBFFFF178C
:10CC00007F00166BC1010054E103142AE00305AA5A
:10CC10006DFFFF97E60300AAA61A00A9E103132AF5
:10CC2000A008078B68FFFF97C600008BC60400D1E1
:10CC300013008052A60600F9DCFFFF17A500018B48
:10CC400063040011EAFFFF1700008052C0035FD6A3
:10CC5000FD7BBEA9FD030091F30B00F908E1FF97EE
:10CC600020020035F30312AA0100805220008052F6
:10CC70006AE0FF97600A00F9410A40F9410100B4F7
:10CC8000A1008052417A00B9400A40F92CFEFF977A
:10CC900040010035F30B40F9FD7BC2A8400A40F982
:10CCA000EAFFFF17000100B000A00A91400A00F956
:10CCB0005F7A00B9F5FFFF17F30B40F9FD7BC2A8BF
:10CCC000C0035FD6FD7BB7A9FD030091F35301A913
:10CCD000F30300AAF55B02A9F60305AAF76303A90B
:10CCE000F96B04A9FA0303AAFB7305A9FC03022A42
:10CCF000E43300F9610000B5C10000D021041D91AA
:10CD0000E00313AA7FFAFF97F503002A2001F83603
:10CD100020008012F35341A9F55B42A9F76343A9B0
:10CD2000F96B44A9FB7345A9FD7BC9A8C0035FD675
:10CD3000DB0000D07B473A91E103002AE333029104
:10CD4000E2031BAAE00313AAE6F9FF97F70300AA80
:10CD500000FEFFB4E103152AE00313AAAFFDFF971D
:10CD6000F803002AE103152AE00313AAB8FDFF9790
:10CD7000F903002AE103152AE00313AA63F8FF97D9
:10CD8000F403002AC00000D000DC1D91E03700F958
:10CD9000C00000D000081E91E03B00F93408F836CE
:10CDA000F403152AB60000B4C0A20191020680D295
:10CDB0000100805235010094E103142AE00313AA14
:10CDC000C20000D042381E91A2FEFF97F38F40B9F7
:10CDD000F403002A80008052730EC01A207F409313
:10CDE00000C0388B737E4093730200CBF30A138B21
:10CDF000FF0213EB280A0054DCA201911B008052B1
:10CE0000150080D2E20240B91F0B00718108005466
:10CE10004208C05AF7120091427C60D3E10240B947
:10CE20002108C05A2000028B560000B4800300F98C
:10CE30005F0300F1601B407A41000054400300F999
:10CE40003F0B007100070054E1120091020080D2F4
:10CE5000F70301AAE14640B82108C05A2100028B1D
:10CE600074000034E3E5FF97E10300AA560000B424
:10CE7000810700F97B070011B502018B7F0F00715C
:10CE8000800000549C4300917F0217EBC2FBFF54CB
:10CE9000E03340F9600500B5000080529EFFFF17A7
:10CEA000E23740F9E103142A03008012E00313AAD9
:10CEB00071FDFF97E503002AE23B40F9E103142AE4
:10CEC000E00313AA03008012E57F00B96AFDFF9713
:10CED000C001F837E57F40B9A5001C0ABF00006B10
:10CEE00041010054E3330291E2031BAAE103142A37
:10CEF000E00313AA7BF9FF97F70300AA40F5FFB5FB
:10CF0000A002801284FFFF17E103142AE00313AA92
:10CF10000BF8FF97F403002AA1FFFF17020080D24D
:10CF2000BFFFFF17E20640B9E12200914208C05A54
:10CF3000427C60D3C7FFFF17150080D2D5FFFF17D3
:10CF4000E03340F9150000F9D4FFFF17E203022A8D
:10CF5000030080D27F0002EB41000054C0035FD683
:10CF600024686338630400910040C41AFAFFFF1775
:10CF7000FD7BBFA9E003202AFD030091F4FFFF978A
:10CF8000E003202AFD7BC1A8C0035FD6FD7BBDA9BD
:10CF9000FD030091F35301A9F30301AAF403002A4E
:10CFA000F55B02A9F603032A3540228B7F0215EBBD
:10CFB000C3000054F55B42A9E003142AF35341A9CE
:10CFC000FD7BC3A8C0035FD6A50213CBE10313AA60
:10CFD000DF02056BE003142AC532851AE203052A35
:10CFE000E4FFFF9773C2258BF403002A91E4FF97B7
:10CFF000EFFFFF17FD7BBDA9FD030091F30B00F9C7
:10D00000F30302AAE203012AE10300AA000080520E
:10D01000DFFFFF970008C05AE1B30091820080D281
:10D02000E02F00B9E00313AAB2000094F30B40F91B
:10D03000FD7BC3A8C0035FD6FD7BBFA9C00000B0C5
:10D0400000601E91FD030091D3E0FF9700000014E3
:10D05000FD7BBDA9FD030091F51300F9F503012A3D
:10D0600001FC0091F35301A921E47A92F40300AA90
:10D07000000880D2B3E3FF97F30300AAA00000B436
:10D0800095007836E20314AA010080527F000094D4
:10D09000F51340F9E00313AAF35341A9FD7BC3A89C
:10D0A000C0035FD6620300B4A60000F0C6683691E4
:10D0B000050080D20468653823686538640200344E
:10D0C000430200349F00036B80010054877C40932F
:10D0D000C76867386700003684800011841C00121E
:10D0E000C7C863386700003663800011631C0012F4
:10D0F0007F00046BA1000054A5040091BF0002EB67
:10D10000A1FDFF54E303042A8000034BC0035FD654
:10D110000300805204008052FCFFFF17E27F40B200
:10D12000E1FFFF17020080D22368623803682238CB
:10D1300042040091A3FFFF35C0035FD6E50300AAB8
:10D14000030080D224686338A268633863040091C6
:10D150004000046B8408407A61FFFF54C0035FD62F
:10D16000E50300AA040080D25F0004EB61000054D4
:10D17000000080520700001426686438A3686438F1
:10D18000840400916000066BC408407AE1FEFF54FD
:10D19000C0035FD6211C0012020040395F00016B02
:10D1A00041000054C0035FD66200003400040091C7
:10D1B000FAFFFF17000080D2FBFFFF17E10300AA70
:10D1C0002200403962000035200000CBC0035FD64A
:10D1D00021040091FBFFFF17FD7BBFA9E40300AA18
:10D1E000E303012AFD030091631C0012F4FFFF9783
:10D1F0008000008B010040393F00036BA000005409
:10D20000000400D19F0000EB69FFFF54000080D2B2
:10D21000FD7BC1A8C0035FD60100018BE20300AA19
:10D220005F0001EB600000544300403963000035AB
:10D23000400000CBC0035FD642040091F9FFFF1706
:10D24000FD7BBEA9FD030091F30B00F9F30300AAD7
:10D25000E00000B4DAFFFF970004009174E1FF974B
:10D26000E40300AAC00000B5F30304AAE00313AA74
:10D27000F30B40F9FD7BC2A8C0035FD6E10313AAFC
:10D28000A9FFFF97F9FFFF17030840F2810200543E
:10D29000261C4092040080D205018052C42004AABA
:10D2A000A5040071C1FFFF54450003CBBF1C00F172
:10D2B0000801005444F07D92420840920400048B1F
:10D2C000030080D25F0003EBE1000054C0035FD68F
:10D2D000046823F863200091F4FFFF17E40300AA19
:10D2E000F8FFFF178168233863040091F6FFFF17EA
:10D2F0001F0001EB00010054030001AA630840F283
:10D3000020010054E40300AA030080D25F0003EB75
:10D31000E1010054C0035FD6246863F8046823F871
:10D3200063200091440003CB9F1C00F168FFFF5471
:10D3300043FC43D3E4008092637C049B4200038B54
:10D34000040003CB210003CBF0FFFF1725686338EF
:10D350008568233863040091EDFFFF17E60300AAF8
:10D360001F0001EB890000542300028B7F0000EBBB
:10D3700008010054FD7BBFA9E00306AAFD0300914C
:10D38000DCFFFF97E00306AAFD7BC1A8C0035FD6C0
:10D390000100028BE20322AA000080D2000400D127
:10D3A0001F0002EB61000054E00306AAC0035FD631
:10D3B0006468603824682038F9FFFF17E50300AA85
:10D3C000040080D25F0004EB610000540000805232
:10D3D00006000014A368643820686438840400914F
:10D3E0006000006B00FFFF54C0035FD60200028B99
:10D3F000211C00121F0002EB61000054000080D2CB
:10D40000C0035FD6E30300AA641440389F00016B99
:10D4100080FFFF54E00303AAF7FFFF17E40300AA0D
:10D42000030080D2000080523F00036B4C00005488
:10D43000C0035FD682686338630400910200024B28
:10D44000401C0012F9FFFF17FD7BBEA9FD030091F0
:10D45000F35301A9F40300AA2AD0FF97F30300AA0B
:10D4600026D0FF97017D80D2E003002A737E019BC6
:10D47000600AC09A000014CBF35341A9FD7BC2A8F7
:10D48000C0035FD6FD7BBEA9FD030091F35301A944
:10D49000F40300AA1BD0FF97F30300AA17D0FF974D
:10D4A000017D80D2737E019B0108C19A217C40924C
:10D4B000730AC19A600214CBF35341A9FD7BC2A841
:10D4C000C0035FD6FD7BBEA9FD030091F30B00F9FD
:10D4D0000CD0FF97F30300AA08D0FF97014888D229
:10D4E000E003002AE101A0F2737E019B600AC09A6A
:10D4F000F30B40F9FD7BC2A8C0035FD6FD7BBEA93C
:10D50000FD030091F30B00F9F30300AAFBCFFF9793
:10D51000737E009B004888D2E001A0F2600AC09AA6
:10D52000F30B40F9FD7BC2A8C0035FD6FD7BBEA90B
:10D53000FD030091F35301A9F40300AAF1CFFF9773
:10D54000F30300AAE00314AAEDFFFF977302008B18
:10D5500073060091EBCFFF971F0013EBC3FFFF543F
:10D56000F35341A9FD7BC2A8C0035FD6FD7BBDA9D3
:10D57000FD030091F35301A9F30300AAF51300F989
:10D5800015D092D21513A0F22AE3FF977F0215EB74
:10D590007492959AE00314AAE5FFFF97730214EBC7
:10D5A00041FFFF54F35341A9F51340F9FD7BC3A894
:10D5B000C0035FD6000080D2C0035FD6FD7BB9A94F
:10D5C000FD030091F35301A9F4430191F30301AA70
:10D5D000F55B02A9B50000F0B5EA2D91E10315AAAB
:10D5E000F6830191F76303A9F703022AF80300AA5F
:10D5F000020280D2E00314AAF92300F93DFFFF974D
:10D60000E00316AA020280D2A102028B39FFFF9723
:10D61000FF0240F2C00000B09602969A00081F91E7
:10D62000FF027FF2D50000B0B51E1F91140080D21A
:10D63000B502809A175580D2B9058052C06A7438F5
:10D64000E10315AA026B6038E00313AA33040094C7
:10D65000E026D49A60010037730A00919406009185
:10D660009F4200F1C1FEFF54F35341A9F55B42A96B
:10D67000F76343A9F92340F9FD7BC7A8C0035FD630
:10D68000730E009179F21F38F5FFFF17FD7BBFA9DC
:10D69000FD03009140DFFF974001805229DFFF9793
:10D6A00066FEFF97FD7BB7A9FD030091E18B05A9FD
:10D6B000E1430291E10703A9E1430191E12300F96C
:10D6C000E1068012E14B00B9E1430091FF4F00B940
:10D6D000E39306A9E20F43A9E20F01A9E20F44A9CF
:10D6E000E20F02A9E59B07A9E74700F91F04009490
:10D6F0004001805213DFFF9750FEFF97281C44D350
:10D70000E20300AA202C48D3257C0C530301000B14
:10D71000C40080526330410B210C0012A60C050B93
:10D72000C600080B6304041BA119805244018052F7
:10D73000677C011BE77C0B53E38C041B63C0001167
:10D74000430000390308000B6300070B6300062B3E
:10D750006100005440040091C0035FD6667C011B49
:10D76000C67C0B53C004000BC38C041B63C00011A8
:10D7700043040039A300002A6300003540080091EB
:10D78000F6FFFF17A3018052037C031B637C075342
:10D790006508052B6080041B00C00011400800399B
:10D7A00061000054400C0091ECFFFF17A17C011BAD
:10D7B000217C0B532494041B84C00011440C0039B9
:10D7C0006100003540100091E4FFFF1721C00011F7
:10D7D0004014009141100039E0FFFF17E9D390D2C7
:10D7E000CB0080522900A0F228050091A719805291
:10D7F00046018052AA0180523F0009EB48000054C4
:10D80000BFFFFF172208C89A001400914584089BA7
:10D81000E10302AAAD1C0453A22C0853A401020B7D
:10D82000A37C0C538430450BA50C00126C0C030B2D
:10D830008C010D0B84140B1B857C071BA57C0B53E3
:10D84000A490061B84C0001104B01F384408020BCA
:10D850008400050B84000C0B857C071BA57C0B53F7
:10D86000A204020BA490061B84C0001104C01F3840
:10D87000447C0A1B847C07538308030B8288061BA5
:10D8800042C0001102D01F38627C071B427C0B5340
:10D89000438C061B42C0001163C0001103E01F3817
:10D8A00002F01F38D5FFFF17FD7BB5A9EF0301AAD2
:10D8B000EE0300AAFD030091F35301A9E10302AABC
:10D8C000F403042AF55B02A9F303052AF603032AED
:10D8D000F76303A9F503062AF96B04A9FB2B00F9EA
:10D8E000950230367F280071F9079F1AB8021B1283
:10D8F000BA021C1255002036B57A1F127509083677
:10D90000C101F8B6E10301CB94060051B70580527E
:10D91000D9010035DF2A007101090054FBA30191F0
:10D92000E0031BAAAEFFFF9700001B4B0E00001484
:10D93000D9001A12EEFFFF17150710369406005192
:10D940007705805299000034DF42007120070054AF
:10D950009406005101FEFFB500068052E0A3013994
:10D96000200080D21F00136B2102805205A0931A61
:10D970008202054BBF02016A600A0054B7000034FE
:10D98000DF010FEB42000054D7010039CE050091B2
:10D99000D9010034DF010FEB620000540106805210
:10D9A000C1010039C1050091DF42007141090054F5
:10D9B000FF0101EB89000054010B80520103012A91
:10D9C000C1050039CE0900915A0200350106805286
:10D9D000BF0240F204048052E303022A8400811A49
:10D9E000E1030EAA63040071A5070054430400512B
:10D9F000E103022A7F040031E4B79F1A9F000071FF
:10DA000021109F9AE207825ACE01018B4200030B3C
:10DA1000010680523B000014950018369406005110
:10DA200017048052C8FFFF1717008052C6FFFF1768
:10DA3000940A005121F9FFB4DF420071E400009024
:10DA4000E3179F1AC6060051630C0011E5A301916C
:10DA500084002091020080D22000068A2124C39AEB
:10DA6000001C4092806860380003002A4068253816
:10DA7000E00302AA4204009101FFFFB50004001177
:10DA8000B9FFFF173F000FEB42000054240000399C
:10DA9000210400916304007165FFFF5441040051AB
:10DAA000A400144B3F040031E3B79F1A7F000071BC
:10DAB00042109F9A84109F1ACE01028B2200040B01
:10DAC000AFFFFF17E303022AE1030EAA040480520A
:10DAD000F1FFFF17EE0301AABCFFFF173F000FEB9A
:10DAE000420000542400003921040091BEFFFF17BA
:10DAF000DF010FEB42000054C1010039CE05009157
:10DB0000A50400511F00056B4DFFFF540504005193
:10DB1000E1A30191E403002AE3030EAA21C0258BAF
:10DB200084040071A5020054BF040031E103022AFD
:10DB300000A09F9A03048052CE01008BE0030EAA3E
:10DB40002104007185020054E003022A42040051BE
:10DB50005F04003100A09F9AF35341A9C001008BDC
:10DB6000F55B42A9F76343A9F96B44A9FB2B40F984
:10DB7000FD7BCBA8C0035FD67F000FEB6200005493
:10DB8000260040396600003963040091210400D169
:10DB9000E4FFFF171F000FEB4200005403000039A1
:10DBA00000040091E7FFFF17FD7BBCA9FD03009176
:10DBB000F35301A9F40300AAF303032AF55B02A9B6
:10DBC000F60301AAF71B00F9F703052AC20300B503
:10DBD000D50000B0B5321F91817C4093E00315AAB7
:10DBE0008EFDFF97E303002A77052036020080D2DE
:10DBF0007F00026B8C050054027C40921F00007174
:10DC000042A09F9A050480529402028BE20314AA58
:10DC10006402140B8100024B7F00016B2B05005442
:10DC20007F02006B6102004B21A09F9AF55B42A925
:10DC30008002018BF35341A9F71B40F9FD7BC4A877
:10DC4000C0035FD6F50302AAE4FFFF175F0016EBDF
:10DC50004200005445000039420400918100024B0B
:10DC60007F00016B4BFFFF541F00136B6102004BE1
:10DC7000E2C79F1A5F00007121109F9A9402018BE6
:10DC8000610600511300134B73129F1A7302010BAC
:10DC9000D7FFFF17E20314AA6402140B0504805295
:10DCA000EFFFFF178102028BDF0201EB69000054D6
:10DCB000A1164038816A223842040091CDFFFF1737
:10DCC0005F0016EB42000054450000394204009109
:10DCD000D1FFFF17FD7BB5A9FD030091F35301A907
:10DCE000140001ABF55B02A9F60300AAF76303A9D0
:10DCF000F96B04A9FA0302AAFB7305A9E13700F93D
:10DD0000675440A97C1840B983000054E00320AA5E
:10DD100014008092E03700F9F30316AAB90000F06E
:10DD200020F32C91E03B00F94003403940020035DC
:10DD3000E03740F9000100B47F0214EB42000054C8
:10DD40007F020039600600919F0200EB4200005400
:10DD50009FF21F386002164BF35341A9F55B42A9AD
:10DD6000F76343A9F96B44A9FB7345A9FD7BCBA8D5
:10DD7000C0035FD61F940071C00000547F0214EBF3
:10DD8000420000546002003973060091C70000147D
:10DD9000180080520D0000143FB40071200100549F
:10DDA0003FC000718004005422C00051421C001288
:10DDB0005F240071C80100541B008052240000142D
:10DDC00018031C32FA0300AA4107403940070091AA
:10DDD0003FAC00714002005408FEFF543F800071C8
:10DDE000200200543F8C0071200200543FA80071B3
:10DDF00061060054400B0091DC04F837E22C0091DE
:10DE0000E10307AA47F07D923B0040B9BB02F83618
:10DE1000FB031B4B18031C321200001418031E32A4
:10DE2000E9FFFF1718031D32E7FFFF1718031A3227
:10DE3000E5FFFF1718030032E3FFFF17420180528E
:10DE4000000400916107021B3BC0005101004039F2
:10DE500022C00051421C00125F24007109FFFF54D0
:10DE6000010040393FB80071810B0054040440396F
:10DE70000204009181C00051211C00123F24007156
:10DE800048080054040080524601805211000014DA
:10DE9000822300115F000071CD000054E32C00913B
:10DEA000E10307AAFC03022A67F07D92D7FFFF1760
:10DEB000A1C23C8BFC03022AD4FFFF171B00801277
:10DEC000E8FFFF178404061B4204009184C0005140
:10DED0004100403920C00051001C00121F24007175
:10DEE00029FFFF549F00007199A09F1A40004039FC
:10DEF00001300151211C00123FB800718807005405
:10DF0000230088D20300A2F22320C8F26124C19A20
:10DF1000E10600365A0400911FB00171C10000549F
:10DF2000410440393FB00171610000545A0800912A
:10DF300080098052410340393FE00171E8000054FC
:10DF40003F880171A80500543F940071402A005495
:10DF50003F600171A02A00547F0214EB620000545C
:10DF6000A0048052600200394103403960060091EC
:10DF7000412D00349F0200EB490000546106003936
:10DF8000730A0091490000149FA80071C102005457
:10DF9000020800911C01F837E02C0091E1031C2AD3
:10DFA00000F07D92E40040B9FC03012AE70300AAD7
:10DFB000CDFFFF17812300113F0000718D00005439
:10DFC000E02C009100F07D92F7FFFF17E00307AA15
:10DFD000A7C23C8BF4FFFF17E20300AA19008012CE
:10DFE000C3FFFF1719008052C1FFFF17FA0302AAEF
:10DFF00000008012D0FFFF17218C01513F540071A7
:10E00000C8FAFF54E23B40F94158617862000010C1
:10E0100041A8218B20001FD618022037E1031B2ABC
:10E02000E00313AA02048052050000141F0014EB41
:10E030004200005402000039000400912104005104
:10E040003F0000714CFFFF546307007160509F1A3E
:10E050007B00004B73C2208B7F0214EB2201005423
:10E060009C02F837E02C0091E1031C2A00F07D921D
:10E07000E20040B9FC03012AE70300AA620200396A
:10E0800073060091E2031B2AE10313AA00048052E5
:10E09000420400515F000071EC01005463070071FD
:10E0A00063509F1A73C2238B5A0700911FFFFF17FB
:10E0B000812300113F0000718D000054E02C00917D
:10E0C00000F07D92EBFFFF17E00307AAA7C23C8B8D
:10E0D000E8FFFF173F0014EB420000542000003916
:10E0E00021040091EBFFFF173C02F837F73C009149
:10E0F000E6031C2AF7F27D92E20040F9E00313AA3E
:10E10000E503182AE403192AE3031B2AE10314AAEE
:10E11000E67B00B9A5FEFF97E67B40B9F30300AAB2
:10E12000FC03062AE70317AAE0FFFF178623001166
:10E13000DF0000718D000054F73C0091F7F27D92F2
:10E14000EEFFFF17F70307AAA7C23C8BEBFFFF17F1
:10E15000BC02F837F73C0091F7F27D924007403956
:10E16000E60040F91F840171800700544803005401
:10E170001F340171A00300541F540171400F00545B
:10E180001F24017180080054E20306AA7F070031B2
:10E19000C1060054260480521B0280520603062A40
:10E1A00033000014802300111F000071AD000054E3
:10E1B000F73C0091FC03002AF7F27D92E8FFFF177D
:10E1C000A1C23C8BF70307AAFC03002AE70301AABC
:10E1D000E3FFFF171FA40171C00500541FB40171B4
:10E1E00041FDFF5418031A32E0230291C90000F0E8
:10E1F000E20300AA294120910B031A12070080D2E2
:10E200004C078052CA686738411D44D34A0D40927A
:10E210002D696138E10300AA2A696A382D24003883
:10E220000A040039AB000035FF1400F1600000540F
:10E23000010C00910C080039E7040091FF1800F16F
:10E2400041020054057B19123F000039E403192AEA
:10E25000E3031B2A30000014C20040F9200880525A
:10E260001803002A5B02805206031B32E503192AB9
:10E27000E4031B2AE10314AAE00313AA0302805259
:10E280008AFDFF9727000014E00301AADEFFFF17B5
:10E2900018031A32400B4039187B19121FD0007135
:10E2A00041F7FF54E9230291EC030291EA0309AA22
:10E2B0000B0080D2CD058052C1686B38E0030CAAF8
:10E2C000E63F00F90EFDFF9700000CCBE63F40F95A
:10E2D000E103002AE20309AA210400513F040031AE
:10E2E000C10300542941208B7F0D00F140000054F0
:10E2F0002D1500386B0500917F1100F1E1FDFF54F1
:10E30000E503182AE403192AE3031B2AE2030AAAF5
:10E310003F010039E10314AAE00313AA23FEFF978B
:10E32000F30300AA1F0440B188D1FF54A00000D01D
:10E33000006836914107403902686138E1031AAA42
:10E340005A0700915F0840F261FFFF54E70317AAE4
:10E35000FA0301AA55FFFF1787C96138471400382F
:10E36000DEFFFF17400B40391FB00171000300545E
:10E37000E80100541F080171200300541F3001718F
:10E3800062008052E213821A260300B4E123029154
:10E39000E00306AA8AFCFF97E503182AE403192A7A
:10E3A000E3031B2AE2230291DBFFFF171FCC01715D
:10E3B000A1010054E00306AAE63F00F97EFCFF97A6
:10E3C000E20300AAE63F40F9600000B52200805257
:10E3D000EEFFFF17E503182A9DFFFF17420080524A
:10E3E000EAFFFF1702008052E8FFFF17E0230291C7
:10E3F000C100009021301F914BFBFF97E7FFFF17F3
:10E400001FB00171620216CB610200543C01F83763
:10E41000E03C0091E1031C2A00F07D92E30040F90A
:10E42000620000F9FC03012AE70300AA1FFFFF179F
:10E43000812300113F0000718D000054E03C0091E9
:10E4400000F07D92F6FFFF17E00307AAA7C23C8BFE
:10E45000F3FFFF17FC00F837E03C0091E1031C2AB2
:10E4600000F07D92E30040F9620000B9EEFFFF1773
:10E47000812300113F0000718D000054E03C0091A9
:10E4800000F07D92F8FFFF17E00307AAA7C23C8BBC
:10E49000F5FFFF177F0214EB82C7FF5461020039BA
:10E4A0003AFEFF1718031B320102805208000014C5
:10E4B000410740393F140171610000545A0700912F
:10E4C0001803193218031F32410180521F300171A5
:10E4D000E10200545C05F837F73C0091E9031C2A7F
:10E4E000F7F27D92E20040F9E303012AE00313AA68
:10E4F000E603182AE503192AE4031B2AE10314AAF8
:10E50000E97B00B9E9FCFF97F30300AAE97B40B976
:10E51000FC03092A04FFFF175A0700D1F30300AADE
:10E52000E2FEFF1701018052E9FFFF171FB00171E2
:10E5300020FDFF5402781A125F680171C0FCFF547D
:10E540001FD0017180FCFF541FA0017100031F1236
:10E55000A10300547C02F837F72C0091E9031C2A30
:10E56000F7F27D92E20040B9463C4092423C409333
:10E570001F0000714210869ADCFFFF1789230011EB
:10E580003F0100718D000054F73C0091F7F27D923D
:10E59000D5FFFF17F70307AAA7C23C8BD2FFFF17CF
:10E5A000892300113F0100718D000054F72C009168
:10E5B000F7F27D92ECFFFF17F70307AAA7C23C8B87
:10E5C000E9FFFF171C01F837F72C0091E9031C2A1B
:10E5D000F7F27D92E20040B9E603022A427C4093C2
:10E5E000E4FFFF17892300113F0100718D000054E3
:10E5F000F72C0091F7F27D92F7FFFF17F70307AAB8
:10E60000A7C23C8BF4FFFF17FD7BB9A9FD03009166
:10E61000F35301A9F30301AAF40300AAE10303AA37
:10E62000E0430191F51300F9F50302AA020480D238
:10E6300030FBFF97E00745A9E00703A9E3C300917A
:10E64000E00746A9E20315AAE00704A9E10313AA1B
:10E65000E00314AAA0FDFF977FC220EB88000054BE
:10E66000600600517F0200F100109F1AF35341A988
:10E67000F51340F9FD7BC7A8C0035FD6FD7BB6A9A3
:10E68000FD030091E39307A9E3830291E30F03A93C
:10E69000E3C30191E32300F9E3048012E34B00B9E3
:10E6A000E3430091FF4F00B9E59B08A9E41744A993
:10E6B000E74F00F9E61F43A9E61F01A9E41702A9E5
:10E6C000E61F05A9E41706A983FDFF97FD7BCAA8ED
:10E6D000C0035FD6FD7BBCA9FD030091F35301A9E4
:10E6E000F30300AAF40301AAE10302AA020480D200
:10E6F000E063228BFFFAFF97E3830091E20314AA01
:10E70000E00313AAE17B40B273FDFF97F35341A9E5
:10E71000FD7BC4A8C0035FD6FD7BB8A9FD030091B3
:10E72000E20F05A9E2030291E20B03A9E243019182
:10E73000E22300F9E2058012E24B00B9FF4F00B975
:10E74000E20F43A9E20F01A9E20F44A9E20F02A9D7
:10E75000E2430091E41706A9E61F07A9DEFFFF9731
:10E76000FD7BC8A8C0035FD6FF8311D1020480D20D
:10E77000FD7B00A9FD030091F30B00F9F30300AA50
:10E78000E063228BDBFAFF97E20313AAE383009195
:10E79000E0230191818280D29CFFFF97F303002A3E
:10E7A00060000034E0230191FBDAFF97FD7B40A974
:10E7B000E003132AF30B40F9FF831191C0035FD6E6
:10E7C000FD7BB7A9FD030091E18B05A9E14302910F
:10E7D000E10703A9E1430191E12300F9E106801279
:10E7E000E14B00B9E1430091FF4F00B9E39306A963
:10E7F000E20F43A9E20F01A9E20F44A9E20F02A927
:10E80000E59B07A9E74700F9D8FFFF97FD7BC9A85B
:10E81000C0035FD6E30300AA00004039A60000D081
:10E82000C66836911FC00071610400546404403909
:10E8300060044039C4686438640000360080001108
:10E84000001C00121FE00171E102005463080091F6
:10E8500002028052E803022A000080D28708805218
:10E860006400403965004039C46864389F00076A15
:10E87000E002005464000036A5800011A51C0012BF
:10E88000A9C00051A45C0151BFE4007184C0899A01
:10E890009F00026B63010054410000B4230000F9A3
:10E8A000C0035FD65F000071000180524210801AE1
:10E8B000E9FFFF175F00007140018052FCFFFF1766
:10E8C0000011009B63040091E6FFFF17042080D233
:10E8D000F0FFFF1742018052CFFFFF17FD7BBEA95B
:10E8E000FD030091F35301A9F40300AAF30302AA64
:10E8F000610000B532FAFF978102008B200400D13D
:10E900009F0200EB4202005423F05F38A20000D0C7
:10E910004268369143686338A301103603F05F38CC
:10E9200043686338E3001037530000B4600200F915
:10E93000F35341A9010080D2FD7BC2A8E6FFFF1777
:10E94000000400D19F0200EBA1FEFF54530000B46D
:10E95000610200F9F35341A900008092FD7BC2A837
:10E96000C0035FD6020080D2DDFFFF17010080D216
:10E97000FDFFFF17E10000D0E303002AE20000D012
:10E9800020A0189142A01891E10000D021E0199137
:10E99000210002CBE2E702B2A29999F221FC439353
:10E9A000217C029B02058052217C229B0100018B6D
:10E9B0003F0000EB61000054000080D2C0035FD62E
:10E9C000020840B95F00036BA0FFFF5400A0009154
:10E9D000F8FFFF17FD7BBDA9E20000D0E10000D0E9
:10E9E000FD030091F35301A942A0189121E0199170
:10E9F000F51300F9F50300AAF40000D094A21891D1
:10EA00000020403940030035330002CBE0E702B27A
:10EA1000A09999F273FE4393737E009B0005805288
:10EA2000737E209B9302138B7F0214EB61000054D2
:10EA3000140080D207000014811240F9E00315AAE7
:10EA400020003FD600010035800A40B9A0220039DD
:10EA5000F51340F9E00314AAF35341A9FD7BC3A8C1
:10EA6000C0035FD694A20091F0FFFF17F35341A9B2
:10EA7000F51340F9FD7BC3A8BFFFFF17E40300AA0D
:10EA8000E00301AAE103022AE20303AA830840F992
:10EA9000C30000B45F6000395FE00039830840F9CB
:10EAA000F00303AA00021FD6A0048012C0035FD6A1
:10EAB000FD7BBCA9E10000D021E01991FD0300918C
:10EAC000F35301A9F40000D094A21891F55B02A9B8
:10EAD000F50300AAE00000D000A01891F71B00F990
:10EAE000330000CBE0E702B2A09999F273FE4393A2
:10EAF000737E009BA0224039C00100350005805282
:10EB0000BF220039737E209B9302138B7F0214EB8C
:10EB100000030054811240F9E00315AA20003FD6FB
:10EB200020030035800A40B9A022003911000014EA
:10EB300017058052F60314AA777E379B9702178B2E
:10EB4000FF0216EBC0FDFF54A0224039C10A40B9B4
:10EB50003F00006B60000054D6A20091F9FFFF1740
:10EB6000C11240F9E00315AA20003FD660FFFF352F
:10EB7000F35341A9F55B42A9F71B40F9FD7BC4A8FB
:10EB8000C0035FD694A20091E1FFFF17FD7BBDA9F2
:10EB9000FD030091F35301A9F30300AAF403012A32
:10EBA000F51300F9F50303AA020200358AFFFF9767
:10EBB000200200B4E10313AAE30315AAE203142A16
:10EBC000AFFFFF971F000071A10480120410417A6B
:10EBD000210080120000811AF35341A9F51340F976
:10EBE000FD7BC3A8C0035FD6E003022A62FFFF9744
:10EBF000F0FFFF17800B8012F8FFFF17E30302AA54
:10EC000002008052E2FFFF17FD7BBEA9FD030091C9
:10EC1000F30B00F9F30301AA3F0000F9010C40F9DE
:10EC2000610600F9A10000F021603891001040F960
:10EC3000600A00F97F5A00B960E200913AF9FF9743
:10EC400060620091C1000090214C1F9136F9FF973E
:10EC5000F30B40F900008052FD7BC2A8C0035FD6D1
:10EC6000E60300AAE403012AE00302AAC50040B9B2
:10EC7000BFC00171E00200542C020054BF34017186
:10EC8000E00200542C030054BF50007140030054B4
:10EC9000C1000090BFF8007121781F91C30000905F
:10ECA00063B01F916210819AC30440B9C100009003
:10ECB00021BC1F916384011198FEFF17C1000090D1
:10ECC000BF0C027121841F91C3000090F5FFFF1754
:10ECD000A30000F062283791F4FFFF17C3000090F3
:10ECE00062981F91F1FFFF17C300009062B01F915F
:10ECF000EEFFFF17C300009062781F91EBFFFF1734
:10ED0000FD7BBDA9FD030091F35301A9F30301AA03
:10ED1000F40302AAF55B02A9F60300AA310A0094E3
:10ED2000F50300AAE00316AA660A00941F600171A9
:10ED300081010054A00A40F91F0013EB690100543F
:10ED40007302148B1F0013EB2004801200309F1AF3
:10ED5000F35341A9F55B42A9FD7BC3A8C0035FD66D
:10ED6000A0048012FBFFFF17C0008012F9FFFF17FD
:10ED7000FD7BBCA9FD030091F35301A9F30300AA95
:10ED8000F55B02A9F50301AAF60302AAF71B00F935
:10ED9000F70303AADBFFFF9700020035E00313AA85
:10EDA000400A0094F40300AAE00313AA0D0A009499
:10EDB000010440F9E30317AAF71B40F9E20316AA7E
:10EDC000A102018BE00314AAF35341A9F55B42A908
:10EDD000FD7BC4A8B4010014F35341A9007C409307
:10EDE000F55B42A9F71B40F9FD7BC4A8C0035FD6C1
:10EDF000FD7BBDA9FD030091F35301A9F30300AA14
:10EE0000F55B02A9F50301AAF60302AABDFFFF976D
:10EE1000C0010035E00313AA220A0094F40300AAFB
:10EE2000E00313AAEF090094010440F9E20316AAD3
:10EE3000E00314AAF35341A9A102018BF55B42A997
:10EE4000FD7BC3A80A020014F35341A9007C409340
:10EE5000F55B42A9FD7BC3A8C0035FD6FD7BBCA9BF
:10EE6000FD030091F35301A9F30300AAF55B02A986
:10EE7000F50301AAF60302AAF71B00F9F70303AA98
:10EE8000A0FFFF9700020035E00313AA050A0094D3
:10EE9000F40300AAE00313AAD2090094010440F984
:10EEA000E30317AAF71B40F9E20316AAA102018B9C
:10EEB000E00314AAF35341A9F55B42A9FD7BC4A862
:10EEC000B2010014F35341A9007C4093F55B42A9C1
:10EED000F71B40F9FD7BC4A8C0035FD6FD7BBEA92C
:10EEE000FD030091F35301A9F40300AA00F8473988
:10EEF0001F5401710105005480FE47391FA802719B
:10EF0000A104005481FA0691020080520000805250
:10EF1000230040397F1840F201010054231040398A
:10EF200000040011214000917F0000714204821A08
:10EF30001F100071E1FEFF541F100071F3079F1AAC
:10EF40005F000071601A407AA0020054C100009076
:10EF500080DA009121102091620080D281F8FF9721
:10EF6000A000003520008052F35341A9FD7BC2A8C8
:10EF7000C0035FD6C1000090804A019121202091FA
:10EF8000A20080D277F8FF97E0FEFF34E003134B36
:10EF9000F6FFFF1700008012F4FFFF1700008052F9
:10EFA000F2FFFF17FD7BBEA9220080D2FD03009176
:10EFB000F30B00F9011040F921FC009121E47A9251
:10EFC00021000191FF6321CB010080D2F3FF00916A
:10EFD00073E67A92E30313AABE0100941F0400F1C2
:10EFE00021010054E00313AABDFFFF971F00007129
:10EFF000E0039F5ABF030091F30B40F9FD7BC2A8C9
:10F00000C0035FD600008012FBFFFF17FD7BB4A991
:10F01000FD030091F35301A9F55B02A9F76303A96E
:10F02000F96B04A9F90302AAFB2B00F9021040F9BD
:10F0300042FC009142E47A9242000191FF6322CBAC
:10F04000BF7F06A9BF7F07A9BF7F08A9BF7F09A906
:10F05000BF7F0AA9BF7F0BA97F000471CD010054B7
:10F06000A00000F000382091D6FDFF971500801217
:10F07000BF030091E003152AF35341A9F55B42A9B0
:10F08000F76343A9F96B44A9FB2B40F9FD7BCCA89E
:10F09000C0035FD6F7FF0091F803032AF7E67A92E0
:10F0A000F60300AAFB0301AAFA03042AF30305AA44
:10F0B000E30317AA220080D2860100941F0400F106
:10F0C000E0000054C10640B9E2031BAAA00000F012
:10F0D00000F82091BBFDFF97E5FFFF17E1FA4739E4
:10F0E000E2FE47393F540171610000545FA802718C
:10F0F000A0000054A00000F000A82191B1FDFF97EE
:10F10000DBFFFF17A1830191E00316AABFFEFF9763
:10F11000F503002AE0FAFF35E0FA0691E2FA0791DA
:10F12000F40300AA810240393F1840F281050054DF
:10F1300081124039410500345F03186B010500540A
:10F14000BB0000B4231800127F14007124184F7AFA
:10F1500080040054A03B40F9014080D262620091DB
:10F160001F0008F10020819A600A00F9811240799D
:10F1700080164079204000AA00001B8B600200F935
:10F18000811A4079801E4079204000AA600600F96B
:10F19000E103182AE00316AAB2FEFF9760E200918D
:10F1A000A10000D021603891DFF7FF97801240392D
:10F1B000810240391FBC0371E0179F1A00781F536A
:10F1C0003F0002714100005400000032605A00B953
:10F1D00080124039607A0139A6FFFF17FB0000B4A6
:10F1E00081124039C1000034231800127F140071CD
:10F1F00024184F7A400000541807001194420091DF
:10F200005F0014EB01F9FF5401104039221800127D
:10F210005F14007124184F7AC10100540210407924
:10F220007F0300F101144079E50313AAE4031A2ACD
:10F23000E303182AE00316AA414001AA2100198B12
:10F240002213819A72FFFF97F503002A89FFFF17A7
:10F25000004000919F0200EB81FDFF54E00317AADC
:10F260001FFFFF971F04007121F0FF547F0200F978
:10F27000014080D2C00E40F9600600F9A03B40F981
:10F280007F5A00B91F0008F10020819A600A00F936
:10F29000A10000D060E2009121603891A2F7FF97B1
:10F2A00074FFFF17E50302AAE403012A230080523A
:10F2B000020080D2010080D255FFFF17E10300AAAF
:10F2C00000805FF8020040F9423440F9421040F9F2
:10F2D000620000B4F00302AA00021FD62000805290
:10F2E000C0035FD6FD7BB3A9FD030091F35301A9D1
:10F2F000F40300AAF55B02A9F71B00F9B908009412
:10F30000F30300AAEBFDFF9760224039600500344B
:10F31000E00314AAB3080094F50300AAE00314AABA
:10F32000E80800941F5C007181040054B60000F0EE
:10F33000B70000F0D64E2291F7DA1F9133008052C9
:10F34000E2C30191E103132AE00315AA2CFEFF9703
:10F35000E0020035830640F9E20316AAE403132A0B
:10F36000010480D2E0430191C5FCFF97E043019185
:10F37000B4F7FF97E3230191E20300AAE10317AA80
:10F38000E00314AACC09009480010035E02740F97D
:10F3900094080094138400B8E1C30191020C80D258
:10F3A000D4F7FF97E02740F9410800947306001155
:10F3B0007F06027161FCFF54F35341A900008052A3
:10F3C000F55B42A9F71B40F9FD7BCDA8C0035FD6D2
:10F3D000020040F9423440F9A20000B4420C40F966
:10F3E000A20000B4F00302AA00021FD6A0048012FB
:10F3F000C0035FD600008052FEFFFF17004440F9B3
:10F40000F4FFFF17FD7BBBA9FD030091F35301A996
:10F41000F55B02A9F503002AF603012AE0028052F7
:10F42000E1230191F71B00F9F70302AAE40A009413
:10F43000F403002A80020035E02740F9130840F960
:10F44000736201D1E02740F96162019100400091AF
:10F450003F0000EB61000054540280120A000014C7
:10F46000E00313AA5F080094010040B93F00156B48
:10F4700061010054000440B91F00166B01010054E3
:10F48000F30200F9F55B42A9E003142AF35341A902
:10F49000F71B40F9FD7BC5A8C0035FD6732E40F96A
:10F4A000E8FFFF17FD7BB9A9FD030091F35301A904
:10F4B000F30300AAF40302AAF55B02A9F50301AA6B
:10F4C000F60303AAF71B00F946080094610240F90D
:10F4D000373440F9E40240F9440500B401404039B2
:10F4E000C1030034F37F04A905000090E10316AACC
:10F4F000FF7F05A9A5F00A9143008052FF7F06A96E
:10F50000041040F9E0230191827C149B07D7FF97F8
:10F51000E0000034007C4093F35341A9F55B42A91D
:10F52000F71B40F9FD7BC7A8C0035FD6E40240F992
:10F53000E20314AAE32B40F9E10315AAE00313AA9E
:10F5400080003FD6F30300AAE023019120D7FF9764
:10F55000E00313AAF1FFFF17F71B40F9E30316AA14
:10F56000E20314AAE10315AAF55B42A9E00313AA7A
:10F57000F35341A9F00304AAFD7BC7A800021FD6DC
:10F58000A0048092E5FFFF17FD7BB9A9FD03009160
:10F59000F35301A9F30300AAF40302AAF55B02A93D
:10F5A000F50301AAF60303AAF71B00F90D0800945E
:10F5B000610240F9373440F9E40640F9440500B4EB
:10F5C00001404039C1030034F37F04A905000090D5
:10F5D000E10316AAFF7F05A9A5F00A912300805236
:10F5E000FF7F06A9041040F9E0230191827C149B5F
:10F5F000CED6FF9700010034137C4093F55B42A9FF
:10F60000E00313AAF35341A9F71B40F9FD7BC7A8F8
:10F61000C0035FD6E40640F9E20314AAE32B40F9E5
:10F62000E10315AAE00313AA80003FD6F30300AA62
:10F63000E0230191E6D6FF97F1FFFF17F71B40F992
:10F64000E30316AAE20314AAE10315AAF55B42A993
:10F65000E00313AAF35341A9F00304AAFD7BC7A852
:10F6600000021FD6B3048092E5FFFF17FD7BBDA902
:10F67000FD030091F35301A9F30300AAF40301AAC7
:10F68000F51300F9F50302AAD6070094600240F9C9
:10F69000003440F9030840F9230100B4E20315AA3D
:10F6A000E10314AAF51340F9E00313AAF35341A9A7
:10F6B000F00303AAFD7BC3A800021FD6F35341A9A0
:10F6C000A0048092F51340F9FD7BC3A8C0035FD668
:10F6D000004440F974FFFF17FD7BBCA9FD030091B6
:10F6E000E1E30091F35301A9F51300F9F503002AB2
:10F6F000E0028052320A009440030035E01F40F9D6
:10F7000053028012140840F9946201D1E11F40F9BC
:10F7100080620191214000911F0001EBC100005463
:10F72000F51340F9E003132AF35341A9FD7BC4A864
:10F73000C0035FD6E00314AAAA070094010040B9F1
:10F740003F00156B81000054000440B97F02006B3C
:10F7500073A2801A942E40F9946201D1ECFFFF1736
:10F76000F303002AEFFFFF17FD7BBFA9FD03009104
:10F77000DAFFFF971F4C0031A0000054E103202A5C
:10F78000007C410BFD7BC1A8C0035FD60000805206
:10F79000FDFFFF17FD7BB6A9FD030091F35301A9FF
:10F7A000F403052AF55B02A9F603032AF76303A90C
:10F7B000F80307AAF96B04A9FA03042AE40302AACE
:10F7C000FB7305A9A20000F042642291030440F9F2
:10F7D000E13700F9C10380D2FB0300AAF90306AAAE
:10F7E000E0030291A6FBFF97E003029195F6FF97D5
:10F7F000200C00B4F70300AA5F0700318106005413
:10F80000E003162AD9FFFF97F303002AD30AF8373B
:10F81000E13740F9E3E30191E20317AAE0031BAAF1
:10F82000A5080094F503002AC0090035E03F40F91F
:10F830006C070094160000B9857E4093E1CF043236
:10F84000BF0001EAE2E70232E1079F1ABF0002EAC5
:10F85000E2079F1ABF3C70F2E39F08321F20003975
:10F8600042781F53199401A94108010BE2079F1A1E
:10F87000BF0003EAE3079F1A63701D536210020B77
:10F880002100020BE2F30132BF0002EA2104811AD7
:10F89000012800B9E13F40F9130400B9014400F91F
:10F8A000E03F40F9000300F98A070094F35341A9AF
:10F8B000E003152AF55B42A9F76343A9F96B44A954
:10F8C000FB7345A9FD7BCAA8C0035FD6E1E30191A4
:10F8D000E0028052BA090094F303002A00030035C5
:10F8E000E03F40F9150840F9B56201D1E03F40F929
:10F8F000A1620191004000913F0000EB61000054C3
:10F90000330080120E000014E00315AA350700949E
:10F91000FC0300AA000040B9DF02006BA101005403
:10F92000800740B95F03006B41010054E003162AD1
:10F930008EFFFF972001F837800700B97F02007122
:10F9400064BA423A01010054F3031A2AB0FFFF17C8
:10F95000B52E40F9E5FFFF17F303002AF8FFFF1764
:10F96000F303002AE00317AAF503132A27D7FF970A
:10F97000CFFFFF1775018012CDFFFF17FD7BBBA9DD
:10F98000FD030091F35301A9F51300F9F50300AA53
:10F99000FF2300F9FF4B00B9BC070094F30300AA52
:10F9A000000041B900781F12600201B9740641B924
:10F9B000BF3F03D5A04A40F9A10000F0E2F3009157
:10F9C00021A023911A0C0094C0000035E13F40B9FA
:10F9D00080020432947A03123F0000719402801A6C
:10F9E000A04A40F9A10000F0E2F3009121D8239150
:10F9F0000F0C0094C0000035E13F40B98002033293
:10FA0000947A02123F0000719402801AA04A40F9D1
:10FA1000A10000F021142491F70C0094011C0012A5
:10FA2000E103014B21000A122100142ABF3F03D534
:10FA3000610601B9740A41B9BF3F03D5A04A40F934
:10FA4000A10000F0E203019121642491630080D2BF
:10FA5000620C009440010035E00748292104005160
:10FA600000040051215C18532010002AE14B40B9DA
:10FA7000210400513400142A1400142ABF3F03D576
:10FA8000740A01B9740E41B9BF3F03D5A04A40F9C9
:10FA9000A10000F0E203019121A42491630080D22F
:10FAA0004E0C009440010035E00748292104005124
:10FAB00000040051215C18532010002AE14B40B98A
:10FAC000210400513400142A1400142ABF3F03D526
:10FAD000740E01B9600241B900000032600201B940
:10FAE00000008052F35341A9F51340F9FD7BC5A8EE
:10FAF000C0035FD6400300B4FD7BBEA9FD030091A7
:10FB0000F35301A9F40300AA000040F99F0600F98D
:10FB1000133440F973E201D1800240F961E20191AE
:10FB200000A001913F0000EB81000054F35341A974
:10FB3000FD7BC2A8C0035FD6E00313AAE1060094D0
:10FB40001F7C007181000054E00313AAAB060094EF
:10FB5000E9FFFF97733E40F9EFFFFF17C0035FD641
:10FB6000E20300AAE00301AA010100B4410040F948
:10FB7000213440F9020000F9210440F9610000B489
:10FB8000F00301AA00021FD600008052C0035FD616
:10FB9000FD7BBDA9FD030091F35301A9F30301AA65
:10FBA000F40300AA010040F9E2A30091E0038052AF
:10FBB000D40A0094C0010035E01740F9600200F952
:10FBC000000040F9003440F9020040F9620100B43D
:10FBD000E10314AAE00313AA40003FD680000035D9
:10FBE000E01740F9E10313AADEFFFF97F35341A9A1
:10FBF000FD7BC3A8C0035FD6800A40B91F04007113
:10FC0000EC00005480000034800E40B960FE01A971
:10FC1000F4FFFF17000080D2FDFFFF17A002801243
:10FC2000F3FFFF17FD7BB9A9E403022AA20000F04D
:10FC3000FD030091F30B00F9E58300917F0000F9CB
:10FC4000F30303AA4258259103008052004840F96B
:10FC5000190C0094A00000357F0200F9E10313AAFB
:10FC6000E0830091CBFFFF97F30B40F9FD7BC7A822
:10FC7000C0035FD6FD7BB9A9E403012A03008052CB
:10FC8000FD030091F30B00F9F30302AAE583009151
:10FC9000A10000F0A20000F021A026914258259179
:10FCA000050C00947F0200F980000035E10313AADF
:10FCB000E0830091B7FFFF97F30B40F9FD7BC7A8E6
:10FCC000C0035FD6004840F9EBFFFF17FD7BBEA9DC
:10FCD000FD030091F35301A9F40300AAF30302AA60
:10FCE0005F0000F9410100B4E20301AAA10000F0A5
:10FCF000218C2591CE0B0094E103002AA000F83658
:10FD0000F35341A9FD7BC2A8C0035FD60100805216
:10FD1000E20313AAE00314AAF35341A9FD7BC2A88E
:10FD2000D5FFFF17004840F9E9FFFF17200100B495
:10FD3000010040F9E10000B4210040F9213440F90C
:10FD4000210C40F9A10000B4F00301AA00021FD663
:10FD5000000080D2C0035FD6A0048092FEFFFF1790
:10FD6000A00100B4000040F9600100B4FD7BBFA910
:10FD7000FD0300914B060094800000B54002809284
:10FD8000FD7BC1A8C0035FD61C060094A0FFFFB591
:10FD9000FBFFFF17C0035FD6600400B4FD7BBDA965
:10FDA000FD030091F35301A9F30300AAF51300F931
:10FDB000000040F9C00300B4F40301AA000040F9B8
:10FDC000153440F9A01240F9600100B4E00313AA11
:10FDD00049FFFF97A21240F9E10314AAF51340F975
:10FDE000E00313AAF35341A9F00302AAFD7BC3A8C1
:10FDF00000021FD6601240B940021036E00313AA79
:10FE0000D8FFFF97F30300AAA00000B41F0440B17D
:10FE100068000054000040F920FDFFB540028092C8
:10FE200004000014000080D2C0035FD6000080D21E
:10FE3000F35341A9F51340F9FD7BC3A8C0035FD676
:10FE4000A0048092FBFFFF17200100B4010040F9DD
:10FE5000E10000B4210040F9213440F9211840F9B3
:10FE6000A10000B4F00301AA00021FD600008052D6
:10FE7000C0035FD6A0048012FEFFFF17200100B46C
:10FE8000010040F9E10000B4210040F9213440F9BB
:10FE9000211C40F9A10000B4F00301AA00021FD602
:10FEA00000008052C0035FD6A0048012FEFFFF173F
:10FEB000FD7BBDA9FD030091F35301A9F55B02A9E8
:10FEC000A00400B4F50300AA000040F9400400B407
:10FED000000040F9163440F9C01640F9000400B49F
:10FEE000A01640B9F40301AA40020034E00301AABD
:10FEF000D6FFFF97F303002A1F000071A0048012B1
:10FF00006412407A60010054800240F9010440F913
:10FF1000A00000F000BC25912AFAFF97F55B42A9EA
:10FF2000E003132AF35341A9FD7BC3A8C0035FD6A6
:10FF3000C21640F9E10314AAE00315AA40003FD617
:10FF4000F303002AC0FEFF34E00314AACCFFFF979E
:10FF5000F3FFFF1713008052F1FFFF17B304801265
:10FF6000EFFFFF17FD7BB5A9FD030091F35301A936
:10FF7000F40300AAF55B02A9F76303A9F96B04A9CE
:10FF8000FB2B00F9004840F92002F8B7B60000F05A
:10FF9000D6222691F503012A03008052E10316AA16
:10FFA000A20000F0425825915D0B0094F303002A53
:10FFB0002007F836804A40F9B60000F0D6BE2691F8
:10FFC000E10316AAF20A00942007F83600008052D6
:10FFD0002A000014E30317AAE2031A2AE10316AA6F
:10FFE000E00314AA10FFFF971F080031A10000547E
:10FFF0005A0700117F021A6BE1FEFF54EEFFFF1754
:020000021000EC
:10000000C0030035FF0640B189000054E003172A01
:1000100040030035E8FFFF17E30318AAE2031A2A9A
:10002000E10319AAE00314AAFFFEFF971F14083189
:1000300000FEFF5420020035E03340F99F0200EB40
:10004000D500003560FDFF541F0740B1A9000054E2
:10005000E003182AEFFFFF17C1FCFF54FBFFFF1757
:10006000E10317AAE00318AA92FFFF971F98003137
:1000700000FCFF54E0FBFF36F35341A9F55B42A9B6
:10008000F76343A9F96B44A9FB2B40F9FD7BCBA88F
:10009000C0035FD6B90000D0F7230291F883019125
:1000A000397F26911A008052D3FFFF17007C4093BE
:1000B000810080D213FC42D3E00313AA6AD7FF97D2
:1000C000F70300AA600000B560018012EBFFFF1784
:1000D000E20300AAE30313AA804A40F9E10316AA47
:1000E000BE0A0094C0070035B90000D0FB2302917E
:1000F000397F2691F603132A180080D2130080520C
:10010000DF02186BAD050054E07A78B86002003465
:10011000E3031BAAE203182AE10319AAE00314AAC5
:10012000FA03182AC0FEFF97F303002A1F140831B0
:1001300080000054A00000341F080031E103005487
:100140001300805205000014E04740F99F0200EBC5
:10015000950000358100005418070091E9FFFF1752
:10016000C1FFFF547F0740B1A9000054F3031B2ACD
:100170007F02007160D29F1AC0FFFF17E17A78B842
:10018000E0031BAA05FFFF97E50300AAF303002A7B
:100190001F04403129FEFF54E45340F9A00000D071
:1001A00000102791140100B4810A40A9E3031A2A20
:1001B000210040F983F9FF97E00317AA13D5FF97B1
:1001C000ECFFFF17A20000D0A10000D0E3031A2A21
:1001D00042102891213C2891F7FFFF17F303002AD2
:1001E000F6FFFF17FD7BBFA921008052FD030091A0
:1001F0005DFFFF9700008052FD7BC1A8C0035FD662
:10020000FD7BBDA9FD030091F35301A9F40300AAEE
:10021000000580D2F51300F9F50301AA0100905200
:100220008CF3FF97A00100B4F30300AAE20300AA35
:10023000E10315AAE00314AABBFEFF9740000034B7
:10024000137C4093F51340F9E00313AAF35341A93B
:10025000FD7BC3A8C0035FD673018092FAFFFF172E
:1002600000008052C0035FD6001440F9C0035FD67F
:10027000FD7BBFA9FD030091000040F9D304009469
:10028000001440F9FD7BC1A8C0035FD6FD7BBEA969
:10029000FD030091F35301A9F40300AAF30301AA9B
:1002A000004840F9E000F8B702008052A10000D0F9
:1002B00021542891E1090094007C4093601600F9D4
:1002C000E10313AAE00314AA06050094740200F9DE
:1002D0007F1600B97F0E00F9F35341A9FD7BC2A838
:1002E000C0035FD6FD7BBEA9FD030091F30B00F9AF
:1002F000F30300AAB5040094E10300AAE00313AAE3
:10030000E3FFFF97F30B40F900008052FD7BC2A88A
:10031000C0035FD6FD7BBEA9FD030091F30B00F97E
:10032000000040F9A9040094F30300AA80FEFF979F
:100330001F0440B1A8000054612A40B90008C19AC6
:10034000612E40B9007C019BF30B40F9FD7BC2A8F4
:10035000C0035FD6FD7BBDA9FD030091F35301A946
:10036000F40300AAF51300F99804009401008052E8
:10037000E20300AAF30300AAE00314AA52FEFF97C7
:10038000F503002AA0010035804A40F9220080527E
:10039000A10000D021182991A8090094602A00B971
:1003A00022008052A10000D0804A40F921402991CA
:1003B000A2090094602E00B9F35341A9E003152A65
:1003C000F51340F9FD7BC3A8C0035FD624344CD39A
:1003D0000224001200244092213448D30020C49A01
:1003E0001F9001F168010054830C80D26308C09A09
:1003F000607C021BE103012A0020C49A0008C19A14
:1004000000100051002400120040032AC0035FD6F0
:1004100023008052F7FFFF1700008052C0035FD611
:10042000FD7BBDA9E103012AFD030091F35301A95E
:10043000F303022AF51300F9F50300AA000040F9BE
:10044000016861B8BF3F03D5F403012A214450D3AA
:100450003F0400F1200200543F0800F12002005444
:10046000410200B5D6C2FF97E103002AA00240F97D
:10047000006873B8BF3F03D5822E48D30024409252
:10048000F35341A92108C29AF51340F9FD7BC3A893
:10049000007C019BC0035FD6D9C2FF97F3FFFF1713
:1004A000DAC2FF97F1FFFF17610080D2F0FFFF175C
:1004B000FD7BBEA9FD030091F35301A9F40300AA3B
:1004C00042040094F30300AAE00314AAE504009494
:1004D0001F0400B1C0000054600200F90000805207
:1004E000F35341A9FD7BC2A8C0035FD6A0028012CE
:1004F000FCFFFF17FD7BBDA9FD030091F35301A98C
:10050000F51300F9130040F9BF3F03D5000040F98F
:100510007312009115C489D2013000B9000080D255
:10052000CAF3FF97F40300AA600240B9BF3F03D5A6
:1005300020010036E00314AAC4F3FF971F0015EB57
:10054000A8000054200080D209F4FF9739D7FF9704
:10055000F6FFFF17F35341A9F51340F9FD7BC3A83C
:10056000C0035FD6FD7BBDA9FD030091F35301A934
:10057000F51300F9130040F9BF3F03D5000040F91F
:100580007312009115C489D2018800B9000080D28D
:10059000AEF3FF97F40300AA600240B9BF3F03D552
:1005A00020010036E00314AAA8F3FF971F0015EB03
:1005B000A8000054200080D2EDF3FF971DD7FF97CD
:1005C000F6FFFF17F35341A9F51340F9FD7BC3A8CC
:1005D000C0035FD6FD7BBDA9FD030091F35301A9C4
:1005E000F51300F9130040F9BF3F03D5000040F9AF
:1005F0007312009115C489D2010000B9000080D2A5
:1006000092F3FF97F40300AA600240B9BF3F03D5FD
:1006100020010036E00314AA8CF3FF971F0015EBAE
:10062000A8000054200080D2D1F3FF9701D7FF9794
:10063000F6FFFF17F35341A9F51340F9FD7BC3A85B
:10064000C0035FD6020040F9E1010035425040B9D5
:10065000BF3F03D54201C03602008052030040F97B
:1006600061010035635040B9BF3F03D5420400111A
:100670005FA00F710001005423FFC73700008052B4
:10068000C0035FD642A440B9F2FFFF1763A440B98C
:10069000F6FFFF17A00D8012FAFFFF17A5000090CC
:1006A0000800885209008852E40300AAA5900D9121
:1006B000FD7BBFA9060080520820A0720960A072CD
:1006C000FD030091A7004079E000082AA10300354E
:1006D000BF3F03D5820040F9405000B9E00304AAAF
:1006E000D9FFFF97A0030035800040F921030035B2
:1006F000005440B9BF3F03D5A20840B90200220A06
:10070000A00440B94200002AE240022A4200092A1D
:1007100081020035BF3F03D5800040F9025000B987
:10072000E00304AAC6040011C7FFFF97A53000919B
:10073000DF10007181FCFF54FD7BC1A8C0035FD6B0
:10074000BF3F03D5820040F940A400B9E4FFFF1782
:1007500000A840B9E8FFFF1700008052E7FFFF172D
:10076000BF3F03D5800040F902A400B9EDFFFF1799
:10077000FD7BBBA9FD030091F35301A9F30300AA7C
:10078000F55B02A9F76303A9F4C1FF97F40300AA7C
:10079000E00313AA8D030094160040F9B42700B4B7
:1007A000F30300AA00C49ED2A1230191220080522B
:1007B000E000A0F210C1FF97600240F9F50300913C
:1007C000010040B9BF3F03D5206080522100002ABC
:1007D000E00313AA80FFFF97E00313AAC11E805213
:1007E00045FFFF97E00313AAE11D80525EFFFF97CC
:1007F000610240F9204840B900741E12204800B937
:10080000610240F9209C40B900741E12209C00B97E
:10081000802240B9850A40B9E103052AA5781E1255
:10082000EBFEFF97BF3F03D5610240F9254800B9B1
:10083000820E40B9BF3F03D5610240F9224C00B996
:10084000BF3F03D5610240F9205800B9811240B979
:10085000BF3F03D5600240F9015C00B9811640B981
:10086000BF3F03D5600240F9016000B9811A40B969
:10087000BF3F03D5600240F9016400B9811E40B951
:10088000BF3F03D5600240F9016800B9812240B939
:10089000BF3F03D5600240F9016C00B9810240B945
:1008A000BF3F03D5600240F9014000B9810640B95D
:1008B000BF3F03D5600240F9014400B9804640B90A
:1008C000852E40B9E103052AA5781E12C0FEFF97C8
:1008D000BF3F03D5610240F9259C00B9823240B97F
:1008E000BF3F03D5610240F922A000B9BF3F03D545
:1008F000610240F920AC00B9813640B9BF3F03D551
:10090000600240F901B000B9813A40B9BF3F03D558
:10091000600240F901B400B9813E40B9BF3F03D540
:10092000600240F901B800B9814240B9BF3F03D528
:10093000600240F901BC00B9814640B9BF3F03D510
:10094000600240F901C000B9812640B9BF3F03D51C
:10095000600240F9019400B9812A40B9BF3F03D534
:10096000600240F9019800B9A04B40B940128037AD
:10097000BF3F03D55DBEFF972100805201FC00B947
:10098000814A40B9BF3F03D5600240F901D400B9A4
:10099000814E40B9BF3F03D5600240F901D800B98C
:1009A000815240B9BF3F03D5600240F901DC00B974
:1009B000815640B9BF3F03D5600240F901E000B95C
:1009C000815A40B9BF3F03D5600240F901E800B940
:1009D000815E40B9BF3F03D5600240F901EC00B928
:1009E000816240B9BF3F03D5600240F901F000B910
:1009F000816640B9BF3F03D5600240F901F800B9F4
:100A0000816A40B9BF3F03D5600240F901FC00B9DB
:100A1000816E40B9BF3F03D5600240F9010001B9C2
:100A2000817240B9BF3F03D5600240F9010401B9AA
:100A3000817640B9BF3F03D5600240F9010801B992
:100A4000817A40B9BF3F03D5600240F9010C01B97A
:100A5000610240F9204840B900040032204800B942
:100A6000610240F9209C40B900040032209C00B98A
:100A7000E00313AA0100805209FFFF972100805272
:100A8000E00313AA06FFFF97600240F9005C40B93B
:100A9000BF3F03D500000532BF3F03D5610240F9D7
:100AA000205C00B9600240F9006040B9BF3F03D547
:100AB00000000532BF3F03D5610240F9206000B954
:100AC000600240F9006440B9BF3F03D50000053221
:100AD000BF3F03D5610240F9206400B9600240F9CC
:100AE000006840B9BF3F03D500000532BF3F03D5C2
:100AF000610240F9206800B9600240F900B040B9D5
:100B0000BF3F03D500000532BF3F03D5610240F966
:100B100020B000B9600240F900B440B9BF3F03D52E
:100B200000000532BF3F03D5610240F920B400B98F
:100B3000600240F900B840B9BF3F03D5000005325C
:100B4000BF3F03D5610240F920B800B9600240F907
:100B500000BC40B9BF3F03D500000532BF3F03D5FD
:100B6000610240F9D41200911720805218C489D232
:100B70003700A07220BC00B9000080D233F2FF978A
:100B8000F60300AA800240B9BF3F03D5FF02206AE6
:100B9000A0010054E00316AA2CF2FF971F0018EBE7
:100BA00028010054200080D271F2FF97A1D5FF9751
:100BB000F5FFFF17BF3F03D5CCBDFF971FFC00B962
:100BC00070FFFF17BF3F03D5610240F9200080523C
:100BD000207800B9BF3F03D5610240F920CC00B9AD
:100BE000600240F9004840B9BF3F03D5000003321E
:100BF000BF3F03D5610240F9204800B9600240F9C7
:100C0000009C40B9BF3F03D500000332BF3F03D56E
:100C1000610240F9209C00B9E00313AA0100805250
:100C200035FEFF97E00313AA010080524EFEFF97A6
:100C3000610240F9E2BD8712201440B900741C1211
:100C4000201400B9610240F920F440B90000020A02
:100C500020F400B9404238D5000C02531F0C00713B
:100C6000A100005400809052E0FAA27200E01BD56F
:100C700000E03BD5600240F9010040B9BF3F03D519
:100C800021781F12E00313AA53FEFF97BF020091C1
:100C9000F35341A900008052F55B42A9F76343A9D1
:100CA000FD7BC5A8C0035FD6FD7BBDA9E103012A7A
:100CB000FD030091F35301A9F51300F9F503022A8E
:100CC000020040F9416861B8BF3F03D5214850D3C5
:100CD0003F080071A003005488010054F40300AAE7
:100CE0006102003501098052820D8052CDFDFF97CF
:100CF000810240F9216875B8BF3F03D52128409291
:100D00000008C19A060000143F0C00714002005414
:100D10003F10007140020054000080D2F35341A9FB
:100D2000F51340F9FD7BC3A8C0035FD6F303032A84
:100D30008113805202188052BAFDFF97810240F958
:100D4000216873B8EDFFFF179DC0FF97E003002AED
:100D5000F3FFFF17AAC0FF97FDFFFF17ABC0FF9778
:100D6000FBFFFF17FD7BBFA983168052020D805247
:100D7000FD03009101088052CCFFFF97FD7BC1A8C5
:100D8000C0035FD6FD7BBEA9FD030091F30B00F904
:100D9000F30300AAF4FFFF97E003002A610240F981
:100DA000214440B9BF3F03D5211444D3F30B40F98C
:100DB0000024C19AFD7BC2A8C0035FD6FD7BBDA9FC
:100DC000FD030091F35301A9F30300AAF51300F901
:100DD000000040F9FD010094F40300AA750E40F9EB
:100DE000BF0E00F1E0040054A17A00D13F5400F19D
:100DF000281100543F540071E8100054A0000090E6
:100E000000A01191005861786100001020A8208B8B
:100E100000001FD6A00038D500FC48D3031680522E
:100E200000001D121F080071E9010054820B80525E
:100E300081208052E00314AA9CFFFF97810240F9B1
:100E4000210041B9BF3F03D52128409221040091E0
:100E50000008C19AF35341A9F51340F9FD7BC3A8DB
:100E6000C0035FD6020C805201208052F2FFFF17B0
:100E7000E00314AABCFFFF97E003002AF6FFFF1768
:100E8000010040F9210440B9BF3F03D58100C036BD
:100E9000B5FFFF97007C0153EFFFFF17B2FFFF97ED
:100EA000007C0253ECFFFF17E00314AAAEFFFF978C
:100EB000810240F9E003002A214440B9BF3F03D535
:100EC000211C46D30024C19AE3FFFF17E00314AAB4
:100ED000ADFFFF97810240F9E003002A214440B9A9
:100EE000BF3F03D5214450D3F7FFFF17800240F9DD
:100EF000BFAE00714103005400DC40B9BF3F03D5D1
:100F0000811B80D2820240F9004850D3536861B8F7
:100F1000BF3F03D5732A00121F080071A0060054BA
:100F2000480400544005003501098052E00314AA2A
:100F3000820D80523BFDFF97810240F9BFAE0071E8
:100F4000E003002A01040054216840B9BF3F03D5E3
:100F5000212840920008C19A1800001400D440B91A
:100F6000BF3F03D5810240F9219440B9BF3F03D56B
:100F7000BFA20071E103012AE100005421681A5365
:100F80003F000071021B80D2811A80D22100829A18
:100F9000DDFFFF17226C1B53BFA6007121701C538D
:100FA0002110821AF7FFFF171F0C00716002005416
:100FB0001F10007160020054730600110008D31A5C
:100FC000A5FFFF17216040B9E1FFFF17E00314AA56
:100FD000021880528113805212FDFF97810240F95E
:100FE00021BC40B9BF3F03D5007C4092D9FFFF1719
:100FF000F3BFFF97F1FFFF1701C0FF97EFFFFF1748
:1010000002C0FF97EDFFFF17E00314AA5EFFFF97F2
:101010009AFFFF17A00080928FFFFF17C1022836AA
:10102000FD7BBEA9FD030091F35301A913FC001140
:1010300073661A12000880D2737E4093E10313AAEC
:10104000C0D3FF97F40300AAE00000B4E20313AAA0
:10105000010080528DF0FF978102138BE00314AAE8
:10106000A9C1FF97E00314AAF35341A9FD7BC2A8CD
:10107000C0035FD6017C4093200080D27AD3FF1753
:10108000FD7BB9A9FD030091F35301A9F40301AA63
:10109000F55B02A9F60300AAF76303A9F80303AA04
:1010A000F70306AAF96B04A9F90302AAFA0304AA32
:1010B000FB2B00F9FB0305AA460000B4DF0000F992
:1010C000591100B4800A40B9E1A30191BC03009416
:1010D000F503002A400C0035011380D2200080D295
:1010E00061D3FF97F30300AA401000B415E001910B
:1010F00000A0019101008012B55600A9000000A9CE
:1011000060620191000000A9746600A9E03740F90F
:10111000780A00F97ADA02A9602200F9618E00B932
:101120007B4A00F9000440F9017440B9010100371D
:10113000E03740F9010440F9217440B981010837D2
:1011400083040094608E00B909000014010040F986
:1011500001FFFFB4FBFEFFB7400A40F96332029182
:10116000E2031B2A14EDFF9740FEFF35805E40B975
:1011700040010034380100B5608A40B900001F32D8
:10118000608A00B9200080D2815E80B936D3FF9793
:10119000400A00B4600A00F9E03740F9000440F961
:1011A000016840B921010034608A40B9217C409334
:1011B00000001C32608A00B9200080D22AD3FF9739
:1011C000C00800B4601200F9D60200B4C00240F9B1
:1011D000016440B9A1000035C02240F9000440F983
:1011E000017040B921010034608A40B9217C4093EC
:1011F00000001D32608A00B9200080D21AD3FF9708
:10120000C00600B4600E00F9C13A40F9D53A00F9C1
:10121000C0A20191603E00F9A10600F9350000F975
:10122000E00313AA6E050094F503002AA00500351B
:10123000810E40F9410200B5360300B5E03740F9B0
:10124000000440F9010840F9A10300B5370400B5D6
:10125000608A40B900001A32608A00B9F35341A98C
:10126000E003152AF55B42A9F76343A9F96B44A98A
:10127000FB2B40F9FD7BC7A8C0035FD6E00313AA90
:1012800020003FD6F403002A80FDFF34E00313AAB8
:10129000F503142ADDD0FF97F1FFFF17C00240F9D4
:1012A000012040F9C1FCFFB4E00313AA20003FD69F
:1012B000F403002A40FCFF34F5FFFF17E00313AAF4
:1012C00020003FD6F403002A20FCFF34F0FFFF1774
:1012D000F30200F9DFFFFF1774018012ECFFFF1724
:1012E000F403002AEAFFFF17B5028012DCFFFF17A4
:1012F00075018012DAFFFF17E60305AAE50304AAC9
:10130000E40303AA030080D25EFFFF17E60305AAE9
:10131000E50304AA040080D25AFFFF17FD7BBDA994
:10132000FD030091F35301A9F40300AAF30302AAF9
:10133000F55B02A9361C0012F50303AA400040F930
:1013400056010094C00100B4E10300AA7600003603
:10135000007040B9E0011036620E40A9E60315AAFC
:10136000F55B42A9E00314AAF35341A9050080925A
:10137000FD7BC3A8040080D242FFFF17200080122B
:10138000F35341A9F55B42A9FD7BC3A8C0035FD617
:1013900000008012FBFFFF17600800B4FD7BBEA9B0
:1013A000FD030091F35301A9F30300AA008840B99B
:1013B00040056037601A40F9800400B5740240F9B6
:1013C000805A40B9E0040035602240F9010440F938
:1013D000206440B9E0000034622640F9A20000B564
:1013E000217440B90EFFFF97600400B4602600F935
:1013F000611A40F9C10100B4200040F9006040B911
:10140000A0000035202040F9000440F9006C40B9EC
:10141000E0000034612A40F9A10000B5817240B9B2
:10142000FFFEFF97800200B4602A00F9600240F9D5
:10143000011C40F9C10200B5608A40B900001432B5
:10144000608A00B905000014D4FFFF9760010035E1
:10145000608A40B940FB67360000805207000014E4
:10146000611E40F921FBFFB5817240B9ECFEFF9788
:10147000A00000B560018012F35341A9FD7BC2A812
:10148000C0035FD6601E00F9D0FFFF17604A40F925
:1014900040FDFFB7E00313AA20003FD6E0FCFF3475
:1014A000F6FFFF17A0028012C0035FD6A00800B4A9
:1014B000FD7BBEA9FD030091F35301A9F30300AA2C
:1014C000018840B9A100003600008052F35341A9C1
:1014D000FD7BC2A8C0035FD6140040F9AFFFFF97A1
:1014E00060010035601A40F9A00100B5608A40B97A
:1014F00000000032608A00B9601A40F9A00100B50E
:10150000E00313AAD2040094A0020034618A40B917
:1015100021781F12618A00B9EDFFFF17E4FFFF97E2
:1015200060FFFF35608A40B920FE0736E7FFFF17EE
:10153000602240F9000440F9000840B91F8401719D
:1015400000FEFF54807240B9C0FD5F37E00313AA6C
:10155000D828009460FDFF34EDFFFF17601A40F9B2
:10156000A00100B5604A40F9A000F8B7E00313AA53
:10157000010080527CFAFF97A0FCFF35811240F9F0
:10158000810100B5E00313AACB040094E0F9FF3415
:10159000DFFFFF17000040F9012440F941FEFFB4CE
:1015A000E00313AA20003FD6E0FDFF34D8FFFF1769
:1015B000E00313AA20003FD660FEFF34D4FFFF17DC
:1015C000A0028012C0035FD6400000B4000840F9BA
:1015D000C0035FD6400000B4000C40F9C0035FD6E2
:1015E000400000B4001040F9C0035FD6400000B4D2
:1015F000001C40F9C0035FD6400000B4002440F94D
:10160000C0035FD6400000B4002840F9C0035FD695
:10161000023440F903A001915F0003EB40E001D1E7
:1016200000109F9A200000F900008052C0035FD68E
:10163000010040F9221840F9233C40F942A00191F1
:1016400061E001D17F0002EB21109F9A010000F9B7
:1016500000008052C0035FD65F0000F9038C46F89B
:1016600063E001D164E001919F0000EB6100005450
:101670004002801208000014642040F9840440F9FC
:10168000840840B93F00046B810000540000805280
:10169000430000F9C0035FD6633C40F9F1FFFF1738
:1016A000001840F9C0035FD6001440F9C0035FD6AC
:1016B000600000B4000040F9003440F9C0035FD678
:1016C000002040F9000440F9000840B9C0035FD68B
:1016D000018840B921001932018800B9C0035FD6E2
:1016E000012400F9C0035FD6FD7BBFA9FD03009173
:1016F000004840F9F40500941F000071E0079F1AAC
:10170000FD7BC1A8C0035FD6FD7BBEA9E403012A0F
:1017100006008052FD030091F35301A9F40300AACF
:10172000E003032AE103002A050080D2400A40F9C1
:10173000A30000B063443A91D4ECFF97F30300AAEE
:101740001F0400B140010054801A40F9DDFFFF97EB
:101750001FC80171C1000054801A40F9E10313AAA7
:10176000F35341A9FD7BC2A884040014E00313AA2B
:10177000F35341A9FD7BC2A8C0035FD6FD7BBDA981
:10178000FD030091F35301A9F30300AAF403012A16
:10179000F51300F9400A40F9754A40F9E103152AAA
:1017A00074E8FF97E203152AE303002AF51340F9D2
:1017B000E103142AE00313AAF35341A9FD7BC3A854
:1017C000D2FFFF17FD7BBCA9FD030091F35301A9D4
:1017D000F30300AAF403012AF55B02A9F71B00F941
:1017E000F70302AA400A40F9764A40F9E103162AB3
:1017F00060E8FF97F503002AE103002A400A40F958
:10180000E50317AAE403142AE203162A060080520D
:10181000A30000B063443A919CECFF97F71B40F99A
:10182000E303152AE203162AE103142AF55B42A911
:10183000E00313AAF35341A9FD7BC4A8B3FFFF172C
:10184000FD7BBFA9FD030091DFFFFF971F0400B1DF
:1018500041000054000080D2FD7BC1A8C0035FD6C8
:1018600001008052C6FFFF17FD7BBFA9FD03009159
:10187000C3FFFF971F0400B141000054000080D255
:10188000FD7BC1A8C0035FD601008052F7FFFF17A0
:10189000F6FFFF17FDFFFF17FD7BBDA9C10000F09C
:1018A00021201891FD030091F35301A9D40000D029
:1018B00094421A91F51300F9F50300AAC00000D074
:1018C00000401A91330000CBE0EB03B2E0DD9DF263
:1018D00073FE4393737E009B000F8052737E209BA8
:1018E0009302138B7F0214EBE1000054140080D2AA
:1018F000F51340F9E00314AAF35341A9FD7BC3A8F3
:10190000C0035FD6810240F9E00315AA0CEEFF97F1
:1019100000FFFF3494E20191F3FFFF17C10000F0D4
:10192000E303002AC20000F020C01B9142C01B91BB
:10193000E100009021A00A91210002CBE2EB03B26A
:10194000E2DD9DF221FC4393217C029B020F805239
:10195000217C229B0100018B3F0000EB61000054C1
:10196000000080D2C0035FD6020840B95F00036B5D
:10197000A0FFFF5400E00191F8FFFF17FD7BB9A91C
:10198000FD030091F76303A9F70300AAC00000F06C
:1019900000201891F96B04A93A1C0012C10000F054
:1019A00021601891F35301A9210000CB5901805205
:1019B00014008052FB2B00F933FC4493F55B02A921
:1019C000D50000F0B5221891FB03132A180080D22D
:1019D000160080527F03186B0C0200549F020071A6
:1019E000841A4B3A9412961ADF2E0031610000548B
:1019F00039070071A1FEFF54F55B42A9E003142AE8
:101A0000F35341A9F76343A9F96B44A9FB2B40F9B0
:101A1000FD7BC7A8C0035FD6E1031A2AE3A30191A7
:101A2000A212188BE00317AA3DFEFF9701040011D4
:101A30003F04007189000054DF0200710018423A2F
:101A4000D602801A18070091E3FFFF17FD7BBDA99E
:101A5000FD030091F35301A9F30300AAF40302AAC2
:101A6000E00301AAF55B02A9F50303AAF60304AAA1
:101A70008AFFFF97600100B4E10300AAE50316AAFC
:101A8000E40315AAE20314AAF55B42A9E00313AA32
:101A9000F35341A9030080D2FD7BC3A817FEFF17B3
:101AA000F35341A920008012F55B42A9FD7BC3A836
:101AB000C0035FD6E40303AA03008092E4FFFF178C
:101AC000FD7BB7A9FD030091F35301A9D40000D019
:101AD000D30000F0F55B02A994421A917322189189
:101AE000F76303A9F50301AAD80000D0F96B04A994
:101AF00018431A91F60302AAFB7305A9F70303AA78
:101B00009C1C0012E03F00F9420000B45F0000F9A5
:101B1000E00315AA3F040094E2130291A10000B073
:101B200021480891E03B00F9E00315AAA5040094C0
:101B3000F90300AA000300B4730218CBE0EB03B270
:101B4000E0DD9DF21800805273FE4393737E009B8C
:101B5000000F8052737E209B8002138BE03700F9C8
:101B6000E08740B91F00186BCD0100543BC3388B90
:101B7000FA0314AAE03740F91F001AEB21020054BF
:101B8000E0031BAA8EEDFF97000400911803000BE1
:101B9000F4FFFF17E08740B91F04003141000054F3
:101BA00000008052F35341A9F55B42A9F76343A9B2
:101BB000F96B44A9FB7345A9FD7BC9A8C0035FD697
:101BC000570300B45F0317EB41030054530B40F974
:101BD000D30300B5FC000036E00315AAB804009456
:101BE00060000037407340B9C0FD1736530300B59D
:101BF000030080D2E20347A9E5230291E40315AA7A
:101C0000E1031AAABDFDFF97FF0200F10008533A55
:101C10000001005480FCFF3556FCFFB4E04740F95A
:101C2000C00200F9DFFFFF17400B40F900FDFFB5D0
:101C30005AE30191D0FFFF17E1031BAA40EDFF9784
:101C4000E000003473420091600240F960FFFFB58C
:101C5000F8FFFF17630640F9E7FFFF179CFC073604
:101C6000DEFFFF17FD7BBBA9FD030091F35301A924
:101C7000F55B02A9F76303A9F92300F9C105F8B7D9
:101C8000F50300AA561C0012400A40F91700809282
:101C9000140080529DE4FF971F00007113A0971A53
:101CA000737E40937F0600B101010054F55B42A9A9
:101CB000E003142AF35341A9F76343A9F92340F938
:101CC000FD7BC5A8C0035FD6E00313AAD10300942F
:101CD000400A40F9F903132AE103132A26EAFF9781
:101CE00040010035F803142A400A40F9E103192A9B
:101CF000F403182A92E4FF97137C40937F0200714B
:101D000073A2979AE8FFFF17E403162AE10313AAC8
:101D1000E00315AA030080D2020080D269FFFF977A
:101D20001F000071F803002A801A407AC1FDFF5499
:101D3000EEFFFF1714008052DDFFFF17FD7BBDA9EA
:101D4000FD030091F35301A9F30300AAF51300F971
:101D5000351C0012004840F941010037608A40B943
:101D600080017836E00313AAD1FDFF9720010034EB
:101D7000F35341A9F51340F9FD7BC3A8C0035FD617
:101D80006001F8B6600240F9007040B980FE173774
:101D9000748E46F894E201D180E201911F0013EBAA
:101DA000C100005400008052F2FFFF174404009469
:101DB00060FD0737F4FFFF17E00314AAE103152ABB
:101DC000DFFFFF97943E40F9F3FFFF17407A40F999
:101DD000C00200B5FD7BBFA940E20391820000D0A4
:101DE000FD030091408600F942603791000000A990
:101DF00043C2039101008052000080D248FDFF974A
:101E000000010035417A40F93F4800F9407A40F935
:101E1000A7FDFF976000003541420391210400A90E
:101E2000FD7BC1A8C0035FD6A0028012C0035FD6AD
:101E3000FD7BBFA9E103002AFD030091407A40F930
:101E4000CFFEFF971F080031410000540000805270
:101E5000FD7BC1A8C0035FD6421A40F9014840F992
:101E6000E20322AA420000127FFFFF17E203002ACA
:101E7000010080D2407A40F97BFFFF17FD7BBBA9B0
:101E8000FD030091F35301A9141C0012A00000905F
:101E900000FC0291E01B00F9A00000B000882A912C
:101EA000E01F00F9A00000B000A82A91E02300F98B
:101EB000A00000B000241D91F51300F9E02700F9FF
:101EC000E003142AEAFFFF97A0010035F5C3009153
:101ED000130080D2A07A73F899030094E10300AA5A
:101EE000407A40F9E203142A5FFFFF978000003533
:101EF000730600917F1200F1E1FEFF54F35341A9F4
:101F0000F51340F9FD7BC5A8C0035FD600008052E1
:101F1000C0035FD6411A40F9407A40F9E10321AA93
:101F20002100001286FFFF17FD7BBEA9FD03009173
:101F3000F30B00F9131C001200008052A4FFFF975E
:101F400060010035E003132ABAFFFF970001003556
:101F5000E003132ACAFFFF97A0000035E003132A0D
:101F6000F30B40F9FD7BC2A8E9FFFF17F30B40F923
:101F7000FD7BC2A8C0035FD6E203002A407A40F985
:101F8000000100B4438640F9610040F9208000D18F
:101F9000018000917F0001EB61000054000080D2BD
:101FA000C0035FD6010440F9210840B93F00026B2D
:101FB00080FFFF54011040F9F5FFFF17FD7BBCA91E
:101FC000FD030091F35301A9F55B02A9F71B00F98A
:101FD000F70301AA418640F9010800B4FF0200F9A5
:101FE000E403002AE5FFFF97400700B5E003042A59
:101FF0004BFEFF97F60300AA400700B4010680D20B
:10200000200080D298CFFF97F30300AAE00600B427
:10201000C16240B9C1000034217C4093200080D2CD
:1020200091CFFF97200500B4600200F975820091FE
:1020300060420091760600F9B55600A9000000A99B
:10204000408640F9010040F9350400F9611200F9B9
:10205000A00600F9150000F9C12A40F9010300B4F7
:10206000E00313AA20003FD6F403002A80020034C4
:10207000C06240B980000034600240F963CDFF9730
:102080007F0200F9611240F9A00640F9200400F92E
:10209000010000F97F1200F9BF0600F9E00313AA5E
:1020A0005ACDFF97F55B42A9E003142AF35341A9E7
:1020B000F71B40F9FD7BC4A8C0035FD6F30200F90B
:1020C00014008052F8FFFF1774018012F4FFFF170D
:1020D000E00200F9FBFFFF1754048012F2FFFF1724
:1020E000F40B8012F0FFFF1774018012EEFFFF1750
:1020F000FD7BBBA9FD030091F35301A9F55B02A988
:10210000F603012AE1230191F71B00F9F70302AA64
:10211000ABFFFF97F403002AE0010035F52740F9F3
:10212000B30E41F8736201D1606201911F0015EB9B
:10213000610000545402801207000014400A40F964
:10214000619240B9FAE4FF97DF02006B010100548D
:10215000F30200F9F55B42A9E003142AF35341A905
:10216000F71B40F9FD7BC5A8C0035FD6732E40F96D
:10217000EDFFFF17FD7BBDA9FD030091F35301A9FE
:10218000F303012AF40302AA5F0000F9E1A300911E
:102190008BFFFF97E0010035E11740F922400091E5
:1021A000230840F95F0003EBC0000054636001D1D5
:1021B000E103132A646001915F0004EB61000054A5
:1021C0004002801203000014A1000035830200F9D0
:1021D000F35341A9FD7BC3A8C0035FD6632C40F92C
:1021E00021040051636001D1F3FFFF17FD7BBDA9FE
:1021F000FD030091F30B00F9F30301AA3F0000F97E
:10220000E1A300916EFFFF9700010035E11740F94F
:1022100022400091210840F93F0002EB6000005489
:10222000216001D1610200F9F30B40F9FD7BC3A8E5
:10223000C0035FD6010040F91F0000F9222040F9D9
:10224000232C40F942400091616001D17F0002EBF4
:1022500021109F9A010000F9C0035FD6FD7BBBA946
:10226000FD0300917F0000F9F35301A9F55B02A97A
:10227000F76303A9610400B4F60301AA557C4093F7
:10228000F70303AAE12301914DFFFF97F303002A0F
:1022900080020035F82740F9140F41F8946201D10B
:1022A000806201911F0018EB6100005453028012FC
:1022B0000C000014800640F9E20315AAE10316AAF7
:1022C000A8EBFF97F303002A80010035800640F950
:1022D000BBEBFF97BF0200EB01010054F40200F9D1
:1022E000F55B42A9E003132AF35341A9F76343A91D
:1022F000FD7BC5A8C0035FD6942E40F9E8FFFF1709
:10230000B3028012F7FFFF17FD7BBDA9FD0300910B
:10231000F35301A9F403002AF30301AAE00301AA7D
:10232000F51300F9F50302AAA5EBFF97E30315AA3D
:10233000E203002AF51340F9E10313AAE003142A8B
:10234000F35341A9FD7BC3A8C5FFFF17FD7BBEA9C1
:10235000FD030091F30B00F9F30300AA000440F918
:10236000017440B9E1010036010040F9400A40F92A
:10237000800100B4DAE8FF97E10313AA220C41F8C8
:10238000426001D1436001917F0001EBE100005404
:10239000F30B40F900040011FD7BC2A8C0035FD617
:1023A00000008012F5FFFF17438C40B9422C40F922
:1023B0001F00036B00A0831AF2FFFF175F0000F9F4
:1023C0003F0400316100005440028012C0035FD618
:1023D000FD7BBDA9FD030091F35301A9F303012A7D
:1023E000F40302AAE1A30091F5FEFF970001003576
:1023F000E11740F9230C41F8636001D1626001915B
:102400005F0001EBA100005440028012F35341A988
:10241000FD7BC3A8C0035FD6628C40B95F00136B1D
:1024200061000054830200F9F9FFFF17632C40F9A3
:10243000F2FFFF175F0000F96100F83640028012DA
:10244000C0035FD6FD7BBDA9FD030091F35301A935
:10245000F303012AF40302AAE1A30091D8FEFF9737
:1024600000010035E11740F9230C41F8636001D108
:10247000626001915F0001EBA100005440028012F4
:10248000F35341A9FD7BC3A8C0035FD6624840F95E
:102490007F02026B61000054830200F9F9FFFF170D
:1024A000632C40F9F2FFFF175F0000F96100F8B6F6
:1024B00040028012C0035FD6FD7BBDA9FD030091E1
:1024C000F35301A9F30301AAF40302AAE1A30091C3
:1024D000BBFEFF9700010035E11740F9230C41F8DE
:1024E000636001D1626001915F0001EBA1000054C3
:1024F00040028012F35341A9FD7BC3A8C0035FD6FD
:10250000624840F95F0013EB61000054830200F958
:10251000F9FFFF17632C40F9F2FFFF17FD7BBEA9FF
:10252000FD030091F35301A9F403002AE00301AA7B
:102530007F0000F9E10302AAF30303AA020080125C
:10254000004840F93D0100941F000071ED00005467
:10255000E103002AE20313AAE003142AF35341A97A
:10256000FD7BC2A8E3FEFF17F35341A920008012B0
:10257000FD7BC2A8C0035FD6FD7BBCA9FD03009113
:10258000F35301A9F40301AAE1E30091F51300F963
:10259000F50302AA8AFEFF9700020035E01F40F90A
:1025A000130C41F8736201D1616201913F0000EBAD
:1025B000610000544002801208000014610240F9DA
:1025C0003F0014EB21010054E00313AAB8FBFF976E
:1025D00040000035B30200F9F35341A9F51340F967
:1025E000FD7BC4A8C0035FD6732E40F9EEFFFF1732
:1025F000C1010035FD7BBEA9FD030091F35301A984
:10260000F40300AAF30302AAA9FBFF97E103002A3F
:1026100040000035740200F9F35341A9E003012A98
:10262000FD7BC2A8C0035FD6E003012AC0035FD6CA
:10263000FD7BBDA9FD030091F30B00F9F30302AA92
:10264000E2A300917F0200F9CBFEFF97E103002A8D
:10265000E01740F9E20313AAF30B40F9FD7BC3A88E
:10266000E4FFFF17FD7BBDA9FD030091F30B00F90B
:10267000F30302AAE2A300917F0200F923FFFF9770
:10268000E103002AE01740F9E20313AAF30B40F933
:10269000FD7BC3A8D7FFFF17FD7BBDA9FD030091FC
:1026A000F30B00F9F30302AAE2A300917F0200F901
:1026B00043FFFF97E103002AE01740F9E20313AA62
:1026C000F30B40F9FD7BC3A8CAFFFF17FD7BBDA933
:1026D000FD030091F30B00F9F30302AAE2A30091BA
:1026E0007F0200F954FFFF97E103002AE01740F949
:1026F000E20313AAF30B40F9FD7BC3A8BDFFFF174C
:10270000FD7BBDA9FD030091F30B00F9F30302AAC1
:10271000E2A300917F0200F964FFFF97E103002A22
:10272000E01740F9E20313AAF30B40F9FD7BC3A8BD
:10273000B0FFFF17FD7BBDA9FD030091F30B00F96E
:10274000F30303AAE3A300917F0200F974FFFF974C
:10275000E103002AE01740F9E20313AAF30B40F962
:10276000FD7BC3A8A3FFFF17FD7BBEA9FD0300915E
:10277000F30B00F9F30301AA3F0000F99CFEFF9759
:10278000E0000035610240F9A10000B4F30B40F90C
:10279000E00301AAFD7BC2A845FBFF17F30B40F93C
:1027A000FD7BC2A8C0035FD6FD7BBEA9FD030091DF
:1027B000F30B00F9F30301AAECFFFF97A00000352B
:1027C000600240F91F0000F140028012E013801AFD
:1027D000F30B40F9FD7BC2A8C0035FD6FD7BBEA909
:1027E000FD030091F35301A914600191012040F908
:1027F00021400091220440F9340400F9018805A920
:10280000540000F9011840F9E10100B4212040F919
:10281000210440F9211C40F9610100B4F30300AA2E
:1028200020003FD6A0000034628645A9410400F98B
:10283000220000F97FFE05A9F35341A9FD7BC2A840
:10284000C0035FD600008052FCFFFF17FD7BBEA9CE
:10285000FD030091F30B00F9F30300AA012040F9F6
:10286000210440F9211040F9A10000B5601A40F997
:10287000000100B5000080520300001420003FD684
:1028800060FFFF34F30B40F9FD7BC2A8C0035FD6A5
:10289000002040F9000440F9012040F9C1FEFFB4D6
:1028A000E00313AAF00301AAF30B40F9FD7BC2A8D1
:1028B00000021FD6FD7BBEA9FD030091F30B00F9BA
:1028C000F30300AA011840F9210100B5602240F984
:1028D000000440F9011440F9810100B50000805264
:1028E000F30B40F9FD7BC2A8C0035FD6212040F95D
:1028F000210440F9212440F9A1FEFFB420003FD675
:1029000060FEFF34F7FFFF17E00313AAF00301AAEC
:10291000F30B40F9FD7BC2A800021FD6FD7BBDA9C9
:10292000FD030091F35301A9F40300AA2DFBFF97C7
:10293000F30300AAA1000090804A40F9E2830091CD
:1029400021681D91630080D2A4000094E00000354E
:10295000E02340B9600200F9E02740B9600A00F9BD
:10296000E02B40B9600600F9E00314AAF35341A933
:10297000FD7BC3A839FDFF17FD7BBEA9FD030091B8
:10298000F30B00F9F30301AA16FBFF97010040F9CE
:102990003F0013EB08010054020440F92200028BAF
:1029A0005F0013EB89000054000840F97302008BAC
:1029B000730201CBE00313AAF30B40F9FD7BC2A81D
:1029C000C0035FD6FD7BBDA9FD030091F35301A9B0
:1029D000F303022AE20301AAE103002AF40303AA93
:1029E000400A40F9E3B30091BEE2FF97800100B4D2
:1029F000E12F80B9620600113FC822EB4301005469
:102A000000D873B80008C05A800200B90000805294
:102A1000F35341A9FD7BC3A8C0035FD6A002801277
:102A2000FCFFFF1740098012FAFFFF17E30302AA19
:102A300002008052E4FFFF17FD7BBEA9FD03009159
:102A4000E3730091E21F00B902008052DEFFFF979E
:102A5000E01F40B9FD7BC2A8C0035FD6FD7BBEA9C5
:102A6000FD030091E21F00B9E2730091F0FFFF97B0
:102A7000E01F40B9FD7BC2A8C0035FD6FD7BBDA9A6
:102A8000FD030091F30B00F9F30302AAE20301AA8C
:102A9000E103002A400A40F9E3B3009191E2FF9775
:102AA000800100B4E12F40B93F1C0071290100549E
:102AB00001004029208000AA000CC0DA600200F961
:102AC00000008052F30B40F9FD7BC3A8C0035FD622
:102AD000A0028012FCFFFF17FD7BBEA9FD03009141
:102AE000E20F00F9E2630091E5FFFF97E00F40F984
:102AF000FD7BC2A8C0035FD6FD7BBDA9FD0300918D
:102B0000F30B00F9F30302AAE20301AAE103002A8E
:102B1000400A40F9E3B3009172E2FF97E00000B58C
:102B2000730000B401008012610200B9F30B40F998
:102B3000FD7BC3A8C0035FD6B3FFFFB4E12F40B94C
:102B4000FAFFFF17FD7BBDA9FD030091E2B30091E1
:102B5000F35301A9E9FFFF97C00000B5130080D22D
:102B6000E00313AAF35341A9FD7BC3A8C0035FD6BA
:102B7000F42F80B9F30300AAE10314AAA7E9FF9791
:102B80009F0200EBE8FEFF54F5FFFF17FD7BBEA997
:102B9000FD030091E2730091D8FFFF97E11F40B958
:102BA0001F0000F1A0028012FD7BC2A82010801A35
:102BB000C0035FD6FD7BBFA9E20301AAE103002A9F
:102BC000FD030091400A40F9C7E1FF97007C409364
:102BD000FD7BC1A8C0035FD6E403032AE30302AA76
:102BE000E20301AAE103002A400A40F902E7FF17C5
:102BF000FD7BBFA9E103002AFD030091400A40F9D3
:102C00005CE3FF97007C4093FD7BC1A8C0035FD6C7
:102C1000E10300AA8000F8B7400A40F9020080D220
:102C200058E1FF17000080D2C0035FD6FD7BBFA92B
:102C3000E30302AAE20301AAFD030091E103002AD3
:102C4000400A40F9C2E3FF971F040031C00000545E
:102C50001F000071A102801200A0811AFD7BC1A893
:102C6000C0035FD680078012FDFFFF17FD7BBDA963
:102C7000FD030091F30B00F9F30303AAE303022A17
:102C8000E20301AAE103002AE4B30091400A40F9FB
:102C9000DFE3FF97600200F9E02F40B9F30B40F942
:102CA0001F000071FD7BC3A8A002801200B09F1A14
:102CB000C0035FD6FD7BB9A9FD030091F35301A9C1
:102CC000F30305AAE503042AE403032AE30302AAA3
:102CD000E20301AAE103002A400A40F9E6A30091B9
:102CE000E4E6FF97F403002A20010035E02B80B9C9
:102CF000E1C30091600200F9020880D2E02F40B9E0
:102D0000600A00B9603200917AE9FF97E003142A63
:102D1000F35341A9FD7BC7A8C0035FD6E403032A90
:102D2000E30302AAE20301AAE103002A400A40F9F0
:102D3000060080D205008012CEE6FF17FD7BBFA9FA
:102D4000E10300AAFD030091400A40F96DE2FF97FC
:102D50001F00007100A09F5AFD7BC1A8007C40931A
:102D6000C0035FD6FD7BBEA9FD030091F35301A90B
:102D7000F40301AAF30300AAA0000090000C16912E
:102D8000EFFFFF97E20314AAE10313AAF35341A94B
:102D9000FD7BC2A859FFFF17FD7BBFA9010080D2B0
:102DA000FD030091F0FFFF97600000B4FD7BC1A818
:102DB000E3FFFF1700008092FD7BC1A8C0035FD630
:102DC000E30302AAE20301AAE103002A400A40F950
:102DD000C4E1FF17FD7BBFA9020080D2FD03009173
:102DE000F8FFFF971F0000F1E0079F1AFD7BC1A8C5
:102DF000C0035FD6F8FFFF17E103002A400A40F93D
:102E000086E5FF17E103002A400A40F990E5FF1725
:102E1000FD7BBCA9FD030091F35301A9F40300AAB3
:102E2000F30302AAF55B02A9F503012AF76303A9DC
:102E3000781C0012620000B4E07F40B2400000F94C
:102E4000E00314AA6BFFFF97F70300AAEBFFFF97BD
:102E5000F603002AE00317AAEBFFFF97E503002A19
:102E6000E703182AE60313AAF76343A9E403162A23
:102E7000E303152AE103142AF35341A9A2000090A9
:102E8000F55B42A942443A91FD7BC4A8400A40F94F
:102E9000D9E6FF1723008052DEFFFF17FD7BBEA996
:102EA000FD030091E2630091FBFFFF97FD7BC2A849
:102EB000C0035FD601008052F9FFFF172000805247
:102EC000C0035FD6FD7BBFA9E20301AAE103002A8C
:102ED000FD030091400A40F979E3FF971F0000715C
:102EE000E0179F1AFD7BC1A8C0035FD6FD7BBEA97A
:102EF000FD030091F35301A9F40300AAF303012A8F
:102F0000A000009000A82B918DFFFF97C000F8B79C
:102F1000E203132AE10314AAF35341A9FD7BC2A8DB
:102F2000C6FEFF17E003132AF35341A9FD7BC2A895
:102F3000C0035FD6FD7BBEA9FD030091F30B00F932
:102F4000F30300AA000040F9010040F9213440F9E0
:102F5000221040F9611240B940003FD6610640F9A5
:102F6000610018361F000071E0179F1AF30B40F93B
:102F7000FD7BC2A8C0035FD600008052C0035FD6AD
:102F8000FD7BBCA9FD030091E1E30091F35301A98E
:102F9000F55B02A9F50300AA8006805208FCFF97A2
:102FA000F403002A40010035E01F40F9160080526A
:102FB000130840F9736201D1E11F40F96062019189
:102FC000214000911F0001EBC1000054F55B42A9B4
:102FD000E003142AF35341A9FD7BC4A8C0035FD6C4
:102FE000608A40B9000100367F0215EBC000005432
:102FF000E00313AA81F9FF97160C00B9000840B945
:10300000D602000B732E40F9736201D1EBFFFF175C
:10301000FD7BBDA9FD030091F35301A9140080526B
:10302000F51300F9F50300AA74F9FF97F30300AA5A
:10303000600A40B91F00146B48010054600A40F94F
:1030400072C9FF97600E40F970C9FF97F35341A909
:10305000E00315AAF51340F9FD7BC3A8C9FFFF17CC
:10306000600E40F900D874F8400000B467C9FF97BB
:1030700094060011EFFFFF17FD7BBEA9FD03009131
:10308000F30B00F95DF9FF97F30300AA000840B9BC
:10309000010180D274CBFF97600E00F9400100B4AB
:1030A000600A40B9810080D2007C0011007C055389
:1030B0006DCBFF97600A00F9E00000B5600E40F9A3
:1030C00052C9FF97F30B40F960018012FD7BC2A843
:1030D000C0035FD6F30B40F9000080D2FD7BC2A88D
:1030E000A8FFFF17227C055321100012007862B858
:1030F0000024C19A00000012C0035FD6FD7BBEA968
:10310000FD030091F35301A9F30300AA000040F965
:10311000200300B4F40301AA38F9FF97E30300AADF
:10312000641240B9000840F9E103042AEEFFFF975A
:10313000E103002A0000805281010037600240F95B
:10314000630040F9010440F9630000B5A30000905A
:1031500063D81B91E20314AA800000F000C82B91F1
:1031600098EDFF97E0018012F35341A9FD7BC2A8BF
:10317000C0035FD620008012FCFFFF17E203002A85
:1031800040007DD3A200083603007BB201007AB272
:103190005F007EF22000839A42002036000079B260
:1031A00042002836000078B2C0035FD6FD7BBEA97E
:1031B000FD030091F35301A9F30302AAF40301AA4A
:1031C0000EF9FF97610A40B93F000071AC0000544E
:1031D000A0028012F35341A9FD7BC2A8C0035FD6B1
:1031E000610E40B9811200B9000840B93F00006B80
:1031F00002FFFF54600A40B91F0400716C000054C4
:1032000000008052F4FFFF17601240B9DCFFFF9707
:10321000800600F9FBFFFF17FD7BBCA9FD030091B1
:10322000F35301A9F40300AAF30301AAF55B02A971
:10323000F76303A9170040F9E00240F9183440F998
:10324000E00317AAEDF8FF97F60300AA000840F97B
:10325000811240B9A4FFFF9760040037E00313AA6E
:10326000F8E7FF97F50300AA200400B4030340F930
:10327000811240B9C30100B4E20313AAE00317AA04
:1032800060003FD6F303002A20010034E00315AAB2
:10329000DEC8FF97F55B42A9E003132AF35341A967
:1032A000F76343A9FD7BC4A8C0035FD6831240B96E
:1032B000200080D2C20A40F913008052617C05537D
:1032C0000020C31A21F47ED3436861B80000032AAA
:1032D000406821B8C00E40F9811240B9157821F834
:1032E000EDFFFF17F3018012EBFFFF177301801250
:1032F000E9FFFF17FD7BB4A9FD030091F35301A97A
:10330000F30300AAE0030391E08304A9E0430291E0
:10331000F40301AAE02F00F9E0058012E1230191F6
:10332000E06300B9FF6700B9E20F09A9020480D287
:10333000E063228BE4170AA9E61F0BA9EDE7FF97CC
:10334000E3830091E20314AAE0A30191010580D276
:10335000AEECFF97E1A30191E00313AAAFFFFF9743
:10336000F35341A9FD7BCCA8C0035FD6FD7BBEA96A
:10337000810000F021642C91FD030091F30B00F912
:10338000F30300AA5EFFFF97A0000035E00313AA35
:10339000F30B40F9FD7BC2A8E7FEFF17F30B40F9E2
:1033A000FD7BC2A8C0035FD6FD7BBEA9FD030091D3
:1033B000F35301A9F303012AF40300AA810000F0EA
:1033C000218C2C914EFFFF9700050035830640F9B4
:1033D000630018367F020071F3179F1A800240F9CC
:1033E000010040F9223440F9442040F9440100B47E
:1033F0007F020071811240B9F35341A962007CB28F
:10340000FD7BC2A863F87B926200829AF00304AA53
:1034100000021FD643002836730000350301303602
:10342000F3000035811240B9F35341A9FD7BC2A8D6
:10343000420840F9F00302AA00021FD6811240B9E7
:103440007F047BF2E0000054430C40F9E203132AAE
:10345000F35341A9F00303AAFD7BC2A800021FD6C3
:10346000431440F9FAFFFF17F35341A9FD7BC2A8AB
:10347000C0035FD6FD7BBCA9FD030091F35301A9F6
:10348000F30301AA810000F021B42C91F55B02A99D
:10349000F50300AAF60302AAF71B00F918FFFF972D
:1034A000F403002A40050035A00640F91300338AD2
:1034B000730216AAB60240F9C00240F9173440F967
:1034C000E00316AA4DF8FF9760067F921F1800F1DF
:1034D00040050054600679921F0006F1E004005494
:1034E00060067B921F8001F180040054E32240F9C2
:1034F000400180D26002008A62027CD21F2800F163
:103500004200939AE30000B4A11240B9E00316AA66
:1035100060003FD6A0010034F403002A0C00001420
:103520005F0479F2A1020054E2000836E30E40F98C
:1035300042100453A11240B9E00316AA60003FD61E
:10354000F5FFFF1702011037B30600F9F55B42A93A
:10355000E003142AF35341A9F71B40F9FD7BC4A8EB
:10356000C0035FD6E20A40F9E00316AAA11240B9EF
:1035700040003FD6E8FFFF17B4028012F4FFFF17A8
:10358000E20301AAC10280D2BBFFFF17FD7BBBA9EA
:10359000FD030091F55B02A9F50301AAE12B40F9B7
:1035A000A17C00A9F35301A9BF1000B9F76303A9D7
:1035B000F92300F9C0020035F90302AAF60303AAB1
:1035C000F703042AF30305AAD47C4093F81C0012E5
:1035D000410100B4600240F9010040F9213440F992
:1035E000231C40F9030200B5E20319AAE10313AA60
:1035F000EFFEFF970F000014210340F9E20305AA34
:10360000800680523FFCFF9760FEFF34F35341A9D0
:10361000F55B42A9F76343A9F92340F9FD7BC5A8EF
:10362000C0035FD6E20319AAE10313AA60003FD6E4
:10363000E0FEFF351F0340F2800000F0810000F043
:1036400000EC2C9121642291E403172A2100809A36
:10365000E30316AAE20315AAE00313AA26FFFF97C5
:1036600060FDFF35610640F9C00280D2F55B42A9DA
:103670002100008AF76343A9210014AAF92340F925
:10368000E00313AAF35341A9FD7BC5A8BDFFFF17B3
:10369000FF8302D1E5430191FD7B01A9FD43009128
:1036A000F35302A9F40300AAF303022AF55B03A96A
:1036B000F60301AAF76304A9F70303AAF803042A8F
:1036C000004840F9E403022A03008052820000F01F
:1036D000420C2D9178FDFF97F503002A804A40F9AE
:1036E0004CFDFF97FF0300F97F020071E603182AE3
:1036F000E50317AAE403132AE30316AAE2430191A0
:10370000E10300AAE7D79F1AE003152AA0FFFF975D
:10371000FD7B41A9F35342A9F55B43A9F76344A993
:10372000FF830291C0035FD6FD7BBEA9FD0300911C
:10373000F30B00F9F303012AA4F7FF97020840B93D
:1037400081018052000840F9427C011B42100011A7
:10375000427C4093006862B8BF3F03D5E003002A73
:103760000024D39A00000012F30B40F9FD7BC2A89D
:10377000C0035FD6FD7BBEA9FD030091F35301A9F1
:10378000F403012AF303022A90F7FF9723008052E3
:1037900082018052040840F96120D41A030840B91C
:1037A00053010034637C021B637C4093806863B8E0
:1037B0002100002A816823B8F35341A900008052F8
:1037C000FD7BC2A8C0035FD6607C021B007C4093D7
:1037D000826860B84100210A816820B8F7FFFF17AE
:1037E000FD7BBDA9FD030091F35301A9F303012A59
:1037F000F51300F9F50300AA74F7FF97F40300AA84
:10380000E103132AE00315AAC8FFFF971F04007104
:10381000800A40F9820A40B9A10100548101805216
:10382000427C011B427C4093006862B8BF3F03D5D5
:10383000E003002AF51340F90024D39AF35341A979
:1038400000000012FD7BC3A8C0035FD642500011E8
:1038500042741E53F4FFFF17FD7BBEA9FD030091C8
:10386000F35301A9F403012AF303022A57F7FF9740
:10387000040840B98501805223008052060840F9AF
:103880006120D41A847C051B84100011847C409331
:10389000C26864B84200012AC26824B8040840F92A
:1038A000030840B953010034637C051B637C4093DB
:1038B000806863B82100002A816823B8F35341A9C6
:1038C00000008052FD7BC2A8C0035FD6607C051B50
:1038D000007C4093826860B84100210A816820B86A
:1038E000F7FFFF17FD7BBEA9FD030091F30B00F965
:1038F000F303012A35F7FF97020840B9810180528E
:10390000427C011B010840F9421000112000805246
:10391000427C40930020D31A236862B86000200ADA
:10392000206822B800008052F30B40F9FD7BC2A84A
:10393000C0035FD6FD7BBEA9FD030091F35301A92F
:10394000F40300AA21F7FF97F30300AAE00314AAE7
:1039500027F7FF977F0200F1040840FAC0000054E7
:10396000F35341A9FD7BC2A8010840B9000040F90A
:1039700050370014F35341A900008052FD7BC2A8C8
:10398000C0035FD6FD7BBDA9FD030091F35301A9E0
:10399000F40300AAF51300F918F7FF97F30300AA40
:1039A000E00314AA09F7FF97000500B5E00314AA85
:1039B0000FF7FF97E10300AAF50300AAE00314AA9A
:1039C00087370094F303002A000200341F300831C7
:1039D0000418423A20040054800000F000C02D91E9
:1039E000940200B4810A40A9E303132A210040F99C
:1039F00074EBFF97F51340F9E003132AF35341A941
:103A0000FD7BC3A8C0035FD6E00315AA1637009458
:103A1000F303002A20020034A00240F9A10A40B9B1
:103A200024370094800000F000302E91EDFFFF1746
:103A3000820000F0810000F0E303132A4210289175
:103A4000213C2891EBFFFF17010C40B9610A00B936
:103A5000000040F9600200F913008052E6FFFF17F2
:103A6000FD7BB8A9FD030091F35301A9F55B02A901
:103A7000F50300AAF76303A9F92300F9D3F6FF972A
:103A8000000100B400008052F35341A9F55B42A944
:103A9000F76343A9F92340F9FD7BC8A8C0035FD6AB
:103AA000E00315AA6FF7FF97F60300AA1F0400B101
:103AB00060090054400A40F9980000F0A19240B912
:103AC000990000F018A32E9139E32E91170080522F
:103AD0000EDDFF971F00007100A09F5A137C4093DA
:103AE0007F0600B100FDFF54E10318AAE00313AA0A
:103AF000C1FCFF976006003601009052000380D29F
:103B000054E5FF97F40300AA600400B4970A00B9D3
:103B100002300091960A00F9E10319AAE00313AA02
:103B2000C3FBFF97E0000034E00313AA02008052B9
:103B3000810000F021FC2E91C0FBFF97800E00B9A0
:103B4000810000F0E30314AA21342F91E00313AAAB
:103B50000200805246FCFF9720020034E00313AAC3
:103B60002CFCFF97820000F0E30300AA425C2F9137
:103B7000010480D2E0830191C1EAFF97E0830191C3
:103B8000B0E5FF97800200F9A00000B5E00314AA99
:103B90009EC6FF9760018012BCFFFF17820240F9AA
:103BA000E5630191A10240F9E40313AAE30314AA17
:103BB000E00315AAD6F5FF9780F6FF35F70600114A
:103BC000400A40F9E103132ADDDCFF971F00007172
:103BD00000A09F5A137C4093C2FFFF17A0008012E1
:103BE000AAFFFF17400C40B9201000B9401040B99F
:103BF00000007DD3200400F900008052C0035FD68E
:103C0000FD7BBEA9FD030091F30B00F9F303012A2C
:103C10006EF6FF9701018052610EC11A730A0012FD
:103C200001C0218B208440390028D31AE003202AC8
:103C3000F30B40F900000012FD7BC2A8C0035FD661
:103C4000FD7BBCA9FD030091F35301A9F403032AF2
:103C5000F30300AAF51300F9F503012AE2FF003986
:103C60005AF6FF97001040B90201805201048052B9
:103C7000940EC21A00040051000CC21AE2FF009117
:103C80000310C05A1F0000712100034B2300805213
:103C900020109F1AA122C01AE00313AA2100140BBE
:103CA0004B030094F403002A20010034830000B089
:103CB000800000F0630C329100DC2F91330100B4DE
:103CC000610A40A9210040F9BEEAFF97F51340F9C7
:103CD000E003142AF35341A9FD7BC4A8C0035FD6B7
:103CE000820000F0810000F042102891213C2891D0
:103CF000F6FFFF17FD7BBCA9FD030091F35301A95B
:103D000033008052F55B02A9F503012AF60300AAED
:103D1000F76303A9F803022A2CF6FF97F40300AA1D
:103D2000A00A0012B77E03537322C01A8002178BB9
:103D300000704039380200347302002A801640F9BE
:103D4000731E0012E303152AE203132A010440B98B
:103D5000E00316AABBFFFF97600000359402178BA3
:103D600093720039F35341A9F55B42A9F76343A964
:103D7000FD7BC4A8C0035FD61300330AF0FFFF1712
:103D8000FD7BBCA9FD030091F35301A933008052D0
:103D9000F55B02A9F503012AF60300AAF76303A95C
:103DA000F803022A09F6FF97F40300AAA00A0012FA
:103DB000B77E03537322C01A8002178B00844039E8
:103DC000380200357302002A801640F9731E001273
:103DD000E303152AE203132A010C40B9E00316AAF3
:103DE00098FFFF97600000359402178B9386003987
:103DF000F35341A9F55B42A9F76343A9FD7BC4A82E
:103E0000C0035FD61300330AF0FFFF17FD7BBEA986
:103E1000FD030091F35301A9F30300AAF403012A5F
:103E2000B5FFFF97E103142AE00313AA2200805292
:103E3000D4FFFF97F35341A900008052FD7BC2A835
:103E4000C0035FD602008052CEFFFF17FD7BBDA9E5
:103E5000FD030091F35301A9F303012AF40300AA1F
:103E6000E21700F9D9F5FF97011040B9E21740F9C0
:103E70003F200071EC000054E103132A230080521C
:103E8000E00314AAF35341A9FD7BC3A872020014F6
:103E90003F4000718C000054031840B9617A1F53F1
:103EA000F8FFFF173F600071AC00005461761E53AD
:103EB000031840B921001932F2FFFF173FA000712B
:103EC0006100005461721D53FAFFFF17800000F07B
:103ED00000203091140100B4810A40A9210040F96A
:103EE00038EAFF97F35341A9A0028012FD7BC3A8D3
:103EF000C0035FD6820000F0810000F042102891DC
:103F0000213C2891F7FFFF17FD7BB8A9FD03009125
:103F1000F35301A9F30300AAF55B02A9F71B00F90B
:103F2000AAF5FF97F50300AAE00313AAB3F5FF97DC
:103F3000F70300AAE00313AA4AF6FF9780120034A1
:103F4000A00A00B9E00313AAD8F5FF97011C0012DC
:103F5000A11200B93FA00071AD020054800000F032
:103F600000803091930100B4610A40A9030580529A
:103F7000210040F9B602801212EAFF97F35341A9DB
:103F8000E003162AF55B42A9F71B40F9FD7BC8A8A0
:103F9000C0035FD6820000F0810000F0421028913B
:103FA000213C289103058052F3FFFF17211C0011CB
:103FB000000C14121F044071820000B0217C031316
:103FC000830000B063A00F91A086022940E00F910A
:103FD000A27200910010839AA01600F9010440B962
:103FE000E00313AA9AFFFF97F603002AA00100340A
:103FF000800000F000003191930000B4610A40A9F4
:10400000210040F905000014820000D0810000D09A
:1040100042102891213C2891EAE9FF97D8FFFF1729
:10402000A2860091E00313AA6100805288FFFF97E7
:10403000F603002A80000034800000D000983191FF
:10404000EEFFFF17604A40F9810000D0213C329119
:10405000E23301915BFBFF97E10300AAC00400B4C7
:10406000E20080D2E0630191A2E4FF97FF7F013973
:10407000A40A40B9820000D0E36301914254329116
:10408000E0830191010480D27DE9FF970100805215
:10409000A20080D2E04301917CE4FF97A01640F992
:1040A000140840B9E00313AA48F5FF97011040B97E
:1040B0003F200071EC020054E2430191E103142A15
:1040C00023008052E00313AA41020094F403002A63
:1040D0000005F836800000D000943291130400B43B
:1040E000610A40A9210040F9F603142AB5E9FF97B7
:1040F000A3FFFF17A30A40B9E0830191820000D01B
:10410000010480D2427032915DE9FF97E0FFFF1712
:104110003F400071AC000054031840B9E2430191E4
:10412000817A1F53E8FFFF173F600071CC000054F5
:1041300081761E53031840B9E243019121001932E0
:10414000E1FFFF173FA000716100005481721D5311
:10415000F9FFFF17B4028012DFFFFF17820000D0C3
:10416000810000D042102891213C2891DFFFFF17E9
:10417000E083019133E4FF97E00000B4E00200F92E
:10418000A01240B9E00A00B97DFFFF175602801265
:104190007BFFFF177601801279FFFF17FD7BBCA91B
:1041A000FD030091F35301A9F40300AAF51300F9EC
:1041B000F503012A05F5FF97001440F9130040B9F3
:1041C000E00314AA01F5FF97001040B901018052E5
:1041D0000204805200040051000CC11AA10EC11A41
:1041E0000310C05A1F0000714200034B230080528D
:1041F00040109F1AE2FF00917322C01AE00314AA34
:104200002100130B9401009480020034F303002A70
:1042100083000090800000D063E42F9100DC2F9198
:10422000340100B4810A40A9210040F965E9FF97F3
:10423000F51340F9E003132AF35341A9FD7BC4A809
:10424000C0035FD6820000D0810000D042102891C8
:10425000213C2891F6FFFF17F3FF4039B50A001201
:10426000732AD51A73020012F2FFFF17FD7BBFA954
:10427000FD030091DEF4FF971F0000F9000080525B
:10428000FD7BC1A8C0035FD6014840F96100F8B6C4
:1042900000008052C0035FD6FD7BBBA9FD030091E7
:1042A000F35301A9940000D094463A91F55B02A91A
:1042B000950000D0B56A3991F71B00F9400A40F922
:1042C00012DBFF971F00007100A09F5A137C4093E0
:1042D0007F0600B1E100005400008052F35341A971
:1042E000F55B42A9F71B40F9FD7BC5A8C0035FD66B
:1042F000E00313AA47FAFF97A00600B4E333019145
:10430000E10314AAE00313AA22008052AEF9FF973A
:10431000F603002AC0050035E00313AAE6FAFF976A
:10432000F70300AA1F0400B120050054E223019105
:10433000E10315AAE00313AAF0F9FF97800400B483
:10434000E14B80B9820180D2E57F40B22108C29A58
:10435000E14B00B9E14B40B9DF02016B0B010054A6
:10436000400A40F9E103132AF5DAFF971F000071B4
:1043700000A09F5A137C4093D6FFFF17020C4029E0
:1043800000300091E84F40B94108C05A4208C05A75
:1043900004C05FB8471000918608C05A8408C05A0C
:1043A0001F0107EB8201005481000090800000D0C3
:1043B0002134309100C0399102E9FF97E14F40B9B3
:1043C000800000D000543A91FEE8FF97A0028012CE
:1043D000C3FFFF172100170BC40000B46208C05AC6
:1043E0009F0005EBE1000054BF3F03D5220000B958
:1043F000210040B9BF3F03D5D6060011D6FFFF17F5
:10440000230040B96200024A4200060A4200034A01
:10441000F7FFFF17C00B8012C0035FD6FD7BBFA95B
:10442000E003012AFD0300913F040071C90000541C
:104430003F0C0071E0000054800B8012FD7BC1A88E
:10444000C0035FD672000094400E8012FCFFFF177D
:1044500093000094FDFFFF17FD7BBEA9810000D0F3
:10446000E0058052FD030091E2630091210C3D9133
:104470007DF8FF97FD7BC2A8C0035FD6FD7BBEA978
:10448000FD030091F35301A9F40300AA404238D57B
:10449000000C02531F0C0071A0030054804A40F925
:1044A000810000D021703B91A7F9FF97F30300AA88
:1044B000000100B5800000D0008C3B91C1E8FF975F
:1044C000A0008012F35341A9FD7BC2A8C0035FD6B0
:1044D000E10300AA800000D000F83B9118E3FF97A9
:1044E000A0010034E10313AA800000D000083C9131
:1044F00013E3FF974100805200010034800000D098
:10450000E10313AA00183C91AEE8FF97A0028012C5
:10451000EDFFFF1721008052A00000D001D803B9A1
:10452000E00314AA29F4FF9700008052E6FFFF176A
:10453000FD7BBEA9810000D021943C91FD03009138
:10454000F30B00F9F30300AA68F4FF97600100364B
:10455000820000D042383B91E10302AAE00313AA93
:10456000030080D254F5FF97F30B40F9000080520E
:10457000FD7BC2A8C0035FD6810000D0E00313AA70
:1045800021C83C9159F4FF9740FE0737F7FFFF170A
:10459000FF0301D1A40000D0FD7B01A9FD430091E0
:1045A00084D843B99F08007181010054E4830091CD
:1045B000E47F00A9070080D2060080D2050080D2E7
:1045C000040080D2D3B3FF97FD7B41A9E01340F9EB
:1045D000FF030191C0035FD69F04007121010054C5
:1045E000E4830091E47F00A9070080D2060080D216
:1045F000050080D2040080D2D1B3FF97F3FFFF17EC
:10460000E0008092E01300F9F0FFFF17FD7BBEA9E8
:10461000FD030091F30B00F9F303002A8FFFFF97CE
:10462000030080D2020080D2010080D20080B0D28C
:10463000D8FFFF97FF43406B60020054410280D2D5
:10464000400180D2030080D2020080D20180B8F203
:104650000080B0F2CFFFFF977F0200710408413A5B
:1046600020010054400280D2030080D2020080D298
:10467000010080D20080B8F2F30B40F9FD7BC2A8A4
:10468000C4FFFF17200180D2030080D2020080D235
:10469000010080D20080B0F2F8FFFF17FD7BBFA9B8
:1046A000FD0300916DFFFF97FD7BC1A8000180D243
:1046B000030080D2020080D2010080D20080B0F2DC
:1046C000B4FFFF1706144029660000B9070C40B973
:1046D000A4701D53FF0000712424C41A8400070A2B
:1046E0008400062A8410861A640000B9040840B9C0
:1046F00084001C53640400B9000440B9600800B988
:10470000620800F945010034A004005103701D53F4
:10471000000400512324C31A431400381F0400313D
:1047200061FFFF5400008052C0035FD6400C80122E
:10473000FEFFFF17FD7BBEA9FD030091F35301A906
:10474000F40300AAA4F3FF97F30300AA804A40F9F8
:10475000C001F8B722008052810000D021203D9195
:10476000B6F8FF9760FE0029810000D00200801299
:1047700021443A91804A40F9B0F8FF971F04003174
:10478000C0000054600200B900008052F35341A9F8
:10479000FD7BC2A8C0035FD6A0028012FCFFFF17FA
:1047A000FD7BBCA9FD030091F35301A9F30300AA0B
:1047B000F55B02A991F3FF97F40300AA604A40F960
:1047C000FF3F00B9A001F8B79F0600B9160080129C
:1047D000950000D0B57A3D91400A40F9619240B908
:1047E000CAD9FF971F00007113A0961A737E4093D9
:1047F0007F0600B1C1000054F35341A9000080526C
:10480000F55B42A9FD7BC4A8C0035FD6E2F300912B
:10481000E10315AAE00313AA85F8FF97C00000354D
:10482000810640B9E03F40B93F00006B42000054B0
:10483000800600B9400A40F9E103132AC0D9FF9766
:104840001F00007113A0961A737E4093E9FFFF17B3
:1048500082F5FF17FD7BB7A9FD030091F35301A972
:10486000F303032AF55B02A9F60300AAF50302AAE3
:10487000F76303A9F703012AF96B04A956F3FF971D
:10488000F40300AAE00316AA86F3FF97E80300AA40
:10489000000040F90A3440F9400140F9400900B4F1
:1048A000800A40B980050836E00316AA4AF3FF974C
:1048B000F80300AAE00316AA7AF3FF97F60300AA0A
:1048C000000040F9140080D23A008052193440F9B7
:1048D0007F02146B6C00005400008052160000141C
:1048E000E3830191E2630191E102140BE00318AA52
:1048F00075FFFF97C0020035E06340B9E183019185
:10490000E07B00B942008052E06740B9FA8300B909
:1049100000000032E07F00B9A002148BE04700F9EC
:1049200094060091E00316AA230340F960003FD6E5
:1049300000FDFF34F35341A9F55B42A9F76343A996
:10494000F96B44A9FD7BC9A8C0035FD6A002801201
:10495000F9FFFF17E9830191E103172AE30309AA8D
:10496000E2630191E00314AA57FFFF97E1E301918D
:104970001F0000712100899A33010034E06340B9BF
:10498000200000B9840A40B9350800F984001C539E
:104990008400003224CC002921600091210009CB41
:1049A000E2F301B2625595F2E00308AA21FC4393B9
:1049B000430140F9227C021BE10309AA60003FD6B3
:1049C000DDFFFF17A0048012DBFFFF17FD7BB4A9FA
:1049D000FD030091F35301A9F40300AAF55B02A9BA
:1049E000F60302AAF503032AF76303A9F703012AD2
:1049F000F96B04A9FB2B00F9F7F2FF97F30300AA68
:104A0000E00314AA27F3FF97F80300AA000040F977
:104A1000193440F9200340F9200A00B4600A40B973
:104A200080051036E00314AAEBF2FF97F90300AA01
:104A3000E00314AA1BF3FF97F80300AA000040F953
:104A4000FA830191140080D21B3440F9BF02146B29
:104A50006C0000541300805214000014E3E3019131
:104A6000E2031AAAE102140BE00319AA16FFFF974A
:104A7000C0020035E08340B92200805201040011D9
:104A8000E18300B9C16A743894060091414B203823
:104A9000E1E30191E00318AA630340F960003FD607
:104AA000F303002A40FDFF34F55B42A9E003132A1B
:104AB000F35341A9F76343A9F96B44A9FB2B40F9D0
:104AC000FD7BCCA8C0035FD6B3028012F7FFFF17AF
:104AD000BF02017109010054A0120011007C409333
:104AE00053C3FF97F40300AA800000B5730180123E
:104AF000EEFFFF17F4E30191E3830191E20314AAAF
:104B0000E103172AE00313AAEFFEFF97E10316AAB9
:104B1000E06B40B9A27E40930000150BE06B00B93A
:104B2000600640B98002008BF2E1FF97230340F951
:104B3000E1830191E00318AA2200805260003FD671
:104B4000F303002AE0E301919F0200EBE0FAFF5437
:104B5000E00314AAADC2FF97D4FFFF17B30480127D
:104B6000D2FFFF17FD7BBDA9FD030091F35301A9FF
:104B7000F403012AF30300AAF55B02A9010040F93E
:104B8000363440F99DF2FF97F50300AAC20A40F9B6
:104B9000E20000B500008052B40200B9F35341A90D
:104BA000F55B42A9FD7BC3A8C0035FD6E103142ACD
:104BB000E00313AA40003FD6E0FEFF34F8FFFF17E2
:104BC000FD7BBEA9FD030091F35301A9F30300AAE5
:104BD0008AF2FF97F40300AA604A40F98001F8B70F
:104BE00002D49052810000D0215428912200A0725A
:104BF00092F7FF97E103002A810200B9E00313AAAC
:104C0000F35341A9FD7BC2A8D7FFFF1701D49052EF
:104C10002100A072F9FFFF17C00300B4060440F999
:104C2000E5279C526506A0725F00056B6D0300547A
:104C300022F440B9BF3F03D542041E1268008052DF
:104C40005F30007108059F1A200400B402B040399B
:104C5000E20300361F0D00716103005425A440B922
:104C6000BF3F03D5C60400B4C01840B9800400B9E2
:104C700028030035C00040B980040079C00C40B959
:104C80008000007900008052880800B9C0035FD618
:104C9000060080D2E3FFFF17E5478852E501A072C6
:104CA0005F00056BCC000054E54F8352C500A07235
:104CB0005F00056BE8D79F1AE4FFFF17480080529A
:104CC000E2FFFF1725A040B9E6FFFF17050080525D
:104CD000E5FFFF171F0D0071A1000054C00840B987
:104CE00080040079C01440B9E6FFFF17C00440B942
:104CF00080040079C01040B9E2FFFF17E103082AE1
:104D0000860280D28200009042500C91267C069B45
:104D10004700068B496866B8690CC91A200700B4B9
:104D2000062040B986070034072440B9C70600347E
:104D30008C0280D20A7D80526308CA1A22080C9B1A
:104D4000EA478852EA01A0724B05001141884029C8
:104D5000C628031BE728031B6128011BC608CB1AC2
:104D60006228021BAA100011E708CB1A2108CB1AEF
:104D70004208CB1AAC00070BE700064B210C005190
:104D800021000C4B420400514200070B2700020B8C
:104D9000E7000A0B2A00022A6A04F837C700070B4B
:104DA0003F01076B2D0100542701074B4200805241
:104DB00029110051A500060B2901054BE70CC21A69
:104DC0002100070B2201014B820000798104007948
:104DD000600200B4002840B9812580521F00007194
:104DE0000010811AE1478852E101A0720004031B00
:104DF000210400110008C11A800400B9A2FFFF17A6
:104E0000E60C40B9870280D22708079BE71040B91B
:104E1000C8FFFF17E60C40B9C4FFFF17802580527A
:104E2000F1FFFF17A002801299FFFF17FD7BBDA9BC
:104E3000FD030091F35301A9F30300AAF51300F950
:104E4000EBF1FF97F40300AA000040F9800000B5E1
:104E5000E00313AA8DF2FF97800200F9604A40F93F
:104E600082820091810000D021C03E919542009144
:104E7000EFF6FF97604A40F982920091810000D0DE
:104E8000211C3F91EAF6FF97604A40F982A2009107
:104E9000810000D0217C3F91E5F6FF97E10315AA40
:104EA000E00313AA4E320094E303002A60050034A5
:104EB0001F3008310418423AE0000054800000D04E
:104EC00000C02D91130400B4610A40A9210040F9EB
:104ED0003CE6FF9794C20091E00313AAE20314AAF0
:104EE0000100805278EBFF97F503002A200200357D
:104EF000E00314AAD5EBFF97F403002A1F0000710A
:104F0000A00480128412407A400100549F3208317C
:104F100000010054800000D000D03F91530200B443
:104F2000610A40A9210040F9F503142A25E6FF97FC
:104F3000F35341A9E003152AF51340F9FD7BC3A8FB
:104F4000C0035FD6820000D0810000D042102891BB
:104F5000213C2891DFFFFF17E00315AAC23100941E
:104F6000DDFFFF17820000D0810000D042102891A1
:104F7000213C2891EDFFFF17FD7BBFA9FD030091A8
:104F80009BF1FF97011840B9FD7BC1A8000840F9CB
:104F9000C8310014FD7BBEA9FD030091F35301A9A4
:104FA000F30300AA000080D228E1FF97F40300AACF
:104FB000607240B9BF3F03D500012837607240B925
:104FC000BF3F03D5A000103600008052F35341A923
:104FD000FD7BC2A8C0035FD6E00314AA1BE1FF97C4
:104FE0001F8000F169FEFF54A00D8012F8FFFF172B
:104FF000FD7BBEA9FD030091F35301A9F30300AAB1
:10500000000080D211E1FF97F40300AA603640B996
:10501000BF3F03D5C0014836606240B9BF3F03D5EA
:10502000E00313AADCFFFF97F403002AE001003439
:10503000800000D0004C0091E2E5FF97E003142AC5
:10504000F35341A9FD7BC2A8C0035FD6E00314AAB5
:10505000FEE0FF971F0800F1A9FDFF54F1FFFF17C5
:10506000601240B9BF3F03D5607240B9BF3F03D55E
:1050700080FF1F37F2FFFF17FD7BBDA9FD030091E5
:10508000F35301A9F30300AA341C0012F51300F92D
:10509000B50C8052BF3F03D5746E00B9609E40B915
:1050A000BF3F03D5000000121F00146B60020054C4
:1050B000200380D22EE1FF97B5060071C1FEFF5498
:1050C0009F0240F2820000D0800000B041B8009101
:1050D000009804912100809A800000D000C80091BF
:1050E000B8E5FF97A00D8012F35341A9F51340F9DD
:1050F000FD7BC3A8C0035FD600008052FBFFFF17F3
:10510000FD7BBCA9FD030091F35301A9F55B02A946
:10511000F503012A36F1FF97F40300AA00C00091BD
:1051200003EBFF971F0440B108080054930240F9B5
:10513000E303002AE203152AE4C30091E00314AA62
:10514000E10313AAB5FEFF97F503002A800400359A
:10515000766E40B9BF3F03D501008052E00313AA29
:10516000C6FFFF97D6020012610240B9BF3F03D5C8
:10517000E23B40B921741D12E0674079A20300347C
:105180005F0C00714104005421041F32BF3F03D55E
:10519000602600B9E0634079BF3F03D5602A00B9BB
:1051A000BF3F03D5E03740B9610200B96000003469
:1051B000BF3F03D5607E00B996000034E00313AA18
:1051C00021008052ADFFFF97B40000B4E01B40F90E
:1051D000802E00F9E03B40B9806200B9F35341A949
:1051E000E003152AF55B42A9FD7BC4A8C0035FD686
:1051F00021001F32BF3F03D5601600B9E06340793C
:10520000BF3F03D5601A00B9E6FFFF1721001E3229
:10521000BF3F03D5601E00B9E0634079BF3F03D5AF
:10522000602200B9DFFFFF17B5028012ECFFFF1705
:10523000FD7BBEA901008052FD030091F30B00F934
:10524000F30300AA8DFFFF9700020035BF3F03D58F
:10525000A00C8052600200B9BF3F03D57F3A00B96D
:10526000BF3F03D57F3E00B9BF3F03D5004080520A
:10527000603200B9E00313AA21008052F30B40F919
:10528000FD7BC2A87DFFFF17F30B40F9FD7BC2A891
:10529000C0035FD6FD7BBEA9FD030091F30B00F9AF
:1052A000F30300AAD2F0FF97010040F922FC40B9B5
:1052B000BF3F03D501288052E18AA8725F00016BCD
:1052C000A1000054F30B40F9FD7BC2A8000040F997
:1052D000D8FFFF17610640F9800000D0004C019113
:1052E00038E5FF97F30B40F9A0008012FD7BC2A8C0
:1052F000C0035FD6FD7BBDA9FD030091F35301A957
:10530000F30300AAF55B02A9361C0012F503022A7A
:1053100021FFFF97F403002A80010035E00313AA60
:105320000100805255FFFF97BF3F03D5760600B9B5
:10533000E00313AA2100805250FFFF97750000344C
:10534000BF3F03D57F1200B9F55B42A9E003142AE1
:10535000F35341A9FD7BC3A8C0035FD6FD7BBCA965
:10536000FD030091F35301A9F40303AAF55B02A91D
:10537000F50300AAF603042AF76303A9DEFFFF97EB
:1053800020050035000080D230E0FF97F30300AA2B
:10539000010080521720805218608052F6000035BC
:1053A000F35341A9E00315AAF55B42A9F76343A9AA
:1053B000FD7BC4A80FFFFF17A1000035DF060071B9
:1053C000E1010054BF3F03D5B81200B9A07240B943
:1053D000BF3F03D5A0011836A01240B9BF3F03D587
:1053E00080160038000080D2D606005117E0FF97E3
:1053F000F30300AA01008052E9FFFF17BF3F03D566
:10540000B71200B9F2FFFF17E00313AA0FE0FF97EE
:105410001F0800F16800005421008052E0FFFF17D0
:10542000A00D8012F35341A9F55B42A9F76343A98C
:10543000FD7BC4A8C0035FD6FD7BBDA9FD03009121
:10544000F35301A9F303012A69F0FF97140040F90F
:10545000E103132A24008052E3B30091E203042AFB
:10546000E00314AABEFFFF97F303002A6000003494
:10547000E00314AA6FFFFF97E003132AF35341A937
:10548000FD7BC3A8C0035FD6FD7BBBA9FD030091D4
:10549000F35301A9F30301AAF55B02A9F76303A97A
:1054A000F703022AF96B04A951F0FF97F80300AA49
:1054B000FF0200716C0000540000805214000014C0
:1054C00060D64029140340F9790A40F96102403955
:1054D00040010036E403152AE30319AAE00314AAE5
:1054E000020080529EFFFF9700010035F706005131
:1054F00073620091EFFFFF17E00314AA02008052CD
:105500007DFFFF9700010034000F8012F35341A983
:10551000F55B42A9F76343A9F96B44A9FD7BC5A8D4
:10552000C0035FD6BA7A1F53000080D2C7DFFF974F
:10553000F60300AA5A7F409395000035E00314AAB1
:10554000ACFEFF97E9FFFF17807240B9BF3F03D55C
:105550008001083620034039B5060071410000542F
:1055600000001732BF3F03D5801200B93907009100
:10557000000080D2B5DFFF97F60300AAEFFFFF1708
:10558000E00316AAB1DFFF971F001AEB69FDFF5475
:10559000800000D000D001918AE4FF97DBFFFF1765
:1055A000FD7BBCA9FD030091F30B00F9F30300AAF6
:1055B000E00300B2E01300F9FF2B00B94101003411
:1055C000610240F9603E40B9210C40B90100010A76
:1055D00000040312213C19122100002A210002328A
:1055E000E12B00B9E1830091E00313AA020080D20D
:1055F0000F09009460000035E12F40B9613E00B909
:10560000F30B40F9FD7BC4A8C0035FD6FD7BBCA9AA
:10561000FD030091F30B00F9F30300AA007D80D293
:10562000D3DFFF97E00313AAE1830091020080D249
:10563000FF1300F9FF2B00B9FD080094F303002AC3
:105640006000003500FA80D2C9DFFF97E003132A1B
:10565000F30B40F9FD7BC4A8C0035FD6FD7BBEA958
:10566000FD030091F35301A93F0C007100030054A6
:105670000C02005481020034210400513F040071E7
:10568000E8010054134C40F9134400F9148040B968
:1056900034090094F403142A730AD49A130C00F901
:1056A00000008052F35341A9FD7BC2A8C0035FD61E
:1056B000211000513F0C0071E900005400008012DD
:1056C000F9FFFF17134840F9F0FFFF17135040F997
:1056D000EEFFFF1701CC218B335440F9EBFFFF178E
:1056E000033040B97F00016B60000054013000B905
:1056F0008A07001400008052C0035FD6FD7BBEA95C
:10570000FD030091F35301A9F40300AA006C40F9D2
:10571000A00100B421008052481A0094F303002A2B
:105720001F000071A00480126412407AC00000546F
:10573000800000D0E103132A00D0029121E4FF97FA
:1057400004000014807240F9C00000B513008052BC
:10575000E003132AF35341A9FD7BC2A8C0035FD61F
:1057600021008052351A0094F303002A1F000071B3
:10577000A00480126412407AA0FEFF54800000D082
:10578000E103132A00540391EDFFFF17FD7BBEA92F
:1057900021008052FD030091F35301A9F40300AAF4
:1057A000018000391F2800B95C070094806E40F921
:1057B000E00100B5807240F9000300B5E00314AACF
:1057C0008F070094F303002A0002003500FA80D20C
:1057D00067DFFF97E00314AAC9FFFF97F303002ACE
:1057E00000FA80D262DFFF970800001401008052A7
:1057F000121A0094F303002A1F000071A004801203
:105800006412407A80FDFF54E003132AF35341A948
:10581000FD7BC2A8C0035FD601008052071A009426
:10582000F303002A1F000071A00480126412407A62
:1058300060FCFF54F5FFFF17030441B95F00036AE2
:1058400060020054FD7BBDA9FD030091F35301A943
:10585000F30300AAB4008052F51300F9F50301AA7E
:10586000E10315AAE00313AA020080D27008009495
:10587000600000349406007141FFFF54F35341A9C6
:10588000F51340F9FD7BC3A8C0035FD6020080D2A8
:105890006708001401FC00B921010035027C40B901
:1058A000027800B93F100071A00100543F20007140
:1058B000E1179F1A01CC00B9C0035FD63F300071D9
:1058C000A8000054620000F042800B91425861B879
:1058D000F4FFFF1702008052F2FFFF1721008052F1
:1058E000F5FFFF17FD7BA4A9FD030091F35301A968
:1058F000F30300AA20008052F55B02A9F5FF039193
:10590000B5E67A92F76303A9F70680D2B702C0F230
:10591000F81200D1F96B04A90000A272960080521F
:10592000F90300B21A018052603600B960E2407992
:10593000E1030291020080D2F74300F9003C1053CA
:10594000E08B00B9E00313AA39080094F403002A9D
:1059500060010035E2430191E1030291E00313AAE3
:10596000F56705A9FA6300B9F84300F9FF8B00B9A0
:105970002F080094F403002AE00A0034D6060071D0
:1059800061FDFF54F55B42A9E003142AF35341A9DA
:10599000F76343A9F96B44A9FD7BDCA8C0035FD67C
:1059A0001F080071810800543F0071F26000B0527E
:1059B0004300B0520010831A600A00B9624E00B969
:1059C00081009036603640B900000332603600B97D
:1059D000610A40B92000B0523F00006B40FDFF5407
:1059E000F5FF0591D70080D238FE9F52B5E67A9236
:1059F000B6008052B702C0F2F81FA072F90300B2DD
:105A00001A088052D6060071A0010054E2A3019149
:105A1000E1830291E00313AAF5E706A9FA7B00B936
:105A2000F75300F9F8AB00B9010800940005003500
:105A3000A01E40B90008C05A60FE8F37A00E40B9C2
:105A40000108C05AC1038837620A40B9A1FFAF12EA
:105A50005F00016B89F9FF54013048D361F600B94A
:105A600080005836613640B921001732613600B9DE
:105A700080005036613640B921001932613600B9D4
:105A800080004836613640B921001A32613600B9CB
:105A900080004036613640B921001B32613600B9C2
:105AA00020F76736603640B900001832603600B91A
:105AB000B5FFFF172000B052C0FFFF17613640B995
:105AC00021001E32613600B9E0FFFF17F403002AFF
:105AD000ADFFFF17A00240B90108C05A614A00B9E2
:105AE000000C0012A20640B94208C05A1F040071FF
:105AF00081F5FF54004081522000B072AFFFFF17C4
:105B0000FD7BBBA9FD030091F35301A9F30300AA98
:105B1000A00180D2F51300F9A002C0F2E01B00F949
:105B2000F40301AA60E24079B5008052003C1053B2
:105B3000E03B00B9E1C30091E00313AA020080D268
:105B4000BB070094E0000034B506007141FFFF542C
:105B5000F35341A9F51340F9FD7BC5A8C0035FD6F7
:105B6000E13F40B9810200B9FAFFFF17FD7BBAA9F6
:105B7000211C00123F040071FD030091F35301A9A1
:105B8000F40300AA421C0012F51300F9E5179F1A4E
:105B90005FCC0271631C001201D841394001805270
:105BA000E4179F1A3F000071337C001B813E805236
:105BB0007312811ABF00046A8000005481DE4139EB
:105BC00041000034337C001B635C1853C00080D25A
:105BD0006240022AA003C0F24204083295008052BB
:105BE000E02300F9E24B00B9E1030191E00314AABC
:105BF000020080D28E070094E0000034B5060071E8
:105C000041FFFF54F35341A9F51340F9FD7BC6A8AA
:105C1000C0035FD6000080D20CDEFF97027D805269
:105C200021008052F50300AAE00314AA627E021B41
:105C3000430600941F000071A10480120410417AF1
:105C400021FEFF54737E4093E1F30091E00314AA18
:105C5000ACFFFF97C0000035E13F40B98101383704
:105C6000211018123F002471E0FCFF54800C80D2F8
:105C70003FDEFF97E00315AAF4DDFF971F0013EB4B
:105C800043FEFF54A00D8012DFFFFF17800080123B
:105C9000DDFFFF1702CC40B982010035FD7BBDA9B5
:105CA000020280D2A202C0F2FD030091E20B00F9D1
:105CB00042008052E11B00B9E1430091DFFEFF97F3
:105CC000FD7BC3A8C0035FD600008052C0035FD62F
:105CD000FD7BB9A9FD030091F35301A9F51300F968
:105CE000022440B95F200071800400545F100071ED
:105CF000C1040054B3000090737E229102088052C8
:105D0000557C4093A33A019163107C92FF6323CBAF
:105D1000A15300B9A1028052F4FF0091A15700B92C
:105D2000E10300B294E67A92B41F00F9A12300F9CE
:105D3000A1430191A24B00B9A2E30091BF5B00B95E
:105D40003B07009400010035E10313AAE20315AA02
:105D5000E00314AA9ADDFF971F00007181008012F2
:105D60000000811ABF030091F35341A9F51340F9D4
:105D7000FD7BC7A8C0035FD6B3000090021080521D
:105D8000737E2391DFFFFF17A0028012F6FFFF173B
:105D9000FD7BBDA982018052FD030091E21300B991
:105DA000020840B9FF1B00B98201F837211C00121C
:105DB000A20280523F0040F2A10380522110821AB9
:105DC000020080D2E11700B9E14300911807009466
:105DD000FD7BC3A8C0035FD6A1038052F9FFFF1764
:105DE000FD7BB6A9FD030091F35301A9F55B02A960
:105DF000F60301AAF50302AAF76303A9F70303AAAE
:105E0000F96B04A9FB2B00F9F6EDFF97F40300AA48
:105E1000000440B9F50100B43D070094F30300AA63
:105E2000800100B4812E4039E00314AA74E5FF9785
:105E30000001F837820E40F9A102168B3F0002EBF9
:105E4000A9010054800000D000DC03915DE2FF97BF
:105E5000150080D2F35341A9E00315AAF55B42A9CE
:105E6000F76343A9F96B44A9FB2B40F9FD7BCAA852
:105E7000C0035FD6618240B9E00313AA86FFFF9793
:105E800080FEFF35E20315AAE10317AAE00313AA77
:105E9000F80315AACB060094F903002ABA0280522F
:105EA0003B0080523F0318EB618240B93493989ACB
:105EB000621E40B99F0600F1F73700F9E0979F1A7C
:105EC0005F00007100440011E06B1029207C161B5C
:105ED000E2A30191FB530E29C012801AE17B00B9A5
:105EE000E1030291E08B00B9E00313AAD00600940D
:105EF000800200359F0600F129010054E00313AA37
:105F000001008052A3FFFF97A0000034800000D062
:105F1000008C04912BE2FF97CEFFFF17E003142AB9
:105F20009FC220EB61F9FF54608240B9D602148B06
:105F3000180314EB175C149B61FBFF54C6FFFF179B
:105F400000008052F7FFFF17FD7BBBA9020180D242
:105F5000A202C0F2FD030091E10F00F9E10300B2DB
:105F6000E11300F901408052E12B00B9E1C3009137
:105F7000E21B00F9E2630091FF3B00B9AC0600941C
:105F8000FD7BC5A8C0035FD6FF8309D181FFB7128F
:105F9000FD7B00A9FD030091F35301A9020840B95C
:105FA000147440F95F00016BC80000540000805277
:105FB000FD7B40A9F35341A9FF830991C0035FD63C
:105FC000F37F019173E67A92E10313AADFFFFF9753
:105FD00000FFFF3581824239608242393F00006B09
:105FE0006000005420098012F2FFFF1781764339C8
:105FF000607643393F00006B61FFFF5481024339F3
:10600000600243393F00006BE1FEFF548182433957
:10601000608243393F00006B61FEFF54615203917F
:1060200080520391820080D2E5DCFF9700FCFF34B0
:10603000EDFFFF17FF8309D1FD7B00A9FD03009150
:10604000F35301A9F40300AAF303012A3F040071EA
:10605000A000005469030054200C00511F0400717B
:106060004803005423008052E00314AAC20880129F
:1060700021008052BEFEFF97C0010035737A1E12C8
:106080007F06007161010054F37F0191E00314AABF
:1060900073E67A92E10313AAACFFFF97A0000035E4
:1060A00060E642391F00007160418012E013801ADF
:1060B000FD7B40A9F35341A9FF830991C0035FD63B
:1060C00003008052E9FFFF17A0028012F9FFFF17BB
:1060D000A7FEFF17FFC309D182FFB752FD7B00A9BE
:1060E000FD030091F35301A9F55B02A9010840B932
:1060F0002100020B8200B8123F00026B080F00540F
:10610000F3BF0191F40300AA73E67A92E10313AAA4
:106110008EFFFF97F503002A200F0035807640F9A7
:10612000800000B5004080D2C1BDFF97807600F9A5
:10613000807640F9E00E00B4E10313AA024080D259
:106140006CDCFF97600243391F200071680D00541A
:10615000610000D021100F91207860B8E13F80529B
:10616000800A00B98100A8721F00016B89010054E8
:10617000811E40B98100003461D680B921D877D31F
:10618000814A00F9E19F80528100A8721F00016BD3
:106190006900005460E2433980DA0139601E4339F6
:1061A000616E423902040051421C001221000012AB
:1061B0005F700071C20380520080821A80DE013954
:1061C0006282423982CA0139608A4339420000370B
:1061D0006000003462CE423982D6013936000012A6
:1061E000A10000346182423961000836617242398F
:1061F00081CE0139001C6FD3804E00F984A2029138
:106200006576029160A242390100805226008052D8
:10621000001C6FD3805200F96046029102E05F38A3
:10622000030040394340030B02F05F386220022B29
:106230002100861AF600003463824339637C229B76
:1062400062764339427C039B42B06DD3820000F9F1
:10625000000C009184200091BF0000EB01FEFF5470
:1062600060824239DF02007121049F1A80000036EB
:10627000607242391F1040F2410000542102003682
:1062800023008052E00314AAE103032A020A8012C9
:1062900090FFFF97F503002A20030035200080526D
:1062A00060BE0239801E40B900010034F60000349F
:1062B00060D680B900D877D3804A00F90300001473
:1062C00060BE423900FF0737609E423980D20139F3
:1062D000609E4339001044D3801202391500805269
:1062E000FD7B40A9E003152AF35341A9F55B42A9C0
:1062F000FFC30991C0035FD6B5028012807640F9D2
:1063000000FFFFB4C1BCFF979F7600F9F5FFFF17B0
:1063100075018012F3FFFF17FD7BBCA9FD030091FF
:10632000F35301A9F40300AAF55B02A9F503012ABE
:1063300096008052F76303A9371C00123808001238
:1063400083D64139E00314AA8209801221008052C9
:1063500063701D126300182A5EFFFF97F303002A83
:10636000C0000034D6060071C1FEFF54BF020071A8
:106370000008533A01010054E103152AE00314AA6E
:10638000B7FCFF97F303002AE00314AAF505009475
:10639000172C0039F55B42A9E003132AF35341A9F6
:1063A000F76343A9FD7BC4A8C0035FD6441C001259
:1063B000E2000037020040F9420C42297F00016BE5
:1063C0006190811A3F00026B2120821A04800039FB
:1063D000012800B951040014FD7BADA9FD03009113
:1063E000F35301A9F30300AA0000A4D2F55B02A9AC
:1063F0000000E2F2F76303A9F96B04A9FB7305A996
:10640000E03B00F9603E40B9C002C03760F640B9D9
:106410001F081E72E0079F1A623A40B93500020A4F
:1064200040000035B56A1612F90680D2740000D01B
:10643000B902C0F294221091FBC301913CC700D174
:10644000170180D2F70600F101010054800000B06E
:106450007641801200840591DAE0FF975300001422
:1064600020008052EDFFFF17800240B921008052CA
:106470002020C01A1F00156A610000549432009158
:10648000F1FFFF17180080D2800640B91A6B7BB865
:10649000A002000A1F001A6A200D00540000A85232
:1064A0005F03006B200900540000A4525F03006BDF
:1064B000000900540000A2525F03006BE008005482
:1064C00016008052E1031A2A800000B000F80491FF
:1064D000BCE0FF97400280D20024D69A200A003602
:1064E00060E24079E1C30291020080D2F95B00F9D9
:1064F000003C1053E0BB00B9E00313AA4C05009424
:1065000000090035DF120071E1C30291E0179F1A04
:10651000020080D2FC5B00F900781F53E0BB00B999
:10652000E00313AA42050094F603002AA0070035F1
:106530000000A8525F03006B400500540000A45205
:106540005F03006B200500540000A2525F03006B44
:1065500000050054E1031A2A800000B000F80491FD
:1065600098E0FF9700008052602600B9E00313AA6C
:10657000EA030094620A40B92100B052800240B997
:106580005F00016BA1030054810240B9E00313AA2C
:10659000C1FCFF97617A40B90200805284FFFF97E7
:1065A000810A40B9410A0035F35341A9E003162A94
:1065B000F55B42A9F76343A9F96B44A9FB7345A9AD
:1065C000FD7BD3A8C0035FD616018052C2FFFF1720
:1065D00096008052C0FFFF1736008052BEFFFF17A3
:1065E00000018052E1FFFF1780008052DFFFFF179C
:1065F00020008052DDFFFF171F1C00718006005431
:10660000480200541F140071600600541F180071E6
:1066100060060054000600341F0800710006005494
:10662000617E40B9E00313AA617A00B9020080528A
:106630007FCE00B97FFE00B95DFFFF9718F2FFB56E
:10664000980080D291FFFF171F200071C0040054F2
:106650001F24007161FEFF5463008052C00080D28D
:10666000E4BF0391A002C0F2E04B00F900FE9F528C
:1066700084E47A92E01FB0726000002AE09B00B9C7
:10668000E00300B2E04300F900088052E2E3019128
:10669000E1430291E43300F9E36F00B9E43F00F90C
:1066A000E08B00B9E00313AAE1040094A0FBFF35DE
:1066B000E43340F9E36F40B9801040B9000C001298
:1066C0001F00036B20F6FF54D6FFFF1743008052D4
:1066D000E3FFFF1703008052E1FFFF172300805202
:1066E000DFFFFF1783008052DDFFFF17E00313AACF
:1066F000AE03009460F9FF35ACFFFF17FD7BB9A92D
:1067000082FFB712FD030091F35301A9F55B02A9C3
:10671000F76303A9F96B04A9FB7305A9030840B942
:10672000173840B97F00026B2801005400008052E6
:10673000F35341A9F55B42A9F76343A9F96B44A957
:10674000FB7345A9FD7BC7A8C0035FD6027440F95F
:10675000F30300AA620000B560418012F5FFFF1745
:10676000F702010A017C40B9750000D0790000D021
:10677000B5520E9139030B9102008052B80080D2BD
:10678000140080523B00805209FFFF97180700F168
:10679000C1000054E103142A800000B000B006914B
:1067A00008E0FF97EDFFFF17A00240B96023C01A71
:1067B0001F00176A20070054760000D0D6120A91F5
:1067C000A00240B91F100071800300541F20007107
:1067D000E1179F1AC21240395F00016B8105005416
:1067E000A10640B9C20240B9E102010A3F00026AB3
:1067F000E0040054613240B9E16F00B91F1000712C
:1068000000020054002800511F080071A804005421
:1068100060F240B9010A80521F00016A01148052DF
:10682000F4079F1A947A1F531F00016A4001005415
:10683000940200320800001421008052E6FFFF1786
:1068400060F240B9C100805214001E729402811A95
:1068500000FF1F37FA008052090000149C03C05A41
:10686000E00313AA9C13C05A7C20DC1AE1031C2A03
:106870009CFBFF97000700345A033C0A5C03146A30
:1068800023008052C1FEFF5474418012D632009121
:10689000DF0219EB61F9FF54B5320091BCFFFF171D
:1068A00094008052ECFFFF17140180523F00001447
:1068B000940080523D000014340080523B000014CC
:1068C0003F300071A1000054800000B0614180128F
:1068D000004806913E000014E00313AAD6FDFF977E
:1068E000F403002A80070035C30A40B9C3011037FA
:1068F000A10240B9E00313AAE7FBFF97617A40B910
:1069000002008052AAFEFF97A10A40B9A1010035FA
:10691000E00313AA9DFDFF97F403002AC00500358C
:1069200083FFFF17E00313AA02098012210080529F
:10693000E8FDFF97F403002AC0FDFF342600001491
:10694000E00313AA19030094F403002A20FEFF3485
:1069500021000014C30A40B9E00313AA02098012FF
:106960002100805263781D12DAFDFF97F403002A9C
:1069700020030035C10240B90000A8523F00006B5F
:1069800040F9FF540000A4523F00006B20F9FF546F
:106990000000A2523F00006B00F9FF54800000B0DD
:1069A00000F8049187DFFF97742600B9E00313AA6B
:1069B000DA020094A10240B93F2C007121F8FF5483
:1069C000800000B000E8059161418012744180129E
:1069D0007CDFFF97E16F40B9E00313AA41FBFF970B
:1069E00003008052E00313AA0209801221008052A2
:1069F000B8FDFF977FCE00B9617E40B9E00313AACE
:106A0000617A00B9020080527FFE00B968FEFF97EC
:106A100020008052602600B9E00313AABF02009450
:106A20009BFFFF17FD7BB6A9FD030091F35301A95E
:106A3000F30300AAF55B02A9F76303A9F96B04A9A4
:106A4000FB7305A9001840B9A01C0035E20313AA86
:106A50003A1C0012810000B02124079140844DF8B7
:106A6000140840B9606A40F99B150094606A40F9C7
:106A700062820391810000B0215407919615009421
:106A8000E0008052600601B9E00313AA40FBFF97C3
:106A9000E00C00359F121B72F6079F1AE00313AA41
:106AA000E9020094F403002AC0190035970000B0F1
:106AB000FB0680D23C0580D2F78A0791BB02C0F268
:106AC0003C00C0F27FCE00B9E00313AA81008052DF
:106AD00004FBFF97E0000034E00313AA410080525A
:106AE00000FBFF9760000034E00317AA35DFFF9733
:106AF000607E40B9607A00B920008052602600B9FB
:106B00007FCE00B9E00313AA7FFE00B98302009490
:106B10000200805201008052E00313AA24FEFF9776
:106B2000E00313AA96020094E00313AAB8FAFF97B1
:106B3000F503002A40170035E00313AA0904009466
:106B40001F2C003900018052E08300B9413580528A
:106B5000600240F9020080D2000C40B91F2011727F
:106B6000401580520000811AE08B00B9A0028052CB
:106B7000E1030291E08700B9E00313AAAC0300949B
:106B8000C0000035E03342391FA802716100005493
:106B90004000B052600A00B9D9020012387D80521C
:106BA000E1830191E00313AA020080D2FB3300F9D4
:106BB000FF6B00B99E030094F403002A000C00351B
:106BC000600240F94200B052630A40B9FC3300F958
:106BD000010C40B97F00026B020080D2212011120B
:106BE000200002320000811A3F030071E103002AF5
:106BF000000008320010811AE1830191E06B00B9B6
:106C0000E00313AA8A030094F403002A80090035E4
:106C1000E06F40B9E001F83718070071A00A00548E
:106C2000007D80D252DAFF97DEFFFF17603A40B94D
:106C300000681612603A00B9E00313AAB0FAFF9791
:106C4000F403002AE00C00351600805294FFFF1771
:106C5000620A40B94100B0525F00016B600000540D
:106C60002100B052610A00B9603E00B9B905003494
:106C70000120A8523F00206A41050054600180D2E3
:106C8000E1030291A002C0F2020080D2E04300F9C9
:106C9000E00313AAFF8B00B965030094600600357A
:106CA000E08F40B9E0059837E00313AA820C8052C8
:106CB00001008052220200941F980031C103005449
:106CC000800C80D22ADAFF9720008052608200393F
:106CD000E00313AA11020094E00313AA41008052BA
:106CE00080FAFF972004003500E284D220DAFF9773
:106CF000612A40B902008052E00313AAACFDFF975D
:106D0000E00313AA027D8052210080520C020094FD
:106D10001F98003121020054007D80D214DAFF97C1
:106D2000603E40B97FE2007900785ED3601E00B912
:106D300003000014A0FCFF34B40D80129F02007108
:106D4000C41A407AA0010054E00313AA160080522E
:106D50008FFAFF975DFFFF1740FEFF34F7FFFF1725
:106D600094008012F6FFFF17F403002AF4FFFF17C8
:106D7000D40B8012F2FFFF179FBA01312103005498
:106D8000E00313AA22FAFF97000080D2AFD9FF9741
:106D9000F40300AABF020071E00313AAE1079F1ADF
:106DA00000FAFF97E103002AE0020035603E40B997
:106DB0002001F837E00314AAA4D9FF971FA00FF110
:106DC00008020054800C80D2B5060011E8D9FF9764
:106DD000F1FFFF1720008052602203391400805217
:106DE000F55B42A9E003142AF35341A9F76343A9D1
:106DF000F96B44A9FB7345A9FD7BCAA8C0035FD604
:106E0000A10D80129A000037800000B00014089194
:106E10006CDEFF97D40B8012F2FFFF17F403002AF9
:106E2000F0FFFF17FD7BBEA9220080520200A27274
:106E3000FD030091F30B00F9F30300AA010040F9F0
:106E4000210840B92100022A013800B9F501009457
:106E5000E00313AACC010094200100357F1A00B989
:106E6000800000B000CC089156DEFF97400F8012E2
:106E7000F30B40F9FD7BC2A8C0035FD6E00313AA61
:106E800001008052E8FEFF9740FFFF35210080524D
:106E900061260339F7FFFF17FD7BBCA9FD030091B5
:106EA000F35301A9F30300AA006840F9D3E9FF975F
:106EB000130000F9601A40B9C01D0035000080D2EF
:106EC00062D9FF9760264339801D00346022433920
:106ED0007F260339E01D0035400080D2E183009118
:106EE000E000C0F222008052E01300F9E00313AA90
:106EF000FF2B00B951FAFF97C0230035E1B3009191
:106F0000020280D260820191FAD8FF9760E2407954
:106F1000E1830091020080D2003C1053E02B00B9C5
:106F2000600080D2A002C0F2E01300F9E00313AACF
:106F3000BF020094E0210035600A40B96000F836D5
:106F4000E05F407960E20079200180D2E183009126
:106F5000E000C0F2E01300F960E24079020080D264
:106F6000003C1053E02B00B9E00313AAB0020094D8
:106F700000200035E18F4629610E0B29E283452967
:106F800062020A29640A40B90300A8529F00036BF9
:106F9000A101005443745AD37F0C0071601C00544B
:106FA0005F040472011B00547F040071401B0054F5
:106FB0007F080071401B0054034080522300A872D8
:106FC000630A00B9441843D3830000F0638420911E
:106FD000420840927FCE00B97FFE00B963686438F2
:106FE000640000D084000B91827862B8044C50D3C6
:106FF000627C021B03304CD3620A0F2922008052AC
:10700000634600B94220C41A641E40B924190034F2
:10701000001410530040412A010180D221080011C0
:10702000000400915F0008717F7E0AA90020C19AC8
:10703000417C40937F7E0BA97F6200F9007C019B1D
:10704000607E09A90040805242D0801A628200B955
:1070500003020034604240B91F040031A001005413
:10706000003C1053E02B00B9800080D2E1830091F6
:10707000020080D2E01300F9E00313AA6C0200942E
:10708000800000348000009000240991CDDDFF973E
:10709000E00080D2E1830091A002C0F2E01300F989
:1070A00060E24079020080D2003C1053E02B00B92E
:1070B000E00313AA5E020094C015003500008012A0
:1070C00060D60139E00313AA03FCFF9720150035B1
:1070D000E00313AAA3020094012C4039E00313AA91
:1070E0005FF9FF9760140035600A40B9A012F836C6
:1070F000E00313AAFCF9FF97C013003560F640B90E
:107100001F081E72E0010054200080526082003986
:10711000E00313AA01010094E00313AA4100805286
:1071200070F9FF976012003500E284D210D9FF9702
:10713000612A40B9E00313AA020080529CFCFF9729
:10714000613640B9E00313AAA4FCFF972011003573
:1071500060FE40B9600201B960CE40B96000003401
:1071600000408052608200B9E00313AA7D020094BF
:107170001F140079F40300AA1F300039608240B95F
:10718000E103002A1FE40272811200F9E1079F1A4D
:107190001FCC0472E2079F1A1FF00172E3079F1AC7
:1071A00042741E534104010BE2FF9F521F00026B09
:1071B000E2979F1A1F9C0872E0079F1A6210020B49
:1071C0002100020B200C000B802A00B9604640F918
:1071D000618240B90008C19A8100009021C40991E0
:1071E000800E00F980B2009164DE407963D240796C
:1071F000628E413949DDFF9767AE41398056019172
:107200006282413981000090636640B9211C0A9175
:10721000661C0012653C48D3645C50D3637C1853F1
:107220003EDDFF97626A40B980AA0191810000901B
:1072300021500A91434C50D3425C54D337DDFF9721
:1072400020008052601A00B9608A40F9200100B520
:10725000600240F902D490D2010000902200A0F216
:1072600021E01091030040F960420491D3BBFF97E5
:107270000000805204000014E00313AAEAFEFF9706
:1072800060E2FF34F35341A9FD7BC4A8C0035FD67D
:10729000603E40B97F2203396002F837E00313AA49
:1072A000DBF8FF97000080D268D8FF97F40300AAAC
:1072B000E00313AA21008052BAF8FF97A005003519
:1072C000603E40B90001F837E00314AA5FD8FF9789
:1072D0001FA00FF188070054800C80D2A4D8FF971C
:1072E000F4FFFF170000A852600A00B9603E40B9E1
:1072F00000785ED3601E00B92000805260E2007901
:10730000F6FEFF177F10007181E5FF548300A8523D
:107310002CFFFF170380805229FFFF170340805284
:107320004300A87227FFFF176300A85225FFFF172D
:1073300000241E530078412A21444FD338FFFF1701
:10734000220080520200A272623600B9617640F9D2
:1073500082FFB7121F00026BE9020054E10000B582
:10736000800000900078099116DDFF97604180123F
:107370007F1A00B9C4FFFF17200080520000AE72D0
:10738000603600B92110433961F200B9C1000836F6
:10739000024000113F041E720000821A00001D32DC
:1073A000603600B9603640B96100003600041F3213
:1073B000603600B9613640B9E00313AAD0FCFF97EC
:1073C00063FFFF17C00B8012EAFFFF17FD7BBEA90A
:1073D000FD030091F30B00F9F30300AA008840F9C4
:1073E000600000B46042049162BBFF97601A40B92C
:1073F000C0010034600A40B9613640B9C000F836B7
:10740000E00313AA21681612F30B40F9FD7BC2A812
:10741000F2FBFF17E00313AA21701312F30B40F9DC
:10742000FD7BC2A8B6FCFF17F30B40F900008052A9
:10743000FD7BC2A8C0035FD6FD7BBEA9FD03009102
:10744000F30B00F9134004D1008050B8E000003481
:10745000E00313AA4C00009480000035E00313AA57
:10746000DBFFFF977F1A00B9F30B40F9FD7BC2A841
:10747000C0035FD6FD7BBDA9E103002AFD03009197
:10748000E2A30091F30B00F9F303002AA009805254
:1074900082ECFF97C0000035E01740F93F010094EF
:1074A000600100B50000805206000014E2A30091C4
:1074B000E103132AA00980525EECFF97E0FEFF343F
:1074C000F30B40F9FD7BC3A8C0035FD60128433905
:1074D000A2018052020C01B961FEFF3452FEFF97F7
:1074E000F1FFFF17FD7BBFA9FD0300916DE8FF973A
:1074F00042E8FF97FD7BC1A8000040F967FEFF1737
:10750000FD7BBFA9FD0300913CE8FF97FD7BC1A86F
:10751000000040F9AEFFFF17006840F9010040F994
:10752000213440F9210C40F9610000B4F00301AAB4
:1075300000021FD6A0048012C0035FD6006840F985
:10754000030040F9633440F9632040F9630000B45C
:10755000F00303AA00021FD6A0048012C0035FD666
:10756000010040F9213440F9211040F9610000B4D4
:10757000F00301AA00021FD6C0035FD6006840F9DD
:10758000F8FFFF17006840F9010040F9213440F985
:10759000211440F9610000B4F00301AA00021FD6D3
:1075A000A0048012C0035FD6FD7BBEA9FD0300913D
:1075B000F30B00F9F30300AA002044390000003265
:1075C00060220439606A40F9020040F9423440F90F
:1075D000421C40F9020100B440003FD66122443908
:1075E00021781F1261220439F30B40F9FD7BC2A8F8
:1075F000C0035FD6A0048012F9FFFF17006840F9AE
:10760000010040F9213440F9212440F9610000B41F
:10761000F00301AA00021FD600008052C0035FD60B
:10762000006840F9010040F9213440F9210040F997
:10763000610000B4F00301AA00021FD600008052CE
:10764000C0035FD6006840F9010040F9213440F9D9
:10765000210440F9610000B4F00301AA00021FD622
:1076600000008052C0035FD6FD7BBEA9220080527D
:10767000FD030091F35301A9F40300AAF30301AA47
:10768000004840F9810000B021681A91EBECFF97A7
:107690001F10007160020054E303002A1F200071D4
:1076A000A00100541F0400712002005480000090CB
:1076B00000AC0A91941300B4810A40A9210040F95A
:1076C00040DCFF97A0028012F35341A9FD7BC2A8C2
:1076D000C0035FD6600A40B900000232600A00B9F8
:1076E000600A40B900000332600A00B9600A40B97C
:1076F000810000B0621640B921AC1691000004323E
:10770000600A00B9804A40F9CCECFF97601600B9D6
:107710008100009021680A91804A40F9B6EDFF97F8
:10772000C0100037804A40F98100009021440B913D
:10773000B1EDFF97A0000036600A40B941018052C8
:107740000000012A600A00B9804A40F981000090D7
:1077500021FC1F91A8EDFF9780000036600A40B918
:1077600000001B32600A00B9804A40F98100009095
:1077700021842091A0EDFF9780000036600A40B977
:1077800000001A32600A00B9804A40F98100009076
:10779000210C219198EDFF9780000036600A40B9D6
:1077A00000001932600A00B9804A40F98100009057
:1077B000218C0B9190EDFF9780000036600A40B954
:1077C00000001732600A00B9804A40F98100009039
:1077D0002194219188EDFF9780000036600A40B91E
:1077E00000001832600A00B9804A40F98100009018
:1077F00021C40B9180EDFF9780000036600A40B9EC
:1078000000001C32600A00B9804A40F981000090F3
:1078100021F80B9178EDFF9780000036600A40B99F
:1078200000001C32600A00B9804A40F981000090D3
:10783000212C0C9170EDFF9780000036600A40B952
:1078400000001632600A00B9804A40F981000090B9
:1078500021680C9168EDFF9780000036600A40B9FE
:1078600000001632600A00B9804A40F98100009099
:1078700021A40C9160EDFF9780000036600A40B9AA
:1078800000041632600A00B9804A40F98100009075
:1078900021E00C9158EDFF9780000036600A40B956
:1078A00000041632600A00B9804A40F98100009055
:1078B000211C0D9150EDFF9780000036600A40B901
:1078C00000001432600A00B9804A40F9810000903B
:1078D00021840D9148EDFF9780000036600A40B981
:1078E00000741312600A00B9804A40F981000090C8
:1078F00021B80D9140EDFF9780020036600A40B933
:1079000000001232600A00B9804A40F981000090FC
:1079100021480E9138EDFF97800300370000805218
:107920006AFFFF17620000F0610000F0421028912A
:10793000213C289163FFFF17600A40B900001E3206
:10794000600A00B978FFFF17804A40F98100009073
:1079500021F00D9128EDFF9780000036600A40B9B4
:1079600000001032600A00B9804A40F9810000909E
:1079700021200E9120EDFF9780FC0736600A40B968
:1079800000001132E0FFFF17600A40B9005C1312DB
:10799000600A00B9E2FFFF17018840B9E100003634
:1079A000FD7BBFA9FD03009114E7FF97000040F99C
:1079B000FD7BC1A8C0035FD6000080D2C0035FD6A4
:1079C000FD7BBDA9FD030091F35301A9F40301AAB6
:1079D000F55B02A9F50302AA136840F9600240F9B9
:1079E000163440F9E00313AAECFFFF97C32A40F9CD
:1079F000230100B4E20315AAE10314AAF55B42A92E
:107A0000E00313AAF35341A9F00303AAFD7BC3A823
:107A100000021FD6000040F9F35341A9F55B42A9CB
:107A2000001840B9FD7BC3A8C0035FD6FD7BBDA98C
:107A3000FD030091F35301A9F40301AAF51300F922
:107A4000F50302AA136840F9E00313AAD3FFFF97D6
:107A5000600240F9003440F9030840F9230100B402
:107A6000E20315AAE10314AAF51340F9E00313AAEF
:107A7000F35341A9F00303AAFD7BC3A800021FD65C
:107A8000F35341A9A0048012F51340F9FD7BC3A86C
:107A9000C0035FD6FD7BBDA9FD030091F35301A98F
:107AA000F403012AF51300F9F50300AAFDE6FF9798
:107AB000BAFFFF97F30300AAE00315AAC9E6FF97F0
:107AC000002C40391F00146B4001005460D641392E
:107AD0001FFC037180010054F51340F9E103142ADF
:107AE000E00313AAF35341A9FD7BC3A80BFAFF17C8
:107AF00000008052F35341A9F51340F9FD7BC3A860
:107B0000C0035FD6600F8012FBFFFF17FD7BBDA98E
:107B1000E103002AFD030091E2A30091F30B00F9B9
:107B2000F303002AA009805237DEFF9720010034BA
:107B3000E103132A80000090006C0E9121DBFF9777
:107B4000000080D2F30B40F9FD7BC3A8C0035FD6D1
:107B5000E01740F9D3E6FF9790FFFF97FAFFFF1772
:107B6000FD7BBEA9E1028052FD030091006840F94F
:107B7000E2630091B9E6FF97E00F40F9400000B4DE
:107B800098E6FF97FD7BC2A8C0035FD6FD7BBCA92A
:107B9000FD030091F35301A9F30301AAF55B02A9C8
:107BA000010040F9213440F9210400B4048C40B9AB
:107BB000F40300AAF60302AAE7E30091060080D2CC
:107BC00005408052A30980528200009081000090FD
:107BD00042E00E9121D00E91EFDEFF97F503002ACF
:107BE000C0010035E01F40F97EE6FF97760200F9FC
:107BF000E17F40B2740A00F9612200F9210080524D
:107C000001340039C172403901200039A00180528D
:107C1000746A00F9600E01B9F35341A9E003152A13
:107C2000F55B42A9FD7BC4A8C0035FD6B5048012F2
:107C3000FAFFFF17200040F99F00007225048052D0
:107C4000640480528410851A03080039633C48D3C9
:107C5000030C0039433C085303140039435C1053B0
:107C600003180039437C1853031C0039439C60D32C
:107C70000320003943BC68D3040000391F040039D5
:107C8000021000390324003943DC70D342FC78D35E
:107C900003280039022C0039200040F900300091FF
:107CA000200000F9C0035FD6FD7BBAA9FD03009157
:107CB000F35301A9F30300AAF55B02A9F50301AA96
:107CC000F76303A9F70303AAF80303AAF96B04A94E
:107CD0009AFF9FD240D84129E12F00F9D67E001BA0
:107CE00060FF9F52D402000B80FF9F52940AC01A7B
:107CF000F903142A390700716103005494060051F6
:107D000082FF9F5260FF9F12825EA29B835A001BDC
:107D1000330500B4601A40F9E00400B4052440F9CA
:107D2000A50400B4E1630191E00313AA240080528A
:107D3000A0003FD6E12F40F9E00315AA210015CBA2
:107D400021FC009121E47A9270A6FF97F35341A998
:107D5000F55B42A9F76343A9F96B44A9FD7BC6A86B
:107D6000C0035FD6B30100B4601A40F9600100B4EB
:107D7000052440F9250100B4E20318AAE16301914A
:107D8000E00313AA0400805283FF9F52A0003FD655
:107D900018031A8BD8FFFF17E20318AAE1630191B9
:107DA000E00313AA0400805283FF9F52A2FFFF97B3
:107DB000F8FFFF17E1630191E00313AA240080524A
:107DC0009DFFFF97DCFFFF17810183D2000880D25F
:107DD0005CB8FF17BF3F03D5020440F9410000B96A
:107DE000217D80D2210400F1610000540000805206
:107DF000C0035FD6020440F9420040B9BF3F03D53B
:107E00005F0840F201FFFF5420008052F9FFFF1786
:107E10003F000072E1830032E103811ABF3F03D5C6
:107E2000020440F9411000B9020084520204B07209
:107E3000016841393F0040F2010084520104B272EE
:107E40002110821ABF3F03D5020440F9412C00B92A
:107E500001E28452020440F9424440B9BF3F03D5D5
:107E6000E2001036BF3F03D5000440F98100805284
:107E7000014400B900008052C0035FD621040071A4
:107E8000A1FEFF54FCFFFF17FD7BBDA9FD03009180
:107E9000F35301A9F40300AAF30302AAF55B02A9B4
:107EA000F503012A000440F9004840B9BF3F03D55B
:107EB000F6C38952400000B9600240B9BF02006AAF
:107EC000C100005400008052F35341A9F55B42A960
:107ED000FD7BC3A8C0035FD6001980D2A4D5FF974D
:107EE000800640F9004840B9BF3F03D5600200B9A1
:107EF000D606007121FEFF54A00D8012F3FFFF177C
:107F0000E1040034FD7BBEA9FD030091F35301A9F8
:107F1000F30300AAF403012A022840F9220300B463
:107F200040003FD6E003002A1F4034EB40030054DA
:107F3000817A1F53230400D16300008B6308C19A28
:107F4000E00313AA01008052B2FFFF97E001003561
:107F5000BF3F03D5600640F9030800B9BF3F03D512
:107F6000600640F9210080521F0C00B9E00313AAFB
:107F7000A8FFFF97A0000035741600B90300001495
:107F8000001840B900FDFF35F35341A9FD7BC2A89D
:107F9000C0035FD603008052EAFFFF17C0035FD61D
:107FA000FD7BBEA9FD030091F35301A97BFEFF9762
:107FB000012840B9140840F9F30300AAE00314AA09
:107FC000D0FFFF97602640B91F10007100030054D6
:107FD0001F200071E0179F1A003C1053BF3F03D5CC
:107FE000810640F9201800B9800640F9007440B9B4
:107FF000BF3F03D562CE40B90100103200780F12A6
:108000005F0000710000811ABF3F03D5810640F96F
:10801000207400B9812240F9E10000B5607240F996
:10802000600100B50000805206000014200080525C
:10803000EBFFFF17E00314AA20003FD600FFFF3438
:10804000F35341A9FD7BC2A8C0035FD6613240B99A
:108050003F0800712101005401E88E526103A072B3
:108060007A0F00941F000071A10480120410417A5D
:10807000A0FDFF54F3FFFF1701548B524106A0727D
:10808000F8FFFF17FD7BB8A9FD030091F35301A989
:10809000F30300AAF40302AA000080D2F55B02A950
:1080A000F50301AAF76303A9F70303AAF96B04A96F
:1080B000E6D4FF97F60300AA600640F9004840B9ED
:1080C000BF3F03D5A0004836E00316AADFD4FF97D0
:1080D0001FD007F129FFFF54BF3F03D5600640F9C9
:1080E00001008012014400B9541100B5A10A40B941
:1080F000BF3F03D5600640F9012800B9742000B4E1
:10810000800A40B9014080D21F007FF200C080D2B7
:108110000010819AA10640B9420180522200020A51
:108120005F280071E02E0054A20240B90300123211
:10813000000013325F3000710010831AA100003676
:1081400003001A323F007FF200041A320010831A33
:1081500041001036000018325F2C0071E1179F1AA1
:10816000616A01394100005400000432A10240B9A3
:108170000000012A0100B4520000012ABF3F03D5CC
:10818000610640F9202C00B901D490522100A07260
:10819000600640F9004440B9BF3F03D5626A4139E7
:1081A000821B0036601B5036BF3F03D5610640F985
:1081B00002808052224400B9C01B4037602A083731
:1081C000A10640B941001036002A3037410200367E
:1081D000600640F9E11B0836003C40B9BF3F03D5BB
:1081E000A00E00B9600640F9003840B9BF3F03D582
:1081F000A01200B9600640F9003440B9BF3F03D572
:10820000A01600B9600640F9003040B9BF3F03D561
:10821000A01A00B9342700B4761A40F9000080D2C1
:10822000FF5700B989D4FF97F80300AA010A8052CA
:1082300080D641291AD09752970240F9B57E001B8B
:10824000C02A40B9A17E011BB57E02532108C01A85
:10825000C02640B92108C01AC0CE40B91F00007125
:10826000E0079F1A000400112108C01A007D805207
:10827000217C001B3F00006B2120801AF603012A9D
:10828000600640F9194440B9BF3F03D53F031A6A5D
:108290000120005460624139401B0036351B003418
:1082A000800A40B9FF5700B91F04007161160054DD
:1082B000000580522003006A401A0054BF3F03D5D6
:1082C000610640F9204400B9E2530191E00313AA8A
:1082D00081008052EDFEFF974019F837E05740B912
:1082E00001008052007451D31F00156B0090951A45
:1082F000E05700B9E05740B93F00006B231300542A
:10830000BF02006B291C0054B502004BEFFFFF17A2
:1083100060624139821240B9A0010036BF3F03D5E7
:10832000600640F9021C00B981824129007C011BD2
:10833000BF3F03D5610640F9202000B9E00313AA2E
:1083400041008052A4FEFF9769FFFF17800E40B9DD
:10835000810240F9427C001B800A40B91F04007171
:10836000A107005443008052E063019194B3FF974A
:10837000F603002A000E0035E63340F9E00313AAA5
:108380004100805294FEFF97603240F9E70317AA3C
:10839000000840B9BF3F03D5610640F9007C409317
:1083A00002008012226820B8603240F9000040B913
:1083B000BF3F03D5610640F9007C4093376820B881
:1083C0006066413900010036603240F9000440B96E
:1083D000BF3F03D5610640F9007C4093E2FE60D3C5
:1083E000226820B808038052850E40B90800B07298
:1083F000E00317AA09210051010080523F000071DB
:10840000841240B90301891ABF2000718802005408
:10841000847C051B63001E326A664139224C14536A
:108420002A020036C240228B020800F902000191A4
:10843000037C0029047C0129020C00F9E00302AA54
:10844000BF200071E9010054A52000512104001152
:10845000EBFFFF1723008052C4FFFF1784701D53EA
:10846000EEFFFF174200060BE3120029E20A00B9F3
:10847000E2020111F7020191E2C21CB8F1FFFF17FD
:10848000616641393F0040F2E102809AE00307AAA9
:1084900021FC009121E47A929BA4FF97600640F9A9
:1084A000000040B9BF3F03D5010480520140A072D3
:1084B0000000012ABF3F03D5610640F9200000B942
:1084C000600640F9008040B9BF3F03D5411080529B
:1084D0000000012ABF3F03D5610640F9208000B9A2
:1084E000811240B9BF3F03D5600640F9011C00B9B5
:1084F00081824129007C011BBF3F03D5610640F901
:10850000202000B9FAFEFF170000805202FFFF177B
:10851000C000103634E5FFB5BF3F03D5610640F912
:10852000204400B925FFFF172104007121E3FF5407
:10853000B60D8012F35341A9E003162AF55B42A958
:10854000F76343A9F96B44A9FD7BC8A8C0035FD6B4
:10855000003040B9BF3F03D5A00E00B92EFFFF1772
:10856000600640F9000042B9BF3F03D52104001165
:10857000E04600B860FFFF171F0800712104005497
:1085800019042036E2530191E00313AA010180523D
:108590003EFEFF97E002F837E15740B9602A40B944
:1085A000217451D30000014B010080521F00156B54
:1085B0000090951AE05700B9E05740B93F00006BB2
:1085C000A3000054BF02006B29010054B502004B08
:1085D000EDFFFF17E24640B8BF3F03D5600640F904
:1085E00021040011020002B9F4FFFF1715008052A8
:1085F000BF3F03D5600640F901028052014400B933
:10860000D9041837E00318AA90D3FF971F0016EB80
:1086100089E3FF54B60D8012BF3F03D5600640F9D1
:10862000194400B960624139E0050037800A40B959
:10863000740640F91F040071603240F9F6179F1A62
:10864000D6060011000840B99402008B000080D2C9
:108650007ED3FF97F50300AA800240B9BF3F03D540
:10866000DF02206AE0010054E00315AA77D3FF97E8
:108670001FA00FF1E8030054200080D2BCD3FF9765
:10868000ECB6FF97F5FFFF1715008052DDFFFF17CF
:10869000B6028012E1FFFF1716008052DFFFFF17BE
:1086A00016008052603240F9000840B9BF3F03D540
:1086B000610640F9007C409362008052226820B835
:1086C000600640F9000040B9BF3F03D500781A1298
:1086D000BF3F03D5610640F9200000B9E063019176
:1086E000BBB2FF97800C80D2A1D3FF9792FFFF17F8
:1086F000B60D8012ECFFFF1716008052FAFFFF172D
:10870000F60180128CFFFF17960080128AFFFF1778
:10871000FD7BBDA9FD030091F35301A9F40301AA58
:10872000F30302AAF51300F99CFCFF97000840F937
:10873000930200B4630E40B9631C0011637C0353C1
:1087400063E47AD3F503009163380191E20313AA3D
:10875000637C7C92E10314AAFF6323CBE3FF0091C7
:1087600063E47A9248FEFF97BF020091BF03009135
:10877000F35341A9F51340F9FD7BC3A8C0035FD6AD
:10878000030080D2EFFFFF17FD7BBDA9FD03009121
:10879000F35301A9F51300F980FCFF97130840F982
:1087A000F40300AA612640F9610000B4E00313AAB3
:1087B00020003FD6BF3F03D5600640F93500805208
:1087C000E1008052150400B9E00313AA82FDFF976F
:1087D00020080034800240F9011040B9E00313AAD8
:1087E000C8FDFF97BF3F03D5610640F90000801226
:1087F000204400B9BF3F03D5610640F93F2400B9CA
:10880000BF3F03D5610640F9201400B9BF3F03D52F
:10881000600640F9158000B9602A40B9E0000035D3
:10882000600640F9004C40B9BF3F03D5006C50D3FF
:108830000000150B602A00B9612A40B9217C015360
:10884000200400512040002A00000332BF3F03D51E
:10885000610640F9204C00B961624139E1010037FD
:10886000600640F9007040B9BF3F03D5C002D83759
:10887000600000900010099161660139603200F9D2
:10888000000C40B9BF3F03D5610640F9007C40931E
:1088900062008052226820B8BF3F03D5600640F9CD
:1088A0001F1000B9BF3F03D5600640F91F0C00B987
:1088B00000008052F35341A9F51340F9FD7BC3A892
:1088C000C0035FD6600000902100805200900991A3
:1088D000EAFFFF1780008012F7FFFF17240040F91E
:1088E0000308022902108052040000F90206A07257
:1088F000020C00B9221040B9020800B9232440B983
:108900004178021242780112210002327F20007168
:10891000420003324210811AE1FF9F5242081F3287
:10892000020800B9011800B9C0035FD698FCFF1710
:10893000FD7BBEA9FD030091F35301A9001C40F982
:10894000004C532900080012730A1C537302002ABA
:10895000699EFF97147C40B9679EFF97947A1A121C
:10896000147C00B9BF3F03D5609EFF97132800B960
:10897000619EFF97137C40B95F9EFF9773021B3285
:10898000137C00B900008052F35341A9FD7BC2A8BB
:10899000C0035FD6FD7BBDA9FD030091F35301A980
:1089A000F30300AAF55B02A911E3FF97619240B9B6
:1089B000F50300AA82000090400A40F942B01C91E1
:1089C00003008052ACCEFF972001F836600000F023
:1089D00000F00E917BD7FF97A0028012F35341A9BC
:1089E000F55B42A9FD7BC3A8C0035FD6F603002A4E
:1089F000600640F9A00600F9E00313AAA3E3FF977D
:108A0000A00A00F98300805282000090400A40F9D9
:108A100042681A91619240B997CEFF97BF2600B97C
:108A2000A0DA05290000009000C02491A02600F9DA
:108A300063008052620000F0400A40F942640F91E6
:108A4000619240B99CCEFF97A09A00B90300805272
:108A5000620000F0400A40F942800F91619240B9F3
:108A600095CEFF97B52200F9A09E00B9610000F0F5
:108A700021A00F91604A40F9DFE8FF97A0820139F9
:108A800000008052D6FFFF17FD7BB9A9FD030091BE
:108A9000F35301A9F30300AAF55B02A9F71B00F940
:108AA000CAE2FF97F50300AAE00313AAD3E2FF97F7
:108AB000F60300AAE00313AACDE2FF97130000F922
:108AC000F40300AAE00313AAC9E2FF97F70300AA80
:108AD000E2230191E00313AA210080527ADCFF9780
:108AE00020010035E023019191DCFF97E02200B9DD
:108AF00040010035600000F000C80F9131D7FF97AA
:108B0000A0028012F35341A9F55B42A9F71B40F97B
:108B1000FD7BC7A8C0035FD6E1230191E00313AA40
:108B20002F230094E303002AE0030034600000D008
:108B300000C02D91F30200B4610A40A9210040F960
:108B400020D7FF97822240B9E00315AAB582009191
:108B50009422009103508352E10314AAC300A0722F
:108B60005FFFFF97951A00F9B40A00F9801A40F9DF
:108B7000C00200F9136800F9E00313AAF35341A9F6
:108B8000F55B42A9F71B40F9FD7BC7A8FFFEFF1765
:108B9000620000D0610000D042102891213C289151
:108BA000E8FFFF17E0230191AF220094E6FFFF17D3
:108BB000FD7BBEA9FD030091F30B00F9F30300AAAE
:108BC00082E2FF97E20300AA01800091E00313AA6A
:108BD000F30B40F9FD7BC2A855FFFF17FD7BBEA933
:108BE000FD030091F30B00F9F303012A6BFBFF97E0
:108BF000010840F9211840F9010100B4221040F9A0
:108C0000C20000B4E103132AF00302AAF30B40F9F7
:108C1000FD7BC2A800021FD6F30B40F90000805272
:108C2000FD7BC2A8C0035FD6FD7BBFA9FD030091F9
:108C30005AFBFF97000840F9011840F9C10000B441
:108C4000211C40F9810000B4FD7BC1A8F00301AAFA
:108C500000021FD600008052FD7BC1A8C0035FD672
:108C6000FD7BBDA9FD030091F35301A9F303022A83
:108C7000F55B02A9F503012A48FBFF97160840F9A6
:108C800011D2FF9714C0338BC00640F9032440B9BA
:108C9000BF3F03D563006CD2BF020071E0079F1A8B
:108CA000635014531F00036B41010054F3FEFF3463
:108CB00005D2FF979F0200EB85FEFF54A00D8012A6
:108CC000F35341A9F55B42A9FD7BC3A8C0035FD65E
:108CD00000008052FBFFFF17FD7BBEA9FD03009142
:108CE000F35301A92DFBFF97F30300AA000040F9FD
:108CF000000840B91F041272E1020054740A40F9DE
:108D0000806201919AE9FF97E000F837610240F92B
:108D1000210840B9A10180361F000071E0179F1A99
:108D20000A000014800640F9002440B9BF3F03D573
:108D3000610240F900001012210840B9E1FE8737B6
:108D40001F000071E0079F1AF35341A9FD7BC2A8E1
:108D5000C0035FD620008052FCFFFF17FD7BBDA93A
:108D6000FD030091F35301A9F30300AA341C001280
:108D7000F51300F9BF3F03D5000440F9B50C80D2CC
:108D800014BC0039600640F900BC4039001C0012D8
:108D9000BF3F03D59F02006AA1000054F35341A9CD
:108DA000F51340F9FD7BC3A8C0035FD6B50600F1FB
:108DB00001010054F51340F9E103142AF35341A9CA
:108DC000600000F0FD7BC3A800BC10917DD6FF17AA
:108DD000007D80D2E6D1FF97EBFFFF17FD7BB9A99D
:108DE000FD030091F35301A9F40302AAF55B02A964
:108DF000F50301AAF76303A9F96B04A9FB7305A99D
:108E0000E6FAFF97130840F956FBFF971B0440B999
:108E1000000080D28DD1FF977F5600F9A00240B9A3
:108E20001F300071201800541F4C00710418557A2F
:108E3000011800549F0200F176008052D6169F1A46
:108E4000970000D07A0000F0F7720F915A2B119121
:108E5000180080527C0000F011000014E00240B9BC
:108E60001F00186B68010054E1031B2AE0031AAAD3
:108E700054D6FF97E10240B921781F533F00327169
:108E8000A8140054805B1191E10200B94DD6FF9700
:108E900018070011007D80D2B5D1FF97600640F918
:108EA000192440B9BF3F03D53903166A81FDFF5429
:108EB000BF3F03D5600640F901008012013000B9C0
:108EC000A20240B95F4C0071E1179F1A5F54007114
:108ED000E0179F1A2100002A011300349F0200F1BD
:108EE0001804805218079F1AA00640B917000012F4
:108EF000A0000036800008374012183618031F32D1
:108F00007700805240001036F7021D3240002036B4
:108F1000F7021C32B41100B4F7021B32BF3F03D575
:108F2000600640F9C101805201B80039761240B99B
:108F300080EA4129D60276D2D62A4AD31F08007188
:108F40001A7C1A1B40048052D67A1F53D632801ADC
:108F5000800A40B91F04007141000054D6021C323F
:108F600060B240B91F0840F2C0130054600640F9D7
:108F70009B0240F901A04039211C0012BF3F03D5DC
:108F800060B240B921741B12211C0012600F103610
:108F900021041D32BF3F03D5600640F9427F409354
:108FA00001A0003960B240B91C000012C00E0036AA
:108FB00060824239A0000037601240B9A00100363B
:108FC0007F0B40F260010054800A40B91F04007119
:108FD000C0000054604E40F9E1031BAAE23700F9DB
:108FE000C4D0FF97E23740F91C0080527B4E40F915
:108FF00041FC0091800A40B921E47A926103018B1F
:10900000600C0837E0031BAABEA1FF9760B240B90D
:109010007B5600F9200C0036BF3F03D5600640F9AF
:109020001B0000B9D6020032801240B9002C001299
:1090300000081432BF3F03D5610640F920080079CB
:10904000811A4079BF3F03D5600640F9D63E001231
:10905000010C0079BF3F03D5600640F9161800796E
:10906000A10A40B9BF3F03D5600640F9010800B925
:10907000A00240B9E022002A003C0012BF3F03D505
:10908000610640F9201C0079000080D2EFD0FF97E4
:10909000F70300AA600640F9163040B9BF3F03D578
:1090A000560A7836000311320000160A1F00186BAA
:1090B000A00D005415008012601240B960003036D7
:1090C000007D80D22AD1FF97600640F9163040B962
:1090D000BF3F03D5BF3F03D5600640F901008012B2
:1090E000013000B9951B0035601240B9600A0036A6
:1090F0005C0A0035800A40B91F040071E109005480
:10910000800240F9427F4093614E40F979D0FF9749
:109110004A000014600000D000A01291A9D5FF976A
:10912000A0088012460000143600805245FFFF1749
:109130007600805243FFFF17380080526BFFFF1705
:109140005700805270FFFF175F4C007140000054C1
:1091500041000034F7021B32A0001836BF3F03D590
:10916000600640F9C101805201B800393C008052CC
:109170001A008052BBFFFF17E0F00F3621001C32AF
:1091800085FFFF173C0080529AFFFF17E0031BAAE0
:109190005DA1FF979EFFFF171F041F7240F4FF544D
:1091A000616240F9E3031BAAE20314AAE00313AAD5
:1091B000BEFAFF97615E40F9BF3F03D5600640F9F4
:1091C000015800B960B240B9E0F2173661BE40B94B
:1091D000BF3F03D5600640F9015C00B992FFFF175D
:1091E0003C00805291FFFF17601240B98001103798
:1091F000E00317AA95D0FF971F9C0FF1E9020054D6
:10920000600000D0E203182AE103162A00D0119171
:109210006CD5FF97A00D801209000014A00640B97C
:1092200080FE1F3674FEFFB5600640F9002440B989
:10923000BF3F03D5E0FD173700008052F35341A92B
:10924000F55B42A9F76343A9F96B44A9FB7345A9F0
:10925000FD7BC7A8C0035FD61F03366AC1F1FF5468
:1092600091FFFF17A10640B9600640F9A102083638
:10927000B5320091800380D2610640F9216860B860
:10928000BF3F03D5215C1853A10200B9021000D1E1
:109290001F4000F1C0010054610640F9000400D1F4
:1092A00021686038211C0012BF3F03D5A00240B9DD
:1092B0000000012AA04600B8E00302AAEFFFFF1752
:1092C000001040B9BF3F03D5A00E00B9BF3F03D582
:1092D000600640F9183000B9740000B515008052DE
:1092E00076FFFF17755640F90248885218008052E1
:1092F000E201A0721B01805204068052600640F910
:10930000173040B9BF3F03D5370A7837050300123D
:10931000D8020035FF061C7280020054600640F936
:10932000002440B9BF3F03D51F04167280040054C7
:10933000BF3F03D5600640F901008052043000B9F8
:10934000801240B9830240F93F00006B430500548E
:109350006040208B800200F9800E40B9390700116F
:109360003F03006B0207005460B240B91F0840F28F
:10937000A00100548501003577011836BF3F03D5A1
:10938000600640F91B3000B960B240B9C000003639
:10939000B5B26D92B5024291BF3F03D5600640F968
:1093A000150000B95604005142040034400180D237
:1093B0006FD0FF97E203162A0406805217FA0F3681
:1093C00060B240B91F0840F2A0F8FF54830641295B
:1093D000605640F9821240B923F80F37217C021BF6
:1093E00021FC009121E47A922100008BC5A0FF9717
:1093F000BBFFFF17860A40B9207C4093DF04007151
:10940000E1000054660640F9C62040B9BF3F03D5CD
:10941000666820B821100011CAFFFF17636860B8A2
:10942000BF3F03D5600640F9032000B9FAFFFF17DC
:10943000600000D0B50D801200681291E1D4FF9752
:109440001EFFFF1738008052DDFFFF1795008012C6
:109450001AFFFF17E00313AA4100805240FEFF9756
:10946000E00313AA810080523DFEFF97B6E58736E0
:1094700069FFFF17FD7BBCA9FD030091F35301A910
:1094800033198052F55B02A9F603012AF71B00F994
:10949000140840F9800640F9002440B9BF3F03D5C5
:1094A0001F0440F2C1020054BF3F03D5800640F9BB
:1094B0001F580079360F0034801A40F9400300B479
:1094C000011440F9010300B4E00314AA20003FD6C0
:1094D000F503002A80020034600000D0006413917C
:1094E000B8D4FF97F35341A9E003152AF55B42A9CD
:1094F000F71B40F9FD7BC4A8C0035FD6730600715B
:10950000C1000054600000D000C41291F501801227
:10951000ACD4FF97F4FFFF17800C80D214D0FF97D4
:10952000DDFFFF17801A40F9800100B4031840F9ED
:10953000430100B4E103162AE00314AA020080529A
:1095400060003FD6F503002A80000034600000D0A0
:1095500000E01391E3FFFF1797064329F71A1F72E4
:1095600081010054DF02016BE206005402018052C7
:109570002000805200781F534204007100060054FE
:109580002308C01A7F00166B68FFFF542C000014DC
:10959000972240B9DF02016BF703003420008052AC
:1095A000E2000054000400111F04107180000054F8
:1095B0002208C01A5F00166B68FFFF5413040051A5
:1095C00017048052801A40F9C00000B4020C40F920
:1095D000820000B4E103132AE00314AA40003FD63E
:1095E000801A40F9400300B4031840F9030300B4A3
:1095F000E103162AE00314AA2200805260003FD63D
:10960000F503002A40020034600000D0003C1491B1
:10961000B4FFFF178201005440008052DF06416B07
:10962000E2000054000800111FF81F718000005470
:109630002208C01A5F00166B68FFFF54137C0153A9
:10964000E1FFFF1720008052FDFFFF17610618128F
:10965000601E185300000032E10A412A0000012A6E
:10966000003C0012BF3F03D5810640F9B30280528F
:1096700020580079800640F900584079003C0012DB
:10968000BF3F03D5E000083600001E32BF3F03D5C0
:10969000810640F9205800791500805292FFFF178B
:1096A0007306007181000054600000D000B0149176
:1096B00097FFFF17007D80D2ADCFFF97EEFFFF171A
:1096C000FD7BBEA9FD030091F35301A9B3F8FF97F9
:1096D000F40300AA130840F9601A40F9A00000B48E
:1096E000010440F9610000B4E00313AA20003FD652
:1096F000602640B9812A40B93F00006B60000054E9
:10970000E00314AA5CFFFF97808240398000003696
:10971000E00314AA0100805257FFFF97600640F94A
:1097200000A04039001C0012BF3F03D5832640B97A
:10973000E103002A621240B9641A40B97F20007127
:10974000C103005401781E129F181F72410000547B
:109750004200403621001B32000580525F00006A43
:10976000E103005480FE40B902040051001800518A
:109770005F0C007122781D120088467A21001E328B
:109780002190821A211C0012BF3F03D5600640F9C8
:1097900001A00039601A40F9600200B4010840F9E4
:1097A000210200B4E00313AAF00301AAF35341A974
:1097B000FD7BC2A800021FD69F181F7241000054F3
:1097C0004200403601781A1220001F327F100071CB
:1097D00021781E122110801AE0FFFF1721781D1238
:1097E000E9FFFF17F35341A900008052FD7BC2A897
:1097F000C0035FD6010440F9021440F9217C40798E
:10980000213C0012BF3F03D542FC40B921701D121C
:10981000420400515F2C007108010054430000F025
:109820006370119163486238620000104388238B93
:1098300060001FD621000032213C0012BF3F03D53B
:10984000000440F9017C0079C0035FD621001F327B
:10985000FAFFFF1721001E32F8FFFF172104003224
:10986000F6FFFF17A20080522100022AF3FFFF1724
:10987000FD7BBDA9FD030091F35301A9F55B02A98E
:10988000F50300AA131440F9000440F9167C40794E
:10989000D63E0012BF3F03D5603240B9F403162A0A
:1098A0001F080071800500541F1000712109005429
:1098B000607240F9200300B401008052DF09009477
:1098C000E0000034600000D000381591F35341A946
:1098D000F55B42A9FD7BC3A8BAD3FF17607240F9BC
:1098E00001548B524106A072580900948000003444
:1098F000600000D000B81591F5FFFF17607240F9C5
:1099000021008052CD09009480000034600000D016
:10991000004C1691EEFFFF17600A40B9C000F83600
:10992000D47A1C12813E0012BF3F03D5A00640F935
:10993000017C0079007182D20DCFFF97600A40B997
:109940008004F83674041836600000D000C8169100
:10995000DFFFFF17607240F9000200B4010080527F
:10996000B609009400FBFF35607240F901E88E52A1
:109970006103A0723509009480000034600000D0BB
:10998000007C1791D2FFFF17607240F921008052CE
:10999000AA090094C0FBFF35600A40B9A000F83660
:1099A000D4021D32BF3F03D5A00640F9147C0079D4
:1099B000007182D2EECEFF97600A40B9A000F8365F
:1099C00094001837600000D000101891C0FFFF17F6
:1099D000F35341A9F55B42A9FD7BC3A8C0035FD641
:1099E000FD7BBEA9FD030091F30B00F9F30300AA70
:1099F000A0FFFF97E00313AAF30B40F9FD7BC2A879
:109A00007DFFFF17FD7BBEA9FD030091F35301A964
:109A1000E2F7FF97F40300AA130840F9840080528C
:109A2000006840F96362019102008052610000D039
:109A300021C4189117E7FF97E00313AA2100805271
:109A4000C7FCFF97601240B9A00100360101A0D207
:109A5000000180D23BB1FF97604E00F9000100B5D4
:109A6000600000D000E8189156D3FF976001801283
:109A7000F35341A9FD7BC2A8C0035FD6800240F921
:109A8000010C40B9000480522210C05A3F000071FE
:109A90000000024B00109F1A00040051013C00130B
:109AA0001F04003160010054200080520020C11AC0
:109AB0003F480071C00400541F0041710C03005462
:109AC0003F1C0071800300543F44007100040054A7
:109AD000BF3F03D5600640F91FA40039601A40F962
:109AE000A00000B4010040F9610000B4E00313AA33
:109AF00020003FD6BF3F03D5600640F96107805282
:109B0000E14FA072013400B9BF3F03D5600640F9B0
:109B10001F3800B900008052D6FFFF173F50007178
:109B2000600000543F54007141FDFF54C001805259
:109B3000020000144001805200000032BF3F03D5F4
:109B4000610640F920A40039E5FFFF17800180522B
:109B5000FAFFFF17FD7BBBA9FD030091F35301A999
:109B6000F40300AAF30301AAF55B02A9F603032A92
:109B7000F76303A9F92300F9F903022A020080D24E
:109B8000201440F9610000D0215C1991006840F96F
:109B9000004840F9D1E3FF97F70300AA601640F9A7
:109BA000020080D2610000D0219C1991006840F928
:109BB000004840F9C9E3FF97F80300AA600640F99E
:109BC000154040B9BF3F03D5B502370AB502182A80
:109BD00075019837600000D000C81991F9D2FF973D
:109BE000A0028012F35341A9F55B42A9F76343A990
:109BF000F92340F9FD7BC5A8C0035FD6606240F938
:109C0000600000B571F8FF9760820BA960B240B99F
:109C1000611240B900001E3260B200B9600640F91E
:109C20002105083601FC40B9BF3F03D5217C105304
:109C3000600240F9611A00B9800200F9611A40B966
:109C400021181F7280010054600640F9004440B999
:109C5000BF3F03D5F7FE60D318FF60D31700370A64
:109C6000E102182A205C50D31F000071E007801A1F
:109C7000602200B9601E40B9C0010035631A40B9C6
:109C8000A23E48D3A03648D37F181F72632240B942
:109C90000000821A02488852E201A0727F0000711F
:109CA000007C021B027C031B4010801A601E00B95E
:109CB000601E40B900010035600000D0004C1A91D0
:109CC000C7FFFF1701FC4179213C0012BF3F03D5BC
:109CD000D8FFFF17790000341F00196B0090991A04
:109CE000801600B9D6000035621A40B95F181F729D
:109CF000C0070054D6FF80521608D61AA002087278
:109D0000961200B90206A0520000821A3507C83721
:109D1000800E00B99500D036800E40B9000019328F
:109D2000800E00B9601240B9A0002036627240B9BE
:109D3000800E40B90000022A800E00B99500A836B6
:109D4000800A40B900081F32800A00B9800A40B971
:109D500002000332820A00B9621A40B95F181F720A
:109D6000A0000054950090370078011200000332E3
:109D7000800A00B9601240B980002836800A40B9D4
:109D800000701C12800A00B9800E40B9600038369D
:109D9000601240B92003483621701D12601240B98C
:109DA000A00058368100F836800A40B9000015320C
:109DB000800A00B981001036800A40B900001832CC
:109DC000800A00B9611640B981000034800A40B9A8
:109DD0000000012A800A00B9E0FF9F52801A00B9F2
:109DE0000000805280FFFF17167C0853C4FFFF1746
:109DF00000040F32C7FFFF173F0840F200FDFF5479
:109E0000800A40B9A100083602DC80520000022A14
:109E1000800A00B9E2FFFF1702081B323F0040F240
:109E200000041B320000821AFAFFFF1758F7FF17D1
:109E3000FD7BBDA9FD030091F35301A9F40300AA22
:109E4000F303012AF51300F9007840F9E8DDFF97E4
:109E50000060403995C240F91F100071E9000054BC
:109E6000F51340F9E103132AE00314AAF35341A9BF
:109E7000FD7BC3A8240200147F667AF2010300541C
:109E8000A01A40B9BF3F03D500641212540080529B
:109E90000120132A21001132BF3F03D5A11A00B9B6
:109EA00089CDFF9713040091A11A40B9BF3F03D594
:109EB000E100783684CDFF977F0200EB65FFFF5409
:109EC000A11A40B9BF3F03D5810278379F060071C0
:109ED00001020054000080520A000014430000F008
:109EE000C220805263843091610000D0600000D0B5
:109EF00021081B91007C1B9132D2FF97A002801297
:109F0000F35341A9F51340F9FD7BC3A8C0035FD605
:109F100034008052E0FFFF17A00D8012F9FFFF17F9
:109F2000FD7BBBA9FD030091F35301A914008052EE
:109F3000F55B02A9F50300AA16008052F76303A996
:109F400017008052F96B04A9F903012A9FDDFF97DE
:109F5000F30300AA188000911A008052E103162A28
:109F6000E00313AAB3FFFF9760020034170080528A
:109F7000D6060011DFA2007121FFFF54B4030035A3
:109F8000600000D000DC1B91B50200B4A10A40A91A
:109F9000210040F90BD2FF9780008012F35341A9B2
:109FA000F55B42A9F76343A9F96B44A9FD7BC5A8FA
:109FB000C0035FD6E103192AE00318AA45EFFF9713
:109FC00060FDFF35F7060011FF02146B2DFDFF54F5
:109FD000FA03162AF403172AE6FFFF17620000B0FF
:109FE000610000B042102891213C2891EAFFFF1740
:109FF00040008052810EC01AE00313AA4103014BB6
:10A000008CFFFF97C0FCFF350123443981000837DE
:10A0100001FF40B9618A01B9E1FFFF176101805278
:10A02000FDFFFF17FD7BBDA9FD030091F35301A9BF
:10A03000F51300F9F50300AA131440F9606A40F91A
:10A0400062DDFF97F40300AAA06240391F1000717F
:10A0500089060054606A40F95CDDFF97F50300AAA9
:10A06000600A40B9E005F836606A40F9610000B066
:10A0700021541C91004840F95FE3FF97200500360A
:10A0800060FE40B9A18A41B93F00006BA0040054B2
:10A090001F08007161040054602640B91F10007150
:10A0A00001040054606A40F9610280529DFFFF97ED
:10A0B000E303002A60030034616A40F9600000B0E5
:10A0C000009C1C91410200B4240840A9810040F981
:10A0D000BCD1FF97606A40F9E10314AA62FE40B95F
:10A0E0000201009460FE40B9808A01B9E00314AA1D
:10A0F000B0010094808E01B9F35341A90000805251
:10A10000F51340F9FD7BC3A8C0035FD66200009041
:10A110006100009042102891213C2891EDFFFF172B
:10A1200061FE40B9808A41B93F00006B60FEFF5478
:10A13000A00180D280C600F9F0FFFF17FD7BBDA90A
:10A14000FD030091F35301A9F51300F9F50300AAEB
:10A15000131440F9606A40F91CDDFF97F40300AA6C
:10A16000600A40B96005F83762FE40B95F280071A7
:10A17000680400545F200071080500545F100071EE
:10A1800000050054480300545F781E72E2079F1ACE
:10A1900042781F5380C240F9001840B9BF3F03D531
:10A1A00000701D120000022ABF3F03D581C240F992
:10A1B000201800B9600A40B96000F836E00315AA1B
:10A1C00008FEFF97A06240391F100071E902005499
:10A1D000F51340F9E10314AA606A40F962FE40B940
:10A1E000F35341A9FD7BC3A8C00000145F20007198
:10A1F00062008052E213821AE7FFFF17422C0051DF
:10A200005F080071A200805242309F1AE2FFFF17E0
:10A2100002008052E0FFFF1782008052DEFFFF172E
:10A2200062008052DCFFFF17F35341A9F51340F998
:10A23000FD7BC3A8C0035FD6FD7BBEA9FD030091D3
:10A24000F30B00F9F30300AAE0DCFF97E20300AA96
:10A2500001800091E00313AAF30B40F9FD7BC2A833
:10A26000F3FEFF17FD7BB9A9FD030091F35301A98C
:10A27000F30300AAF55B02A9F76303A9F96B04A92C
:10A28000FB7305A9DDDCFF97F70300AAE00313AA1F
:10A29000CEDCFF97F50300AAE00313AAD4DCFF97F6
:10A2A000F40300AAE00313AA6EDDFF971F0400B1B8
:10A2B000000D0054A0C200F9000D00B4E18301912B
:10A2C000E00313AA461D009460000035E08301916D
:10A2D000E51C0094600640F9800200F923F74FD096
:10A2E00063000891A0C240F9020C80D2410000B086
:10A2F00021E03C9100000891800600F9400000B088
:10A3000000E03891801A00F9801240B900001A323A
:10A31000801200B9E00303AAF6CBFF97E30300AA7B
:10A32000E0FFFFF000803C91E10315AA601C00F9FA
:10A33000E00313AACDF4FF9700030035610000B0DD
:10A34000E00313AA217C1D91E8DCFF97400300364F
:10A35000E10315AAE00313AAE9000094E001003527
:10A36000B6820091961600F9B37A00F9E10314AAB7
:10A37000A21640B9E00315AA03008052F6FDFF972C
:10A38000C0000035F60200F9801640F9140800F903
:10A39000E00313AA9CFDFF97F35341A9F55B42A983
:10A3A000F76343A9F96B44A9FB7345A9FD7BC7A8D3
:10A3B000C0035FD6590A40F9560000B07A9240B9FE
:10A3C000D6223A9178018052C20240F9E1031A2A5A
:10A3D000E00319AA030080D242C4FF97200300B40F
:10A3E000000C4039C1224039BBC240F9211400128F
:10A3F0002020002ABF3F03D5601300B900000832B7
:10A40000BF3F03D5601300B92FCCFF971C280091E4
:10A41000611340B9BF3F03D5E100D0372ACCFF9785
:10A420009F0300EB65FFFF54611340B9BF3F03D5A5
:10A430008101D03621780712BF3F03D5611300B9DF
:10A44000D64200911807007101FCFF54C5FFFF17A9
:10A45000A0028012D1FFFF1760018012CFFFFF170B
:10A46000A00D8012CDFFFF17FD7BBEA9211C00129D
:10A47000FD030091F35301A9F30300AA002440B99E
:10A48000BF3F03D500781F122300001241000037A0
:10A4900000000032BF3F03D5602600B9A30100359C
:10A4A00009CCFF9714E02E91602640B9BF3F03D539
:10A4B000E000083704CCFF979F0200EB65FFFF54D4
:10A4C000602640B9BF3F03D5C00008360200805265
:10A4D000F35341A9E003022AFD7BC2A8C0035FD663
:10A4E000A20D8012FBFFFF17FD7BBBA9FD030091AE
:10A4F000F35301A9F55B02A9F76303A9F92300F956
:10A500005F300071880F0054F80300AAF30301AA1A
:10A51000E003022A410000B021C00191F603022AA3
:10A52000347860F8410000B02160039197220091D7
:10A5300099620191357860F8E20317AAE1825FF829
:10A54000F7420091004B40F939E1FF97FF0219EB08
:10A5500041FFFF54B7220091B9220191E1825FF8D7
:10A56000E20317AA004B40F9F742009130E1FF9750
:10A57000FF0219EB41FFFF5460C240F921008052F5
:10A58000BAFFFF97810A40B9BF3F03D560C240F9C7
:10A5900082008452021000B9BF3F03D560C240F967
:10A5A000011400B9811A40B9BF3F03D560C240F918
:10A5B00002018452021000B9BF3F03D560C240F9C6
:10A5C000011400B9814A40B9BF3F03D560C240F9C8
:10A5D00082018452021000B9BF3F03D560C240F926
:10A5E000011400B9608A41B9DF02006B0003005416
:10A5F000812A40B9BF3F03D560C240F902028452AC
:10A60000021000B9BF3F03D560C240F9011400B980
:10A610000100805260C240F994FFFF97F603002AC0
:10A6200000020034600000B00010249165D0FF9754
:10A63000F35341A9E003162AF55B42A9F76343A946
:10A64000F92340F9FD7BC5A8C0035FD680D083D233
:10A650000024D69AE0FC0736618E41B9E6FFFF1769
:10A66000813A40B9BF3F03D560C240F9020084522D
:10A67000021000B9BF3F03D560C240F9011400B910
:10A6800060C240F9002440B9BF3F03D561FE8F523C
:10A69000C1FFBF720000010AA10A40B90000012AEF
:10A6A000BF3F03D561C240F9202400B960C240F920
:10A6B000002840B9BF3F03D5A11A40B9006C0C1265
:10A6C0000000012ABF3F03D561C240F9202800B92C
:10A6D000A12A40B9BF3F03D560C240F9014000B98B
:10A6E000A13A40B9BF3F03D560C240F9011C00B98F
:10A6F000D0FFFF17B6028012CEFFFF170200805274
:10A700007AFFFF17FD7BBDA9215C1853FD03009163
:10A71000F35301A9F30300AA00058052F51300F9D1
:10A720002108C01ABF3F03D560C240F91502845208
:10A73000151000B960C240F9141440B9BF3F03D5E9
:10A74000201C0853211C4092000001AA943E1812BC
:10A750009402002A2100805260C240F943FFFF9713
:10A76000BF3F03D560C240F9151000B9BF3F03D504
:10A7700060C240F901008052141400B9748E01B90E
:10A7800060C240F939FFFF97F303002A80000034CC
:10A79000600000B0001024910AD0FF97F51340F933
:10A7A000E003132AF35341A9FD7BC3A8C0035FD67E
:10A7B000BF3F03D501C040F902028452221000B904
:10A7C00000C040F9001440B9BF3F03D5C0035FD6B5
:10A7D000217C7C93026861B8820000341F6821B834
:10A7E0002100805201001039C0035FD6227C7C9387
:10A7F00001D0218B006862B860000034200440F969
:10A80000C0035FD6000080D2FEFFFF17E30300AA5B
:10A81000020080D240EC7CD3606860B82001003533
:10A82000457C7C93E003022A62D0228B2400805274
:10A83000646825B8410400F964001039C0035FD68C
:10A84000420400915F0001F161FEFF546003801239
:10A85000FBFFFF17FD7BBEA9FD030091F30B00F981
:10A86000F30300AA87000094E303002A20020035C6
:10A87000654240B924F74FD084800991E00304AACF
:10A88000E103052ADAFFFF971F0013EB21020054B2
:10A89000035841B963010034021C40F9E103052A61
:10A8A000600000D000280391C6CFFF97E30180121B
:10A8B000F30B40F9E003032AFD7BC2A8C0035FD677
:10A8C000E103052AE00304AAC2FFFF97F9FFFF177F
:10A8D00043028012F7FFFF17067440F9660100B4C7
:10A8E0008101F8B7050440F9BF0001EB23010054D2
:10A8F000A50001CBBF0002EBC3000054E20000B48E
:10A90000F00306AA00021FD6C00B8012C0035FD658
:10A91000A0028012FEFFFF1700008052FCFFFF170D
:10A92000FD7BBEA9FD030091F30B00F9F30300AA20
:10A93000001440B980010035430000D0610000D010
:10A940006360329121E8039102368052600000D0AA
:10A95000004404919BCFFF97600000D000940491C5
:10A9600051CBFF9720F74FD0E10313AA0080099144
:10A97000040080520300805202008052A4FFFF971F
:10A980004007F837604200B9600206917F5A01B96A
:10A99000000000A9603640B960000035605E40B933
:10A9A000603600B9601240B9E103002AC0030034E8
:10A9B000220400D10000C05A0010C05A5F0001EA12
:10A9C00000009F1A611640B9602600B9E203012A0F
:10A9D000E1020034430400D12100C05A2110C05AC2
:10A9E0007F0002EA21009F1A220080524020C01AF4
:10A9F000000400514220C11A61020529610240F998
:10AA000042040051623200B90080C4D21F0021EA22
:10AA10002001005400008052F30B40F9FD7BC2A8D6
:10AA2000C0035FD600008052E7FFFF17010080528D
:10AA3000EEFFFF17620640F9010080D2E00313AA7F
:10AA4000A6FFFF971F000071C10B80120410417A0E
:10AA500020FEFF54611E40F9600000D000A8049160
:10AA600058CFFF97ECFFFF1720008052EBFFFF1736
:10AA7000A0028012C0035FD600008012C0035FD620
:10AA8000FD7BBBA9FD030091F35301A9F55B02A96E
:10AA900016000691F76303A918008052F92300F904
:10AAA000790000D0394B059113C040F973C205D12C
:10AAB00077BA40F9F7C205D175C20591BF0216EB0E
:10AAC00001010054F35341A9E003182AF55B42A9A0
:10AAD000F76343A9F92340F9FD7BC5A8C0035FD6FE
:10AAE00061C240F9600206913F0000EB6000005433
:10AAF000E00313AAE3FFFF97E00313AA56FFFF97B3
:10AB0000F403002A4001F836611E40F9E203002AEE
:10AB1000E00319AA2BCFFF97E0BA40F9F30317AA75
:10AB2000F803142A17C005D1E4FFFF17A10240A9BA
:10AB3000200400F9F403182A010000F9BF7E00A9DF
:10AB4000601E40F9B1AAFF97E00313AAAFAAFF97CE
:10AB5000F2FFFF1700008052C0035FD6040040F9E7
:10AB6000843440F9840040F9F00304AA00021FD69F
:10AB7000FD7BBAA9E403012AFD030091F55B02A95C
:10AB8000F503022AF603032A620000D0E303002A39
:10AB900042FC0591F35301A9F403012AC10380D2B9
:10ABA000F303002AE0030191B5CEFF97E003019182
:10ABB000A4C9FF97640000D0E50300AAE7C3009191
:10ABC000E6E30091843C0691E303162AE203152A8A
:10ABD000E103142AE003132AB509009400010035AB
:10ABE000E01B40F9000040F984DAFF97F35341A9D4
:10ABF000F55B42A9FD7BC6A8C0035FD6000080D2EA
:10AC0000FBFFFF17FD7BBCA9FD030091F35301A9D6
:10AC1000F303012AF40302AAF51300F9F50303AACA
:10AC200076DAFF97054440F9E40315AAE3E30091BF
:10AC3000E20314AAE103132AA0003FD6F35341A96B
:10AC4000F51340F9FD7BC4A8C0035FD6FD7BBCA90A
:10AC5000FD030091F35301A9F303012AF40302AAAF
:10AC6000F51300F9F50303AA64DAFF97054040F9EC
:10AC7000E40315AAE3E30091E20314AAE103132A13
:10AC8000A0003FD6F35341A9F51340F9FD7BC4A8BA
:10AC9000C0035FD6FD7BBDA9FD030091F35301A95D
:10ACA000F30300AAF51300F957DAFF97F40300AA9B
:10ACB000E00313AA51DAFF97135019A9540100B504
:10ACC00053028012600000D0009C0691BDCEFF9719
:10ACD000F51340F9E003132AF35341A9FD7BC3A800
:10ACE000C0035FD6F50300AAE00314AA2C09009460
:10ACF000F303002AE0FEFF35E00315AAB10000943B
:10AD0000F303002A80000035E00315AAFB0100943C
:10AD1000F303002AE00314AA23090094EDFFFF17B0
:10AD2000FD7BBFA9FD03009134DAFF97FD7BC1A82D
:10AD3000F0010014FD7BB7A9FD030091F35301A9B5
:10AD4000F303012AF51300F9F50302AA2BDAFF97A2
:10AD5000011040B9C1020034F40300AA600AC11A0C
:10AD600000CC011B40020035E103012AA00AC19A70
:10AD700000D4019BC00100B5020B80D201008052BB
:10AD8000E0E3009141C9FF97823A40F9F35704A9E3
:10AD9000E1E30091E00314AA40003FD6F35341A938
:10ADA000F51340F9FD7BC9A8C0035FD6A00280124D
:10ADB000FBFFFF17FD7BBFA9FD0300910FDAFF9793
:10ADC000CF01009400008052FD7BC1A8C0035FD674
:10ADD00060418012C0035FD660418012C0035FD61D
:10ADE000FD7BB6A9FD030091F35301A9F30302AA69
:10ADF000F55B02A9F50301AAF60304AAF76303A908
:10AE000038008052F77F40B2F96B04A939008052B4
:10AE1000FB2B00F9FB0303AA149C40F9330100B596
:10AE200000008052F35341A9F55B42A9F76343A99F
:10AE3000F96B44A9FB2B40F9FD7BCAA8C0035FD680
:10AE400082BE41B9FA0313AA80DA4639FF7F06A908
:10AE5000417C1053E0CB007980D24639E0A3013920
:10AE600080DE4639E1870139413C48D3FF7F07A99D
:10AE7000007C011BFF7F08A9FF7F09A9007C031349
:10AE8000F8830139E1A70139F53B00F9E0E3013925
:10AE9000E1E70139E2030239F98700B9F64B00F91D
:10AEA0005F0317EBE18301914093979AE08B00B920
:10AEB00080CE40F9C11000940002003580CE40F9E8
:10AEC000E18301915110009480010035E13B40F98C
:10AED000E08B40B92100008BE13B00F9E14B40F9E8
:10AEE0005A0300EB2100008BE14B00F9A1FDFF5458
:10AEF000E003132A3301003460F9FF37610340F99E
:10AF0000D6C2208BB5C2208B73C220CB21C0208B30
:10AF1000610300F9C2FFFF1780008012C2FFFF1714
:10AF2000FD7BBBA9211C001224208052FD0300914F
:10AF300000CC40F9FF7F01A9E12B0079210080526C
:10AF4000FF7F03A9E1C3003921008052FF7F04A9DC
:10AF5000E4230079FF7F02A9E18F0629E1430091F4
:10AF6000E22300F929100094FD7BC5A8C0035FD639
:10AF7000FD7BBBA9211C001224208052FD030091FF
:10AF800000CC40F9FF7F01A9E12B0079210080521C
:10AF9000FF7F03A9E1C3003941008052FF7F04A96C
:10AFA000E4230079FF7F02A9E18F0629E1430091A4
:10AFB000E22300F915100094FD7BC5A8C0035FD6FD
:10AFC000FD7BADA9222080522200A072FD030091DA
:10AFD000F35301A9C3008052F30300AAF55B02A951
:10AFE000F71B00F902BC01B9E20310B201CC40F931
:10AFF000222080F22220C0F202E000F9621080528A
:10B00000210C40B93F0073F2610080523500821A72
:10B01000E2430191010C8012C2FFFF97A015F836A0
:10B02000147C40939F0640B1881400542000805245
:10B03000E06700B960008052E0AB01392020805207
:10B04000FFD300792000A072E06F00B9811640B9EB
:10B050004102183762008052E26700B90200815253
:10B06000E2E3007962018052E2CB0139E07700B976
:10B07000800240391FD00071010100548006403920
:10B0800000A80051001C00121F0400716800005449
:10B0900000018052E0C3013961013036E06740B9F8
:10B0A00000001932E06700B900008152E0430179E5
:10B0B000600D8052E08B0239802080522000A07207
:10B0C000E0A700B9600000B000440791601E00F9DD
:10B0D00060CA40F960A600F9600080526002003941
:10B0E00020008052601600B900808152600600B9CD
:10B0F000739E00F9801A4079810A40B9017C011BD6
:10B10000610600F9618A02B9E1FFFFF02140379141
:10B11000613A00F9E1FFFFF021803791614200F9C7
:10B12000E1FFFFF021603791614600F9801640B9D8
:10B13000600D3837801640B98000703660CE41B956
:10B1400000001B3260CE01B9801640B9800018366D
:10B15000E06740B900781E12E06700B9E06740B9C7
:10B16000E2630191E3670191A102000A200441D347
:10B170003F0079F2E10080520000811AE16B0191F9
:10B1800000087DD3004000912168603861DA0639FB
:10B19000E173019142686038216860B86068603886
:10B1A00061BE01B9211C00124000000B60DE0639AF
:10B1B0003F100071C10E0054800240391F800071A1
:10B1C000600E00541FB00071200E0054E223019164
:10B1D000E00313AA23008052A106805251FFFF977B
:10B1E000000BF837E0234139200D083700001F32EB
:10B1F000E21F019123008052A1008052E027013913
:10B20000E00313AA47FFFF97C009F837E01F413951
:10B2100003008052020080D2C1008052E023013935
:10B22000E00313AA53FFFF97E2230191E00313AA5F
:10B2300043008052210080524EFFFF972008F837CC
:10B24000000080D281C8FF97F50300AAF78793D248
:10B25000E00315AA7DC8FF971F0017EB890400546F
:10B2600061CA40F9600000B0006C0791010800B4A9
:10B27000230840A9610040F952CDFF97A00D80122C
:10B280000F000014821A4039C20000359462009108
:10B29000800A40B980FFFF35740F809207000014C8
:10B2A000421C4092E1430191E00314AA44C8FF9775
:10B2B000E0FEFF3594EBFFB5E003142AF35341A9F8
:10B2C000F55B42A9F71B40F9FD7BD3A8C0035FD60D
:10B2D000540000B094521291EEFFFF1760CE41B9B6
:10B2E0000000003260CE01B993FFFF17E21F019109
:10B2F000E00313AA23008052A100805209FFFF97A8
:10B30000E0FDFF3760CE41B9F61F4139F603362A1A
:10B31000C0010037210080523F000071E0079F1AF2
:10B32000DF02006A60F9FF54E21F0191E00313AAF3
:10B3300023008052A1068052FAFEFF972002F836C1
:10B34000A0028012DEFFFF17E21F0191E00313AAA3
:10B3500023008052010E8052F2FEFF9700FBFF3760
:10B36000E11F413921001912ECFFFF17420000F0E4
:10B37000410000F042102891213C2891BFFFFF17A7
:10B38000E01F4139E0FDFF34C0FD0F3660D2463981
:10B3900020030035802240796000003460D20639F5
:10B3A00015000014610640F90020A0D23F0000EB18
:10B3B000A90300548000805260D2063980024039CF
:10B3C0001F04007160000054801640B940015836D7
:10B3D00061DA4639600000D0004C2291020080D230
:10B3E000030040397F00016B4101005401044039E2
:10B3F00061DA063960D246391F10007128FAFF540D
:10B4000074D200F94001005400008052ACFFFF17D5
:10B4100042040091000800915F1800F121FEFF54E2
:10B42000F4FFFF1760008052DDFFFF1780024039F4
:10B430001F040071A0FEFF54801640B960FE5F3704
:10B4400060CE41B980003036600000B000F4079152
:10B45000DCCCFF9760D240F9000040391FB000718A
:10B4600040020054280100541F800071E001005484
:10B47000E00F80126242079123008052E102805265
:10B4800060420739180000141F080371A00000541F
:10B490001FBC0371600000541F740271A1FEFF54B1
:10B4A000140080520700001434008052E00313AAF5
:10B4B00003008052020080D2C1008052ADFEFF978F
:10B4C000E00313AA03008052020080D20109801217
:10B4D000A8FEFF97B4F9FF3403008052020080D227
:10B4E00081008052E00313AAA2FEFF97C7FFFF1757
:10B4F00060418012C0035FD60AFDFF17D6FCFF171C
:10B50000FD7BBEA9FD030091F35301A9F40300AA3A
:10B510003AD8FF97F30300AAE00314AA31D8FF97A3
:10B52000000040B960000034600240F937A8FF977E
:10B53000F35341A900008052FD7BC2A8C0035FD62F
:10B54000FD7BBEA9FD030091F35301A9F40300AAFA
:10B550002AD8FF97F30300AAE00314AA21D8FF9783
:10B56000010040B9C1000034217C4093800080D2AA
:10B570003DAAFF97600200F9A00000B400008052CD
:10B58000F35341A9FD7BC2A8C0035FD660018012BE
:10B59000FCFFFF17FD7BB7A9E403022A03008052DA
:10B5A000FD030091F35301A9E5030191F40301AAFE
:10B5B000F51300F9620000B0610000B042EC0891A0
:10B5C000004840F9213C0991BBDDFF97F303002AB5
:10B5D00040020035E12340F9E2E30091200C805263
:10B5E00048DCFF97F303002A80010035E01F40F993
:10B5F000010040F9353440F9800200F9A20240F917
:10B60000620100B4E1030191E00314AA40003FD6B7
:10B6100080010034F303002AF51340F9E003132AF4
:10B62000F35341A9FD7BC9A8C0035FD6E04B40B9E5
:10B630001F04007101010054E04F40B9800600F979
:10B64000A10640F9A1FEFFB4E00314AA20003FD6F2
:10B65000F1FFFF17B3028012F0FFFF17FD7BBDA9BA
:10B66000FD030091F35301A9F40300AAF51300F9B7
:10B67000000040F9E1D7FF97F50300AA800240F9E6
:10B68000D8D7FF97000040B9810240F9210040F966
:10B69000233440F9A0010034A10240F9930640F997
:10B6A00062F67ED3330813AB20010054206862B8E1
:10B6B00000040011206822B81F0400718D0000549E
:10B6C000200E801205000014130080D2610C40F996
:10B6D000C10000B500008052F35341A9F51340F9B1
:10B6E000FD7BC3A8C0035FD6E00314AA20003FD6A9
:10B6F00020FFFF3433FFFFB4610240B92104005141
:10B70000610200B9F5FFFF17FD7BBDA9FD030091A4
:10B71000F35301A9F40300AAF51300F9000040F95E
:10B72000B6D7FF97F50300AA800240F9ADD7FF977F
:10B73000000040B9810240F9210040F9233440F96A
:10B74000C0010034A10240F9930640F962F67ED3AD
:10B75000330813AB40010054206862B81F00007129
:10B76000CD02005400040051206822B8800000344B
:10B77000E001801205000014130080D2611040F92E
:10B78000C10000B500008052F35341A9F51340F900
:10B79000FD7BC3A8C0035FD6E00314AA20003FD6F8
:10B7A00020FFFF3433FFFFB4610240B921040011D0
:10B7B000610200B9F5FFFF17200E8012F3FFFF179B
:10B7C000FD7BBAA9FD030091F35301A9F40300AA7C
:10B7D000F55B02A9F76303A9004840F96006F8B7D2
:10B7E000351C001203008052620000B0610000B0FE
:10B7F00042EC0891213C0991B802001248DDFF9704
:10B80000F603002A1300805217008052DF02176BE4
:10B810006C020054DF020071B5020052E0D79F1A9B
:10B820001F00156A00010054E00314AA9DD7FF977A
:10B83000E12740F93F0000EB61000054E00314AA47
:10B84000A0D7FF97F55B42A9E003132AF35341A960
:10B85000F76343A9FD7BC6A8C0035FD6E203172A9E
:10B86000E1230191E00314AA4BFFFF97F303002AA1
:10B87000A0FEFF35E02301911801003478FFFF9707
:10B880001FC801314100005400008052F70600112A
:10B89000F303002ADEFFFF179CFFFF971FC801314B
:10B8A0000418503AF8FFFF1713008052E6FFFF1705
:10B8B00021008052C3FFFF17FD7BBCA9FD0300914F
:10B8C000F35301A9F51300F9000040F9E5D7FF97FC
:10B8D000F30300AA00C49ED2E1E30091220080524B
:10B8E000E000A0F2C494FF97F403002A600300353F
:10B8F000F53B40B9604640B9A002002A604600B955
:10B90000200080D21AC7FF97604A40B9B502002ACA
:10B91000754A00B9000080D2CCC6FF97F50300AA93
:10B92000604E40B9BF3F03D51F1C0072A1000054F8
:10B93000E00315AAC5C6FF971F9C0FF129FFFF540E
:10B94000E00315AAC1C6FF971F9C0FF168000054C1
:10B95000604E40B9BF3F03D5F51340F9E003142A08
:10B96000F35341A9FD7BC4A8C0035FD6FD7BBEA9EC
:10B97000FD030091F30B00F9F30300AA1CD7FF9716
:10B98000A00000B4130000F9F30B40F9FD7BC2A83E
:10B99000CAFFFF17F30B40F9A0028012FD7BC2A87B
:10B9A000C0035FD6FD7BBEA9FD030091F35301A93F
:10B9B000F40300AA0BD7FF97800B00B4F30300AA8F
:10B9C00082078012804A40F9610000B021180A9174
:10B9D0001ADCFF97601600B982078012610000B080
:10B9E000804A40F921780A9114DCFF97601A00B967
:10B9F00082078012610000B0804A40F921D80A9184
:10BA00000EDCFF97601E00B982078012610000B053
:10BA1000804A40F9213C0B9108DCFF97602200B975
:10BA200082078012610000B0804A40F921980B9192
:10BA300002DCFF97602600B902008052610000B06E
:10BA4000804A40F921F40B91FCDBFF97602A00B992
:10BA5000610000B021480C91804A40F9E6DCFF9774
:10BA600060BA0039610000B021AC0C91804A40F905
:10BA700051DCFF97F40300AA6004F8B7610000B03E
:10BA800021FC0C91DCDCFF970000005260FA0039C9
:10BA9000610000B06202019121600D91E00314AADF
:10BAA000E3DBFF9760000034601A40B9604200B9E0
:10BAB000611640B93FF4003120010054601A40B9CA
:10BAC0001FF40031C00000543F00006B810000549F
:10BAD000603A40B900000032603A00B9612240B9D2
:10BAE0003FF4003180000054602640B91FF400315B
:10BAF0000101005400008052F35341A9FD7BC2A80C
:10BB0000C0035FD62000805260FA0039E7FFFF17BC
:10BB10003F00006B01FFFF54603A40B900001F3244
:10BB2000603A00B9F4FFFF17A0008012F3FFFF177F
:10BB3000FD7BBBA9FD030091F35301A9F30300AA08
:10BB4000F55B02A9750000B0B56A0E91F76303A911
:10BB5000A4D6FF97F40300AA604A40F9610000B040
:10BB600021D00D91A4DCFF9780B20039610000B0B4
:10BB700021200E91604A40F99FDCFF9780B6003982
:10BB8000E10315AA604A40F9EFDBFF97801A00F93C
:10BB9000800200B4981A40F9E00318AA88C5FF97FC
:10BBA000E1230191F60300AA000D805290D9FF977E
:10BBB00060000035E02740F9000200B5801640F92A
:10BBC0001F3C60F26105005400008052F35341A90C
:10BBD000F55B42A9F76343A9FD7BC5A8C0035FD607
:10BBE000604A40F90BDCFF97801A00F940FDFFB571
:10BBF000A0028012F6FFFF177F0200EB81000054C5
:10BC0000E02301918CD9FF97EBFFFF1775D6FF97C3
:10BC1000F70300AA001840F969C5FF97DF02006B1F
:10BC200001FFFF54E01A40F9E10318AA44C5FF9749
:10BC300080FEFF35841A40F9600000B000A40E9128
:10BC4000F30000B5420000F0410000F0E30315AA44
:10BC500042102891213C289104000014610A40A957
:10BC6000E30315AA210040F9D6CAFF97E1FFFF17A9
:10BC7000608A40B900001132608A00B9D3FFFF1713
:10BC8000FD7BBEA9FD030091F30B00F9F30300AAAD
:10BC900088D6FF97000100B4010040F9C10000B44C
:10BCA000E00313AAF00301AAF30B40F9FD7BC2A83D
:10BCB00000021FD6F30B40F9A0048012FD7BC2A83E
:10BCC000C0035FD6FD7BBDA9FD030091F35301A91D
:10BCD000F303012AF51300F9F50300AA75D6FF97BF
:10BCE000400300B4F40300AA000840F9E00200B4E5
:10BCF000E00315AA3BD6FF97011440B93FF4003189
:10BD0000600000543F00136BAC020054001840B9AF
:10BD10001FF40031600000541F00136B0B0200542D
:10BD20007FF60031C0010054820A40F9E103132A72
:10BD3000F35341A9E00315AAF51340F9F00302AA51
:10BD4000FD7BC3A800021FD6A0048012F35341A9B3
:10BD5000F51340F9FD7BC3A8C0035FD6A002801293
:10BD6000FBFFFF17FD7BBDA9FD030091F35301A964
:10BD7000F303012AF51300F9F50300AA4DD6FF9746
:10BD8000400300B4F40300AA001440F9E00200B438
:10BD9000E00315AA13D6FF97012040B93FF4003104
:10BDA000600000543F00136BAC020054002440B903
:10BDB0001FF40031600000541F00136B0B0200548D
:10BDC0007FF60031C0010054821640F9E103132AC6
:10BDD000F35341A9E00315AAF51340F9F00302AAB1
:10BDE000FD7BC3A800021FD6A0048012F35341A913
:10BDF000F51340F9FD7BC3A8C0035FD6A0028012F3
:10BE0000FBFFFF17FD7BBEA9FD030091F30B00F9BB
:10BE1000F30300AA27D6FF97000100B4011840F9E8
:10BE2000C10000B4E00313AAF00301AAF30B40F928
:10BE3000FD7BC2A800021FD6F30B40F9A0048012BC
:10BE4000FD7BC2A8C0035FD6FD7BBCA9FD030091AA
:10BE5000F35301A9F40300AAF303012AF55B02A935
:10BE6000F76303A913D6FF97E00600B4F70300AA0F
:10BE7000000440F9800600B4E00314AAD9D5FF9766
:10BE8000F60300AA001440B91FF40031600000540A
:10BE90001F00136BCC050054C01A40B91FF40031C9
:10BEA000600000541F00136B2B0500547FF6003117
:10BEB000E0040054C02A40B900040034E00314AA8E
:10BEC000D1FFFF97F803002AE00314AA6DFFFF9744
:10BED000F503002AE20640F9E00314AAE103132A5D
:10BEE00040003FD6F403002AC0010035C12A40B902
:10BEF00081010034BF02007104CB407A200100545C
:10BF00007302156BE003012A7356935A010400D1A2
:10BF100033C0338B600EC09A007C409394C5FF976A
:10BF2000F55B42A9E003142AF35341A9F76343A93F
:10BF3000FD7BC4A8C0035FD6F503132A1800805206
:10BF4000E5FFFF17B4048012F6FFFF17B40280125A
:10BF5000F4FFFF17FD7BBCA9FD030091F35301A97A
:10BF6000F55B02A9F50300AAF71B00F9371C0012C4
:10BF7000D0D5FF97A00500B4F30300AA001C40F938
:10BF8000400500B4E00315AA96D5FF97F40300AA74
:10BF90007700003700B04039C0040037802A40B92C
:10BFA00000040034E00315AA97FFFF97F603002A68
:10BFB000621E40F9E103172AE00315AA40003FD6AC
:10BFC000F303002A20020035802A40B9E001003442
:10BFD000DF020071E40A407A80010054E00315AAF0
:10BFE00028FFFF97E103002A1F000071ED000054B5
:10BFF000802A40B9020400D141C0218B2008C09A98
:10C00000007C40935AC5FF97F55B42A9E003132AD1
:10C01000F35341A9F71B40F9FD7BC4A8C0035FD6C9
:10C0200016008052E3FFFF17B3048012F7FFFF17DB
:10C0300093018012F5FFFF17FD7BBEA9FD03009160
:10C04000F30B00F9331C0012E103132AC2FFFF9720
:10C050001F98003104184D3A000100541F40003170
:10C0600073020052E1179F1A3F00136A61000054E7
:10C070001FC801314100005400008052F30B40F909
:10C08000FD7BC2A8C0035FD6FD7BBEA9FD03009166
:10C09000F35301A9F30300AA341C001285D5FF97BE
:10C0A000200100B4022040F9E20000B4E103142AA8
:10C0B000E00313AAF35341A9F00302AAFD7BC2A82F
:10C0C00000021FD6F35341A9A0048012FD7BC2A831
:10C0D000C0035FD6E30302AAE20301AAE10300AAB8
:10C0E000000D805294D9FF17FD7BBEA9FD0300917E
:10C0F000F35301A9F40300AA3AD5FF97F30300AA6A
:10C10000003840B96007103761FA4039E00314AADB
:10C11000DEFFFF971F98003140000054800000357B
:10C1200060FA4039600100370000805261BA40393E
:10C130006102003601008052E00314AA86FFFF97D7
:10C14000613A40B921001E32613A00B90900001479
:10C15000614240B93FF4003180FEFF54E00314AA6D
:10C16000D9FEFF971F98003100FEFF54E0FDFF3419
:10C17000F35341A9FD7BC2A8C0035FD661B2403929
:10C180006100003761B6403901030036610240B9F1
:10C190003F0C00716100005421008052E7FFFF173F
:10C1A000613A40B981000036611640B9E00314AA33
:10C1B00026FFFF97611E40B93F0000716D000054DB
:10C1C000E00314AA21FFFF97C0FBFF35603A40B996
:10C1D00040FE0F36612240B9E00314AAE2FEFF9749
:10C1E00000FBFF35EDFFFF17600F8012D5FFFF1733
:10C1F000200E8012DFFFFF17FD7BBFA9FD0300911A
:10C20000BAFFFF971F000071610F80120410417A7E
:10C21000E00000541F980071210E80120410417A32
:10C2200000109F1AFD7BC1A8C0035FD6000080529A
:10C23000FDFFFF17FD7BBDA9FD030091F35301A98D
:10C24000F30300AAF40301AAF55B02A961000090C0
:10C25000F50302AA004840F9213C0F915601805293
:10C26000E5DAFF971F0040F240008052D602801AA4
:10C27000604A40F96100009021200E91DEDAFF97BC
:10C28000041C1C538400162AE30314AAE10315AA14
:10C29000E00313AA02008052FEDCFF976000003426
:10C2A0001F080031E1010054604A40F90200805249
:10C2B0006100009021880F91E0D9FF97801A00B9A2
:10C2C0000200805261000090604A40F921E80F911D
:10C2D000DAD9FF97801E00B9C000003400008052F8
:10C2E000F35341A9F55B42A9FD7BC3A8C0035FD608
:10C2F000604A40F9020080526100009021CC0F9109
:10C30000CED9FF97801E00B9F5FFFF17E00301AA01
:10C31000210040F9410000B415DCFF1720008052D5
:10C32000C0035FD6FD7BBCA9FD030091F35301A9B7
:10C33000F55B02A9F60300AA55000012F71B00F9ED
:10C34000200040F9400600B4232040B9F30301AABD
:10C35000571C0012D500003423020034630400117E
:10C36000232000B9340E8012060000147F040071EF
:10C370004901005463040051F4018012232000B9E4
:10C38000F55B42A9E003142AF35341A9F71B40F9D6
:10C39000FD7BC4A8C0035FD663FEFF34E103172A08
:10C3A000E00313AA01DCFF97F403002AE000003445
:10C3B000C10640F9E203172A60000090002810919E
:10C3C00000C9FF97EFFFFF1715010035601E40B948
:10C3D00060000034E003002A65C4FF97602240B982
:10C3E0000004005107000014601A40B960000034D6
:10C3F000E003002A5EC4FF97602240B900040011E8
:10C40000602200B914008052DEFFFF17D5FFFF3510
:10C41000B4048012DBFFFF17FD7BBEA9FD03009172
:10C42000F35301A9341C0012F30300AA67D4FF9749
:10C43000E10300AAE203142AE00313AAF35341A97B
:10C44000FD7BC2A8B8FFFF17FD7BBEA9FD030091CD
:10C45000F30B00F9F30300AA5CD4FF97E10300AAF1
:10C46000E00313AAF30B40F9FD7BC2A8A8FFFF1756
:10C47000FD7BBFA9FD0300915AD4FF97E00000B4F3
:10C48000010044293F00006BA10280120000811AC4
:10C49000FD7BC1A8C0035FD6A0008012FDFFFF177F
:10C4A000FD7BBFA9FD0300914ED4FF97E00000B4CF
:10C4B000018042293F00006BA10280120000811A16
:10C4C000FD7BC1A8C0035FD6A0008012FDFFFF174F
:10C4D000FD7BBDA9FD030091F35301A9F30300AA5D
:10C4E000F51300F939D4FF97F50300AAE00313AA66
:10C4F0003CD4FF97400200B461008052010000B9B3
:10C50000540000F094D21891604A40F9E10314AA53
:10C5100039DAFF971F0040F2420000D042C82F9145
:10C520004200949AE10315AAF51340F9E00313AA17
:10C53000F35341A9FD7BC3A83FFFFF17F35341A964
:10C54000A0008012F51340F9FD7BC3A8C0035FD69D
:10C55000FD7BBFA9FD03009125D4FF97000840B9DA
:10C56000FD7BC1A81F000071E0079F1AC0035FD6C2
:10C57000FD7BBDA9FD030091F35301A9F40300AABB
:10C58000F51300F9351C001219D4FF97F30300AA24
:10C59000E00314AA0DD4FF97F40300AA600240F947
:10C5A0005501003629CEFF97610A40B921040011D8
:10C5B000610A00B9C0010034F35341A9F51340F9F1
:10C5C000FD7BC3A8C0035FD62DCEFF97610A40B99B
:10C5D00021040051610A00B900FFFF35801E40B9F7
:10C5E000A000003500008052F4FFFF17801A40B908
:10C5F000FCFFFF17E003002ADDC3FF97FAFFFF17D8
:10C60000FD7BBEA9FD030091F35301A9F40300AA29
:10C61000F7D3FF97F30300AA010080D2E00314AA26
:10C62000F8CEFF971FFC3FB1600200F900209F1A6F
:10C63000F35341A9FD7BC2A8C0035FD6FD7BBEA911
:10C64000FD030091F35301A9341C0012F30300AA67
:10C65000DED3FF97E10300AAE203142AE00313AA42
:10C66000F35341A9FD7BC2A82FFFFF17FD7BBEA995
:10C67000FD030091F30B00F9F30300AAD3D3FF9756
:10C68000E10300AAE00313AAF30B40F9FD7BC2A863
:10C690001FFFFF17FD7BBDA9FD030091F35301A907
:10C6A000F303012AF40300AAF51300F9C7D3FF9797
:10C6B000011440F9610300B4014840B93F00136B15
:10C6C00061020054014040B93F00007100A0009198
:10C6D000F5079F1AE103152A34DBFF97F303002ABD
:10C6E000C0000034810640F960000090E203152A82
:10C6F0000028109133C8FF97F51340F9E003132A7F
:10C70000F35341A9FD7BC3A8C0035FD6014C40B9D8
:10C710003F00136BA1000054014440B9EBFFFF1729
:10C72000B3048012F5FFFF17B3028012F3FFFF1767
:10C73000FD7BBEA9FD030091F35301A9F40300AAF8
:10C74000A2D3FF97F30300AA001440F9200200B41B
:10C75000E00314AAA3D3FF97018042293F00006B96
:10C76000CC01005460A2009101DBFF97614240B907
:10C770003F00006BA1000054604A40B9F35341A947
:10C78000FD7BC2A8C0035FD6604E40B9FCFFFF1717
:10C79000A0048012FAFFFF17A0028012F8FFFF1713
:10C7A000FD7BBBA9FD030091F35301A9F40300AA8B
:10C7B000F55B02A9F71B00F984D3FF97F30300AAE6
:10C7C000E00314AA87D3FF97000600B481008052CB
:10C7D000010000B963A20091E00314AA4400805252
:10C7E00002008052410000F021D01891A9DBFF9790
:10C7F00076000090804A40F9D6EA1191E10316AA2A
:10C80000E3D8FF978003F837027C4093800080D202
:10C810005F4C00F1E10316AA55FC42D3E2030191FB
:10C82000B592809A804A40F9A37E4093EBD8FF9757
:10C830002002F83775010034E04340B9604A00B97E
:10C84000E04740B9604200B9BF0A0071AD00005432
:10C85000E04B40B9604E00B9E04F40B9604600B9C6
:10C8600062000090E10313AA42041291E00314AAAB
:10C8700071FEFF97F35341A9F55B42A9F71B40F9FD
:10C88000FD7BC5A8C0035FD6A0008012FAFFFF178A
:10C89000FD7BBDA9FD030091F35301A9341C0012D7
:10C8A000F30300AAF51300F9010040F9353440F90B
:10C8B0009F2A007161000054A1018052F5FFFF978B
:10C8C000A20A40F9E103142AE00313AA40003FD66C
:10C8D0001F2C003160FFFF54F35341A9F51340F9B9
:10C8E000FD7BC3A8C0035FD6010040F9213440F9A5
:10C8F000220040F9820000B4417640B9F00302AA58
:10C9000000021FD600008052C0035FD60000805294
:10C91000C0035FD6011C0012400E40F9400000B475
:10C92000DCFFFF17C0035FD6FD7BBEA9FD030091AE
:10C93000F35301A9540E40F9540100B5F35341A932
:10C94000FD7BC2A8C0035FD673060091E00314AA62
:10C95000D0FFFF976102403981FFFF35F8FFFF17D5
:10C96000F30300AAFCFFFF17400E40F9000100B4DA
:10C97000020040F9423440F9420040F9820000B41C
:10C98000417640B9F00302AA00021FD6C0035FD669
:10C99000FD7BBDA9FD030091F35301A9540A40F9A1
:10C9A000D40700B4E00314AA6100009021B01291F2
:10C9B00080BFFF97F30300AAE00200B5E00314AACA
:10C9C0006100009021E012914EBBFF97F303002A13
:10C9D000E2A30091E103132A200E80523CD7FF9777
:10C9E00060030035E01740F9400E00F9410E40F9B0
:10C9F000810000B4411A40F9210078B2411A00F9CF
:10CA0000DAFFFF97F35341A900008052FD7BC3A8D2
:10CA1000C0035FD641078052DFC1FF97000100B419
:10CA20000200134BE10313AAE00314AAF5BAFF971F
:10CA3000F303002AE0FCFF36E1FFFF17E00313AA2F
:10CA4000DFC1FF97E203002AF7FFFF177F020071A3
:10CA5000ED010054407A40F9E2A30091617E4093D9
:10CA600004008052030080D216D4FF9700010035E5
:10CA7000E01740F913D3FF971FC4017181000054E0
:10CA8000E01740F98AD2FF97E0FAFF346000009087
:10CA900000001391FEC2FF97E2A3009101008052B3
:10CAA000200E8052FDD6FF97E0F9FF34E2A30091FB
:10CAB00001008052200E8052DED6FF9740F9FF34ED
:10CAC000E1A30091200E805238D7FF97EFFFFF17A8
:10CAD000FD7BBFA9FD030091C5D2FF97A004801282
:10CAE000FD7BC1A8C0035FD6FD7BBAA9FD03009101
:10CAF000F35301A9F40300AAF51300F9B3D2FF9789
:10CB0000F30300AAE00314AAE8D2FF97F50300AAF2
:10CB1000E00314AA53D3FF971F0400B1E0070054A9
:10CB2000607E00A90200805261000090804A40F9B6
:10CB3000215C1391C1D7FF97601A00B9020080529F
:10CB400061000090804A40F921881391BBD7FF977C
:10CB5000601600B92200805261000090804A40F9BE
:10CB600021B01391B5D7FF97601200B9601E40B98C
:10CB7000E0020035804A40F902008052410000D0B6
:10CB800021542891ADD7FF97601E00B900020035EF
:10CB9000E2E30091E00314AA010080524ACCFF971F
:10CBA00040020035E0E3009161CCFF971F04403163
:10CBB00048000054601E00B9601E40B98000003576
:10CBC00000209C52A0BEA072601E00B9BF0600717A
:10CBD000E1028052E00080520010811A602200B908
:10CBE0000000805209000014029800115F9000714B
:10CBF000C800005421008092E1FEBFF2E1FDDFF2A7
:10CC00002128C29AA1FD0736F35341A9F51340F933
:10CC1000FD7BC6A8C0035FD6A0028012FBFFFF17F2
:10CC2000030040F9021880B9001440B94200038B98
:10CC30002120C01A217C4093406861B8C0035FD6B0
:10CC4000FD7BBFA9FD03009169D2FF97040C40F959
:10CC5000A1008052E00304AAF2FFFF97A000003673
:10CC6000FD7BC1A8E00304AA01008052EDFFFF177D
:10CC700040018012FD7BC1A8C0035FD6FD7BBEA929
:10CC8000FD030091F30B00F9331C001258D2FF97FB
:10CC9000000C40F9A1008052D3000036E1FFFF975D
:10CCA00000000012F30B40F9FD7BC2A8C0035FD661
:10CCB000DCFFFF971F007BF2E0179F1AFAFFFF17B8
:10CCC000030C40F9640040F9601880B9631440B95E
:10CCD0000000048B2120C31A217C4093026821B8F4
:10CCE000C0035FD6FD7BBEA9FD030091F30B00F9E5
:10CCF000331C00123ED2FF97E40300AA000C40F957
:10CD0000A1008052C7FFFF97A0012836E203132A33
:10CD1000E00304AA01008052EAFFFF977F2A007116
:10CD2000A000005400008052F30B40F9FD7BC2A824
:10CD3000C0035FD63FA5FF97FBFFFF17400180129E
:10CD4000FAFFFF17FD7BBEA9FD030091F30B00F96D
:10CD5000F303012A26D2FF9762061E126106001213
:10CD60005F30007173061C12600A507A8101005412
:10CD70003F0C0071400100544200009042682E9127
:10CD80004268E13861008052CEFFFF970000805278
:10CD9000F30B40F9FD7BC2A8C0035FD6604180124F
:10CDA000FCFFFF17FD7BBFA9E50300AAE603012AEC
:10CDB000FD030091000C40F96100805299FFFF973C
:10CDC000077818120200193261008052E00305AAA8
:10CDD000BCFFFF97E00305AAC21C001201008052AD
:10CDE000B8FFFF97E00305AAC23C48D32100805258
:10CDF000B4FFFF97FD7BC1A8E203072AE00305AA61
:10CE000061008052AFFFFF17FD7BBEA9FD030091BB
:10CE1000F30B00F9F303012AF5D1FF97020C40F957
:10CE2000616E1C53736E1D53421C40B97302020B9A
:10CE3000610AC11ADCFFFF97F30B40F90000805232
:10CE4000FD7BC2A8C0035FD6E50300AAE603012A62
:10CE5000FD7BBFA9FD030091A00C40F9A100805209
:10CE600070FFFF97A0FF3736E00305AA020080524B
:10CE70002100805293FFFF97E00305AA62008052D1
:10CE8000810080528FFFFF97A00C40F94100805233
:10CE9000022040B9E00305AA8AFFFF976200805292
:10CEA000E00305AAE103022A86FFFF97DF040031B1
:10CEB000A0000054FD7BC1A8E103062AE00305AAF7
:10CEC000B9FFFF17FD7BC1A8C0035FD6FD7BBDA9DD
:10CED000FD030091F35301A9F30300AABBD1FF970F
:10CEE000E00313AAC2D1FF97E1830091F40300AAE3
:10CEF000E00313AA3A12009460000035E083009129
:10CF0000D9110094E00313AAB0D1FF97800E00F965
:10CF100001008012E00314AACCFFFF97F35341A94C
:10CF200000008052FD7BC3A8C0035FD6FD7BBDA976
:10CF3000FD030091F35301A9F40300AAF55B02A9D4
:10CF4000F503022A020040F9563440F9C21640F9AE
:10CF5000020200B440003FD6F303002AE00100348F
:10CF60006000009000901591140300B4810A40A95C
:10CF7000E303132A210040F912C6FF97F55B42A98B
:10CF8000E003132AF35341A9FD7BC3A8C0035FD676
:10CF9000B3028012F3FFFF17C21A40F9220100B456
:10CFA000E103152AE00314AA40003FD6F303002A48
:10CFB00060FEFF346000009000181691EBFFFF1731
:10CFC000B3028012FCFFFF17420000D0410000D0E6
:10CFD000E303132A42102891213C2891E7FFFF1711
:10CFE000FD7BBEA9FD030091F35301A9F40300AA40
:10CFF00079D1FF97F30300AAE00314AA82D1FF9727
:10D00000140000F9610A40B9010800B9610E40B985
:10D01000010C00B901018052011000B900008052DA
:10D02000F35341A9FD7BC2A8C0035FD6FD7BBEA917
:10D03000FD030091F35301A9F40300AA6FD1FF97F8
:10D04000F30300AA02008052804A40F9410000F038
:10D05000219C169179D6FF97600200B9000080529A
:10D06000F35341A9FD7BC2A8C0035FD6FD7BBCA9D9
:10D07000FD030091F35301A9F55B02A9F50300AA92
:10D08000F76303A9181840F9000340F9163440F972
:10D09000E00318AA59D1FF97F40300AAE00315AAE8
:10D0A00059D1FF97015C4129930240B93303003401
:10D0B000610000347F02016B7392811A800640B9CF
:10D0C0001F00136B81000054800A40B91F00176BCA
:10D0D000E0000054E203172AE103132AE00318AA30
:10D0E00093FFFF972002003593DE0029C10240F92B
:10D0F000A10100B4F35341A9E00315AAF55B42A9CD
:10D10000F00301AAF76343A9FD7BC4A800021FD660
:10D110003F00007113D490523300A0723310931A61
:10D12000E7FFFF1700008052F35341A9F55B42A9C6
:10D13000F76343A9FD7BC4A8C0035FD6011840F97B
:10D14000210040F9213440F9210440F9610000B484
:10D15000F00301AA00021FD6C0035FD6051840F9EC
:10D16000A60040F9A52040F9C63440F9A50440F9CD
:10D17000A50840B9BFD80171A1000054C50C40F901
:10D18000A50000B4F00305AA00021FD6C00B801250
:10D19000C0035FD6A0048012FEFFFF17000040F915
:10D1A000B3FFFF17000040F9E5FFFF17000040F94B
:10D1B000EBFFFF17FD7BBFA9FD03009106D1FF9791
:10D1C000800000B4000040B9FD7BC1A8C0035FD659
:10D1D00020008012FDFFFF17FD7BBCA9FD0300911D
:10D1E000F35301A9F40300AAF55B02A9F60302AA0E
:10D1F000F503012A020040F9423440F9431C40F98A
:10D20000230300B4E2C3009160003FD6F303002A79
:10D21000A0020034400000F000E41691740100B454
:10D22000810A40A9E403132AE303152A210040F9E7
:10D2300064C5FF97F55B42A9E003132AF35341A9A4
:10D24000FD7BC4A8C0035FD6420000B0410000B01F
:10D25000E403132AE303152A42102891213C289164
:10D26000F4FFFF17E1E30091E00314AAE9D0FF9770
:10D27000E01F40F9600000B553028012EEFFFF1777
:10D28000D5D0FF97000040B91F00156BA1000054D6
:10D29000E01F40F913008052C00200F9E6FFFF17BB
:10D2A000E0E30091E3D0FF97F2FFFF17FD7BB9A900
:10D2B000FD030091F35301A9F55B02A9F503022ACE
:10D2C000F60307AAE2830191F76303A9F803032A8F
:10D2D000F70306AAF96B04A9F903012AFA0304AAC1
:10D2E000E103002AFB7305A9FC03002AFB0305AA3E
:10D2F000C00E8052E9D4FF97E0010034F303002A06
:10D30000E203002AE1031C2A400000F000601791AC
:10D310002CC5FF97F55B42A9E003132AF35341A9FB
:10D32000F76343A9F96B44A9FB7345A9FD7BC7A823
:10D33000C0035FD6E03340F9E2A30191E103192A6B
:10D34000A6FFFF97F303002A5F0300F10018533A8A
:10D3500081070054E03340F9E3A30191E2031BAAE3
:10D36000E1031AAAD4D1FF97F303002A40FDFF3549
:10D37000E03740F998D0FF97190000B9F40300AAEC
:10D38000F5030034E003152A80620129E03740F9F3
:10D39000018840B90101003745D0FF97F303002A07
:10D3A000A0FBFF35E03740F997D0FF97E13740F910
:10D3B000010000F9E03740F993D0FF97F90300AA84
:10D3C000E03340F98DD0FF97FA0300AA000440B97A
:10D3D000A006003435070035940000B4800E40B933
:10D3E0001F00186B21070054E03340F9E00200F9F8
:10D3F00013008052D90200F9C7FFFF17E13340F94B
:10D40000400000F000701891010100B4240840A908
:10D41000830C8052810040F9EAC4FF9700D49052F7
:10D420002000A072D9FFFF17420000B0410000B0F9
:10D4300042102891213C2891830C8052F7FFFF175E
:10D4400080020034E13340F9400000F000C417913D
:10D45000010100B4260840A9E503132AE403192AB0
:10D46000E3031C2AC10040F9D6C4FF97AAFFFF17A7
:10D47000420000B0410000B0E503132AE403192A7A
:10D48000E3031C2A42102891213C2891F7FFFF1743
:10D49000E03740F9C0F7FFB44FD0FF97F40300AA7C
:10D4A000BBFFFF17E00319AA3DFFFF97F303002A14
:10D4B00020F9FF3498FFFF17400740B9E0F8FF3428
:10D4C0001F00156BA0F8FF54E03340F9E203182A5F
:10D4D000E103152A96FEFF97F303002A60F8FF3454
:10D4E000E00319AA30FFFF978BFFFF17FD7BBCA954
:10D4F00002008012FD030091F35301A9F40300AA76
:10D50000F55B02A9F50301AA410000B0F71B00F981
:10D5100021443A91004840F948D5FF97A00200B94C
:10D5200002D49052410000F0804A40F92200A072DB
:10D53000219C169141D5FF97A00A00B9410000F047
:10D5400021281991804A40F92BD6FF97161C00120A
:10D55000804A40F9410000F0214C199126D6FF97EE
:10D56000171C0012804A40F9410000F02170199107
:10D5700021D6FF97001C1E531604162A410000F006
:10D58000804A40F921A019911BD6FF97131C001265
:10D59000804A40F9410000F021C8199116D6FF9742
:10D5A000001C19531310132A410000F0804A40F95F
:10D5B0007302162A7302172A21081A912200805238
:10D5C0001ED5FF971F100071200300541F2000710B
:10D5D000200300541F0800714100005473021732E9
:10D5E000804A40F9410000F022008052214C1A91FB
:10D5F00012D5FF971F100071200200541F200071E8
:10D60000200200541F0800714100005473021432BC
:10D61000B30E00B900008052F35341A9F55B42A953
:10D62000F71B40F9FD7BC4A8C0035FD67302163216
:10D63000ECFFFF1773021232EAFFFF177302133277
:10D64000F4FFFF1773021132F2FFFF17FD7BBEA933
:10D65000FD030091F30B00F9F30300AADECFFF975F
:10D66000E10300AA604A40F9A000F8B7E00313AA5A
:10D67000F30B40F9FD7BC2A89DFFFF17F30B40F9A8
:10D6800000008052FD7BC2A8C0035FD6FD7BBEA90F
:10D69000FD030091F35301A9F403012AD4CFFF97AE
:10D6A000F30300AA000440F980020094600640F9E8
:10D6B000E103142AAC02009460864239600000360F
:10D6C000600640F97F020094600640F97102009400
:10D6D000F35341A900008052FD7BC2A8C0035FD66E
:10D6E00022084039E201003622204039620000342D
:10D6F000222840392203003622604039620000347B
:10D7000022684039A2020036222840B922020034A1
:10D710002384403963000012020080520900001483
:10D7200022284039A20100372268403962010037BF
:10D730002284403903008052E203222A4200001270
:10D740004200032A02010034C3000034F50500142E
:10D7500023008052F1FFFF1703008052EFFFFF17F5
:10D760000D06001400008052C0035FD6FD7BBFA9E8
:10D77000FD0300919ECFFF97003C40F9A00000B44C
:10D78000FD7BC1A8010840B9000040F9C90F001491
:10D7900000008052FD7BC1A8C0035FD6FD7BBAA903
:10D7A000222080D2E213C0F2FD030091FF7F02A984
:10D7B000E21300F9E20300B2FF7F04A9E22300F9BB
:10D7C00062008052FF7F05A9F30B00F9F30300AA62
:10D7D000FF7F03A9E24B00B9E12B00F9E18300913F
:10D7E0001E03009480000035E1830091E00313AA3A
:10D7F00030030094F30B40F9FD7BC6A8C0035FD64D
:10D80000FD7BBEA9FD030091F35301A9F403012A96
:10D8100077CFFF97F30300AA010040B9000440F955
:10D82000E203142A3C020094600640F9E203142A41
:10D83000610240B963125129651A5229F35341A973
:10D84000FD7BC2A86E020014FD7BB9A9FD03009107
:10D85000F35301A9F403012AF55B02A9F60300AA18
:10D86000F76303A9F96B04A9FB2B00F960CFFF97BD
:10D87000F30300AA000440B9740000341F00146BC5
:10D8800042000054F403002A600640F907020094A5
:10D89000607640B98001F837E103142AE00316AA44
:10D8A000D8FFFF97600640F921008052627640B9A8
:10D8B0000A020094600640F915008052F5010094B8
:10D8C0001B000014606E40B91F00146B000400546C
:10D8D000E00316AA46CFFF97F80300AA0148885232
:10D8E000E00316AAE101A072FF7F0D29190740F994
:10D8F000C4FFFF970200805221008052E00319AA62
:10D90000F6010094E00319AAE2010094E1A3019159
:10D91000E00318AAA2FFFF97F503002AA002003433
:10D92000400000F000001B919B9EFF97F35341A91C
:10D93000E003152AF55B42A9F76343A9F96B44A9F3
:10D94000FB2B40F9FD7BC7A8C0035FD6606640B9DA
:10D950001F00146BE1FBFF54756A40B9E00316AA7F
:10D9600015FEFF97BF02006B41FBFF54D2FFFF176C
:10D970001B008012FA031B2A17008052E103142AAD
:10D98000E00316AA9FFFFF97E00319AAC7010094BE
:10D99000E203172A21008052E00319AACF01009464
:10D9A000E00319AABB010094E1B30191E00318AAB6
:10D9B0007BFFFF97F503002A40FBFF35E1034D296C
:10D9C0005F070031C10100543F00006B7B03971AD1
:10D9D000FA029A1AF7060011FF42007161FDFF5426
:10D9E0005F07003121010054400000F095008012D3
:10D9F000007C1B91689EFF97CDFFFF173F00006BD7
:10DA000000020054FB060051E00319AA5A031B0B45
:10DA1000A601009442008052E00319AA210080521E
:10DA2000420FC21AAD010094146700B9E00316AAB0
:10DA3000E1FDFF97006B00B9746E00B99EFFFF1700
:10DA4000FB03172AE4FFFF1700008052C0035FD6D4
:10DA5000FD7BBDA9FD030091F35301A9F30301AAC6
:10DA6000F55B02A9F50300AA000040F9001840F98F
:10DA7000DFCEFF97F40300AA160440F9A00240F994
:10DA8000CDFDFF97E103002A82824239E00316AA06
:10DA9000C6010094602640B91F040071602240391D
:10DAA00021020054611A40F9E10100B4000400347D
:10DAB000602A40B91F20007168000054809A40B964
:10DAC00060030036E10313AAE00314AA07030094DD
:10DAD00060050034F35341A9F55B42A9FD7BC3A85F
:10DAE000C0035FD680030034601A40F9400300B4DD
:10DAF000602A40B91F20007168000054809A40B924
:10DB0000A0020036E10313AAE00314AAC60300949E
:10DB100020FEFF35F55B42A9E10313AAE00314AA36
:10DB2000F35341A9FD7BC3A8FE030014E10313AA2C
:10DB3000E00314AA49020094E0FCFF35F55B42A91A
:10DB4000E10313AAE00314AAF35341A9FD7BC3A880
:10DB500058020014E10313AAE00314AAA2020094DD
:10DB6000A0FBFF35F55B42A9E10313AAE00314AA69
:10DB7000F35341A9FD7BC3A89C020014808A42395B
:10DB8000E10313AAC0000036F55B42A9E00314AA22
:10DB9000F35341A9FD7BC3A8ACFFFF17F55B42A976
:10DBA000E00314AAF35341A9FD7BC3A809030014A1
:10DBB00000008052C0035FD600008052C0035FD6D1
:10DBC000FD7BBAA9FD030091F35301A9F51300F9F8
:10DBD000F50300AA7DCEFF97F40300AAE00315AA7F
:10DBE00083CEFF97F30300AA800640F9600600F990
:10DBF000800A40F9600A00F9806240396082023987
:10DC0000801E40B9601A00B9802240B9601E00B978
:10DC1000802640B9602200B9803640B9607600B9EC
:10DC2000801640F9601600F9800240B9600600B91C
:10DC3000803A40B9608200B9803E40B9608600B940
:10DC4000804240B9608A00B9804640B9608E00B910
:10DC5000804A40B9609200B9804E40B9609600B9E0
:10DC6000805240B9609A00B96000083620008052A6
:10DC7000608A0239600240B900010035E2E3009198
:10DC8000E00315AA010080520FC8FF97200400345A
:10DC90005289FF97600200B9E00315AAEE0E0094C6
:10DCA000603E00F9400000B46F0E0094606240B91D
:10DCB000A0000035E00313AA7C01009420008052EC
:10DCC000606200B9610240B9E03F99D24073A7F2A7
:10DCD0002000008B0008C19A41068052007C011B85
:10DCE000410000F0607200B9210C1C91E00315AAFC
:10DCF0007ECEFF9740010036E00315AAADFFFF97E7
:10DD0000F35341A9F51340F9FD7BC6A8C0035FD6C4
:10DD1000E0E3009106C8FF97DFFFFF17E00315AAB5
:10DD2000A6FFFF97F7FFFF17FD7BBFA9FD0300913B
:10DD3000019040B9400A40F974B4FF971F00007188
:10DD400000A09F5AFD7BC1A8007C4093C0035FD612
:10DD5000FD7BBDA9FD030091F35301A9F40300AAC3
:10DD6000F51300F919CEFF97F30300AAE00314AAF4
:10DD70001FCEFF97F50300AA01008052E00314AA0A
:10DD8000C4CEFF97600600F962A200912100805284
:10DD9000E00314AAABCEFF97600A00F9410000F03F
:10DDA00021501C91804A40F913D4FF9760620039DA
:10DDB00002108052410000F0804A40F9219C1C91E1
:10DDC0001ED3FF97601E00B982008052410000F010
:10DDD000804A40F921DC1C9118D3FF97602200B9DA
:10DDE00002008052410000F0804A40F9211C1D9140
:10DDF00012D3FF97602600B9611640F9E05B40B28C
:10DE00003F0000EB6900005420008052A0860239D8
:10DE1000E00314AAC5FFFF97F50300AA2001F8B696
:10DE2000400000F000701D9166C2FF974002801212
:10DE3000F35341A9F51340F9FD7BC3A8C0035FD696
:10DE400002249452410000F0E200A072219C16913D
:10DE5000FAD2FF97600200B902208052E00315AAAF
:10DE6000410000F0212C1E91F4D2FF97603A00B9D6
:10DE700002028052E00315AA410000F021541E91D5
:10DE8000EED2FF97603E00B902198052E00315AA56
:10DE9000410000F021801E91E8D2FF97604200B956
:10DEA000E21F8052E00315AA410000F021B81E9144
:10DEB000E2D2FF97604600B982028052E00315AAC1
:10DEC000410000F021F01E91DCD2FF97604A00B9BA
:10DED00082028052E00315AA410000F021281F9120
:10DEE000D6D2FF97604E00B9410000F021601F912B
:10DEF00002008012E00315AAD9D2FF97603600B95C
:10DF0000E00314AAE9CDFF97000440B9605200B9BC
:10DF100000008052C7FFFF1702604039211C001229
:10DF20002201003403644039E300003400018052D0
:10DF30000008C31A007C021B41000036007C01531C
:10DF4000C0035FD600008052FEFFFF17FD7BBDA916
:10DF5000FD030091F35301A9130080D2F55B02A9E0
:10DF6000F50300AA000080D238BDFF97F40300AA91
:10DF7000F67082D2E00314AA34BDFF971F0016EB9F
:10DF800049010054017182D2400000F000942091B8
:10DF90000CC2FF9700008052F35341A9F55B42A9E0
:10DFA000FD7BC3A8C0035FD6A2A0FF97A00240B923
:10DFB000BF3F03D5C000F836730600917F0E00F115
:10DFC000A1FDFF5420008052F4FFFF17130080D200
:10DFD000E9FFFF17421C1053211C14532100022A91
:10DFE000001C18532000002AC0035FD6E20300AAD9
:10DFF00020084039E001003620204039600000341C
:10E000002028403960010036202840B960010034E2
:10E010002084403900000012409802392004403921
:10E020001F200071E900005460418012C0035FD6D8
:10E0300000008052F9FFFF1720008052F7FFFF1702
:10E04000230000D063A02D916078E07800FFFF37B7
:10E05000408C0239202440391F20007168FEFF5493
:10E060006078E07840FEFF374090023920804039E8
:10E070001F200071A8FDFF546078E07880FDFF3715
:10E080004094023900008052E9FFFF17C0035FD6B9
:10E09000010040B9BF3F03D521000032BF3F03D587
:10E0A000010000B9C0035FD6010040B9BF3F03D5EE
:10E0B00021781F12BF3F03D5010000B9C0035FD60E
:10E0C000010040B9BF3F03D521001932BF3F03D53E
:10E0D000010000B9C0035FD6FD7BBFA9E503012A9B
:10E0E000FD030091F1FFFF97031040B9BF3F03D537
:10E0F00061000032BF00007163781F126300811A53
:10E10000430C1F33BF3F03D5FD7BC1A8031000B9EB
:10E11000E0FFFF17FD7BBFA9E303012AFD03009188
:10E12000E2FFFF97050040B9BF3F03D563040051EC
:10E1300046781F536104020BE2018052A56C09125C
:10E140002108C61A210400513F3C00712190821A17
:10E15000A14C012ABF3F03D5FD7BC1A8010000B936
:10E16000CCFFFF17FD7BBFA9E30300AAE203012A4E
:10E17000FD030091CDFFFF97000040B9BF3F03D5DD
:10E1800000741D124200083600001F3242001E5368
:10E190004200002ABF3F03D5FD7BC1A8620000B941
:10E1A000E00303AABBFFFF17FD7BBFA9E503012A1C
:10E1B000E40300AAFD030091BCFFFF97030040B9F0
:10E1C000BF3F03D50201003462001732A20C1633A0
:10E1D000BF3F03D5FD7BC1A8820000B9E00304AABC
:10E1E000ACFFFF1720008052627816120020C51A7B
:10E1F000E003202A050C0012F5FFFF17FD7BBFA9E5
:10E20000E903012AE83F9952FD0300914873A77280
:10E21000E70300AAA5FFFF972001080B4800080BA1
:10E220000008C91A0209C21A0100020B3F00036B61
:10E23000480000546300014B2104000B3F00056BB4
:10E2400048000054A500014B7F00026B01040051FF
:10E250006320821AA500010B6300010BC604005164
:10E2600081040051C600000BA508C01A2100000B54
:10E27000C608C01A2108C01AA51C18536308C01A82
:10E28000C61C0012211C10532100062AA360032A79
:10E290002100032ABF3F03D5FD7BC1A8E10C00B9D3
:10E2A000E00307AA7BFFFF17FD7BBFA9E20300AADB
:10E2B000FD030091000440F97CFFFF97400440F902
:10E2C000011440B9BF3F03D5400C502921340A1234
:10E2D000633C10536010002A0000012ABF3F03D5A1
:10E2E000410440F9201400B9BF3F03D5400440F970
:10E2F0001F2400B9401840B9007C0153BF3F03D52B
:10E30000410440F9201800B9BF3F03D5400440F94B
:10E310001F4400B9FD7BC1A8400440F95DFFFF1711
:10E32000FD7BBEA9FD030091F35301A9F30300AAED
:10E33000BF3F03D5019000B921000032BF3F03D594
:10E34000F4E18452019000B9609240B9BF3F03D517
:10E35000E0010836200080D29406005184BCFF976B
:10E36000B49FFF979F06003101FFFF54400000D08B
:10E370000058219113C1FF9708000014BF3F03D537
:10E38000000080527F9200B905000014E00313AA38
:10E39000EFFEFF9740FFFF3580008012F35341A945
:10E3A000FD7BC2A8C0035FD6230040397F080071FF
:10E3B000E1010054030440F92110403964E040B900
:10E3C000BF3F03D5E31F80522120C21A6320C21A27
:10E3D0008300230A2100032ABF3F03D5000440F92C
:10E3E00001E000B900008052C0035FD6A002801295
:10E3F000FEFFFF17040440F9E60300AA631C0012A5
:10E40000850040B9BF3F03D5A3010036FD7BBFA9FE
:10E41000FD030091E5FFFF97E00000350020A852C2
:10E42000A500002ABF3F03D5C00440F9050000B98C
:10E4300000008052FD7BC1A8C0035FD60020A81257
:10E44000A500000ABF3F03D5C00440F9050000B98C
:10E4500000008052C0035FD6FD7BBFA9E70300AA7E
:10E46000FD030091E2FEFF97E303002AC00100359F
:10E47000E3984239E00307AA02008052DEFFFF97CB
:10E48000E303002A00010035E2944239E190423969
:10E49000E08C4239D0FEFF97BF3F03D5E10440F93D
:10E4A000200400B9E003032AFD7BC1A8C0035FD6A6
:10E4B000FD7BBCA9E40301AAE60300AAFD030091C9
:10E4C000F35301A9F55B02A9341840F9231440392C
:10E4D00022104039362840B901984239130440F9D6
:10E4E000200000724200831A5FF001718100005425
:10E4F0001F000071800180524210801A451C085391
:10E50000E00304AAE53F00B984FEFF971F7C007179
:10E510006806005460000034A11C002AE13F00B9E5
:10E52000C1060051E03F40B921080C532100002AE8
:10E530008020403921000932E13F00B980010034D8
:10E54000810840F9BF3F03D5C00440F9019400B9E8
:10E55000E13F40B9802040390004005100041053CD
:10E560000000012A00000D32E03F00B9E13F40B950
:10E57000E00313AA6BFFFF97F503002A6002003542
:10E5800060A240B9BF3F03D5DF1200718200805204
:10E59000E1F30091C292821AE03F00B9E00314AAAD
:10E5A00054BBFF97DF1200710901005460A640B907
:10E5B000BF3F03D5C2120051E1F30091E03F00B923
:10E5C000801200914BBBFF97F35341A9E003152A3A
:10E5D000F55B42A9FD7BC4A8C0035FD675418012DC
:10E5E000FAFFFF179DFFFF17FD7BBCA9E20300AAFE
:10E5F000E00301AAFD030091F35301A9F55B02A911
:10E6000043984239361840F9331040397F0040F2C0
:10E61000342840B921144039550440F97302811A55
:10E6200001204039731E085341010034030840F9AA
:10E63000BF3F03D5410440F9239400B9012040397C
:10E6400021040051210410533300132A73020D32A8
:10E650004198423931FEFF971F7C00712804005415
:10E6600040000034731E002AF40200349F1200712F
:10E6700080060051E10316AA82008052000814535C
:10E680008292821A1300132AE0F3009119BBFF97BC
:10E6900073021132E03F40B9BF3F03D5A0AA00B9D1
:10E6A0009F1200710901005482120051C1120091A1
:10E6B000E0F300910FBBFF97E03F40B9BF3F03D5A8
:10E6C000A0AE00B9E103132AE00315AA15FFFF97D6
:10E6D000F35341A9F55B42A9FD7BC4A8C0035FD6F3
:10E6E000C00B8012FBFFFF17FD7BBFA9E70300AA49
:10E6F000FD030091296040393DFEFF97E403002AA5
:10E70000A0050035E3984239E80301AAE00307AA0F
:10E710000203805238FFFF97E403002AC00400354B
:10E72000E12040B9BF3F03D5E00440F9011C00B926
:10E73000E09842396004003605154039E1904239CD
:10E74000E2944239E08C423923FEFF97A500002A6B
:10E75000010940F9BF3F03D5E00440F9016800B961
:10E7600009010034E1984239E00308AAEBFDFF9764
:10E770001F7C0071A802005440000034A560002AEC
:10E78000BF3F03D5E00440F9050400B9E00440F9B7
:10E79000011440B9BF3F03D500214039216C1C1240
:10E7A000000400510000012ABF3F03D5E10440F9F5
:10E7B000201400B9E003042AFD7BC1A8C0035FD682
:10E7C00005114039DEFFFF1764418012FAFFFF1781
:10E7D000FD7BBCA9FD030091F35301A9F30300AA3B
:10E7E00020008052F55B02A9F71B00F9340840F9BC
:10E7F000351840F9362840B925FEFF976086423922
:10E80000E0030036611640F98042368BE203162A97
:10E810001F0001EB42030054600A40F90000148B12
:10E82000620000B41F0840F2A1010054010080D230
:10E830005F0001EBC1010054600640F9C4FDFF9781
:10E84000800B003580008012F35341A9F55B42A98B
:10E85000F71B40F9FD7BC4A8C0035FD60114403804
:10E86000420400D1A1160038EEFFFF17036861389B
:10E87000A36A213821040091EEFFFF17BF3F03D5A3
:10E88000600640F9166C00B9BF3F03D5600640F939
:10E8900021008052016000B916020035750640F96A
:10E8A000000080D2E9BAFF97F40300AAA06240B941
:10E8B000BF3F03D520092837E00314AAE3BAFF9726
:10E8C0001F2800F128080054200080D228BBFF97A1
:10E8D000589EFF97F6FFFF1717E28452600640F933
:10E8E000142C40B9BF3F03D5943E0072010200547E
:10E8F000200080D21EBBFF974E9EFF97F706007147
:10E90000E1FEFF54400000D000F42191A10D8012DF
:10E91000ACBFFF97BF3F03D5600640F9410080526E
:10E92000016000B9A00D8012C8FFFF17601E40B93A
:10E93000620A40F9807E001B1F00166B0090961A39
:10E94000A10640F2610000541F0440F2400200544E
:10E95000E303002A010080D23F0003EB4101005491
:10E96000B542208BD602004B600640F9142C40B90A
:10E97000BF3F03D5943E00122E9EFF9794FDFF35B6
:10E98000C6FFFF1744004039A46A213821040091D2
:10E99000F2FFFF17037C02533F0003EB20FEFF54FE
:10E9A000440040B9A47A21B821040091FBFFFF176D
:10E9B00000008052A5FFFF17400000D0A10D80127B
:10E9C00000702291D3FFFF17400000D0A10D8012EC
:10E9D000001C2391CFFFFF17BF3F03D5600640F90E
:10E9E00001048052016000B9000080D2750640F930
:10E9F00096BAFF97F40300AAA06240B9BF3F03D5BF
:10EA0000C0F12F36E00314AA90BAFF971F2800F137
:10EA100048FDFF54200080D2D5BAFF97059EFF978E
:10EA2000F6FFFF17FD7BBFA9E70300AAFD030091D6
:10EA30006FFDFF97E303002AA0060035E3984239F3
:10EA4000E80301AAE00307AA020280526AFEFF97C8
:10EA5000E303002AC0050035E12040B9BF3F03D5DC
:10EA6000E00440F9011C00B9E09842396005003625
:10EA700002154039E1904239E0944239214C145357
:10EA80002040002A0000022ABF3F03D5E10440F9DC
:10EA9000200800B9E2944239E1904239E08C4239D1
:10EAA0004DFDFF97BF3F03D5E10440F9200400B9B5
:10EAB000010940F9BF3F03D5E00440F9017800B9EE
:10EAC000E098423900010036E00440F9003840B9CE
:10EAD000BF3F03D500001232BF3F03D5E10440F928
:10EAE000203800B9E00440F9011440B9BF3F03D514
:10EAF00000214039216C1C12000400510000012A41
:10EB0000BF3F03D5E10440F9201400B9E003032A14
:10EB1000FD7BC1A8C0035FD602114039D6FFFF17A5
:10EB2000FD7BBAA9FD030091F35301A9F30300AAE9
:10EB300020008052F55B02A9F76303A9F96B04A9D1
:10EB4000FB2B00F9350840F9341840F9362840B954
:10EB50004FFDFF97609A4239F703162A6004003789
:10EB60006086423920040036601640F9A17E40924A
:10EB7000F542358BBF0200EB82030054600A40F976
:10EB80000000018B770000B41F0840F2E10100543F
:10EB9000010080D2FF0201EB01020054600640F93F
:10EBA000EBFCFF97C00C003580008012F35341A9A5
:10EBB000F55B42A9F76343A9F96B44A9FB2B40F924
:10EBC000FD7BC6A8C0035FD681164038F70600D18A
:10EBD00001140038ECFFFF17826A6138026821389F
:10EBE00021040091ECFFFF17798240B99F0640F2A3
:10EBF000C0040054E00317AA0D9BFF97F50300AA79
:10EC0000200A00B4E10314AAF40315AAE20317AA28
:10EC1000B8B9FF97BF3F03D5600640F9167C00B92D
:10EC2000BF3F03D5600640F921008052FAFF9F5292
:10EC3000017000B9017D80D2607240B9009C0F91D3
:10EC40000008C19A4ABAFF9756020035760640F985
:10EC5000000080D2FDB9FF97F40300AAC07240B94A
:10EC6000BF3F03D5600A2837E00314AAF7B9FF971E
:10EC70001F2800F168090054200080D23CBAFF9799
:10EC80006C9DFF97F6FFFF17150080D2E2FFFF177C
:10EC90003F03166B000080D23793961A620A40F940
:10ECA000E17E02531F0001EB61020054E206007294
:10ECB000A10200547B0640F9000080D2E3B9FF971F
:10ECC000F80300AA602F40B9BF3F03D51F001A6B9D
:10ECD000E9020054E00318AADCB9FF971F2800F1ED
:10ECE00068030054200080D221BAFF97519DFF97FE
:10ECF000F5FFFF17837A60B800040091430000B964
:10ED0000E9FFFF17630A40F9E1767E928102018BE9
:10ED1000000080D22468603800040091640000394B
:10ED20005F00006B81FFFF54E3FFFF179442378BB6
:10ED3000D602174B3F9DFF97C4FFFF17000080527C
:10ED40009BFFFF176001801299FFFF17400000D062
:10ED500000F42191A10D80129ABEFF97BF3F03D509
:10ED6000600640F941008052017000B9750000B49E
:10ED7000E00315AA259AFF97A00D80128CFFFF17BC
:10ED8000F5F0FFB4E00315AA209AFF9784FFFF1760
:10ED9000400000D0A10D801200B02391EFFFFF17BB
:10EDA000400000D0A10D801200602491EBFFFF17FE
:10EDB000BF3F03D5600640F901048052017000B9DD
:10EDC000000080D2760640F9A0B9FF97F40300AAAC
:10EDD000C07240B9BF3F03D540FD2F36E00314AAEF
:10EDE0009AB9FF971F2800F148FDFF54200080D2F8
:10EDF000DFB9FF970F9DFF97F6FFFF17211C001249
:10EE0000421C00123F100071E0020054E800005460
:10EE10003F040071600300543F080071400100543A
:10EE200060418012C0035FD63F200071A1FFFF54F4
:10EE3000420200371F0071F260418012E013801A15
:10EE4000F9FFFF17C2000037010096521F00016A48
:10EE500060418012E013801AF3FFFF1701C088524F
:10EE6000FBFFFF176200003701009452F8FFFF1705
:10EE700001808852F6FFFF171F0072F2EFFFFF17A5
:10EE800000008052E8FFFF17FD7BBFA9E30301AA42
:10EE900022008052FD03009121044039040C40B946
:10EEA000E003042AD6FFFF97400300356020403975
:10EEB000C000003461244039E003042A220080525B
:10EEC000CFFFFF976002003560604039C00000341A
:10EED00061644039E003042A22008052C8FFFF9792
:10EEE00080010035602440B98001003461804039E0
:10EEF0001F080071E2179F1AE003042AC0FFFF9762
:10EF00001F000071E0179F1AFD7BC1A8C0035FD6E8
:10EF100000008052FDFFFF1720008052FBFFFF170B
:10EF2000220040F923E09FD24200038A5F0420F1CF
:10EF3000E002005422204039A2000034220440F9AB
:10EF40004200038A5F0420F120020054226040390D
:10EF5000C2000034220C40F923E09FD24200038A11
:10EF60005F0420F140010054222440B95F04007185
:10EF7000C9000054228040395F20007161000054B4
:10EF8000222840B942000037C0FFFF17000080521E
:10EF9000C0035FD623084039630100372328403976
:10EFA0002301003723684039E300003723844039C8
:10EFB000A3000037220040395F0400714100005473
:10EFC000B2FFFF1700008052C0035FD6040040F973
:10EFD000E20300AAE30301AA841840F9840040F97F
:10EFE000843440F9841040F9A40000B4840440F94A
:10EFF000640000B4F00304AA00021FD6E10303AAD0
:10F00000E00302AAE4FFFF17FD7BBBA9FD0300910B
:10F01000F35301A9F40301AAF55B02A9F50300AAC1
:10F02000F76303A9F92300F9020040F9421840F9F7
:10F03000420040F9563440F9E5FFFF97A00B003637
:10F04000E00315AA56F8FF97F303002A0002F837E9
:10F05000C01240F9C00200B4020840F9820200B4B4
:10F06000E10314AAE00315AA40003FD6F303002AE7
:10F07000A00000341F300831C00B80126412407AA7
:10F0800060010054E00315AA47F8FF97BF03009101
:10F09000E003132AF35341A9F55B42A9F76343A99F
:10F0A000F92340F9FD7BC5A8C0035FD6802A40B98B
:10F0B00060070034802640B9961A40F91F04007199
:10F0C00000070054F70316AA160080D283224039A5
:10F0D00093024039826240397302030B7302020BC0
:10F0E000603E009100187C92FF6320CB800A40793B
:10F0F000F9030091E00300398305003460040051F6
:10F10000E4070091860A40F900701D53010080D287
:10F11000C524C09A8568213821040091002000513F
:10F120007F00016B6CFFFF5463040011A2000034E8
:10F13000421C40922003038BE11F805253B8FF977B
:10F14000D80217AA640080521F0300F161721D5398
:10F1500084049F1AE20319AA84044092E00315AACA
:10F16000030080D212F8FF97F303002A00F9FF355D
:10F17000B8F8FFB4812A40B9E30316AAE20317AA3C
:10F18000E00315AA440080D221701D5308F8FF97B0
:10F19000A0F7FF34F303002ABDFFFF17160080D24B
:10F1A000170080D2CAFFFF17230080D2E0FFFF17AD
:10F1B00073418012B6FFFF17030040F9E40300AA71
:10F1C000E20301AA631840F9630040F9633440F98F
:10F1D000631040F9E30000B4650040F9650000B435
:10F1E000F00305AA00021FD6600840F9C00200B56E
:10F1F0004020403943004039811840B96300000B7A
:10F20000406040396300000BA10000343F00036BF5
:10F2100062000054A0028012C0035FD640944429CB
:10F220001F04007141010054801440B98000003473
:10F230001F00056B0090851A402800B9402840B98E
:10F24000A0FEFF3400008052F4FFFF1781FFFF345F
:10F250002100034B3F00056B2190851A412800B91E
:10F26000F7FFFF17202C40F9020080121F0800B999
:10F27000202C40F9020000B9202C40F9000040B9D0
:10F280001F0C40F2010100540000009000D01691C4
:10F2900002048052202800F900008052229400B914
:10F2A000C0035FD6000000900202805200A01791B8
:10F2B000F9FFFF17E2038052229000B9EAFFFF171F
:10F2C00000048052209400B90000009000001691C4
:10F2D000202800F900008052C0035FD6010C47A926
:10F2E000049840B9064040F9847C0313029040B969
:10F2F000630001CB012C40F9847C4093252040B968
:10F30000014440F9210006CB210003CB630CC49AD1
:10F31000210CC49A4100014B4200054B5F00036B76
:10F320004230831A030080123F00026B2190821A40
:10F33000210400513F04003141000054C0035FD656
:10F34000043C40F9029C80B99F0002EBC0000054CD
:10F35000039840B9023840F97F2000714101005400
:10F3600043004039022C40F9436000B9029840B98B
:10F37000043840F9427C031382C0228B023800F922
:10F38000ECFFFF1743004079F7FFFF17030848A978
:10F39000012C40F9420003CB039840B9212440B925
:10F3A000637C0313637C4093420CC39A3F00026B5F
:10F3B0002130821A210400513F04003141000054E1
:10F3C000C0035FD6022C40F9044440F9436040B9C1
:10F3D000029C80B99F0002EBC0000054049840B921
:10F3E000024040F99F2000710101005443000039A0
:10F3F000029840B9034040F9427C031362C0228B5B
:10F40000024000F9ECFFFF1743000079F9FFFF17F6
:10F41000202840B92200A0521F4040710090821A5B
:10F42000202800B900008052C0035FD6FD7BBEA932
:10F43000FD030091F30B00F9F303012A6CC8FF9759
:10F44000136C00B900008052F30B40F9FD7BC2A899
:10F45000C0035FD6FD7BBDA9FD030091F35301A955
:10F46000F303012AF51300F9F50300AA57C8FF9723
:10F47000F40300AAE00315AA5DC8FF97012C40F928
:10F48000820240B93F0800B95F00136B4390931AA2
:10F490004290931A013040F92108C29A022C40F997
:10F4A0002104001121381F12411400B9220080529A
:10F4B000012C40F9220800B9036800B9000080520D
:10F4C000F35341A9F51340F9FD7BC3A8C0035FD6F0
:10F4D000FD7BBEA9FD030091F35301A9F30300AA2C
:10F4E0003AC8FF97F40300AAE00313AAE7C8FF97FE
:10F4F000800600F9A00000B5A0028012F35341A9D4
:10F50000FD7BC2A8C0035FD6604A40F90224945232
:10F51000E200A072410000B0219C169147CDFF97F8
:10F52000800200B9410000B021F82491604A40F9FE
:10F5300031CEFF9720FE073700008052F0FFFF1703
:10F54000FD7BBEA9FD030091F30B00F928C8FF97CE
:10F55000013040B9F30300AA001440F955080094A3
:10F56000A0000035E00313AAF30B40F9FD7BC2A80D
:10F5700043C2FF17F30B40F9FD7BC2A8C0035FD65F
:10F5800002844239019840B921040051420476D3E3
:10F59000211000122100022A02884239006C40B971
:10F5A00042047AD3000478D34000002A2000002AC5
:10F5B000C0035FD6019840B902844239210400514A
:10F5C000420478D3211070D32100022A02884239E4
:10F5D000006C40B942047CD300047AD34000002A76
:10F5E0002000002AC0035FD602844239019840B946
:10F5F00021040051420478D3210C00122100022A78
:10F6000002884239006C40B942047CD300047AD3AA
:10F610004000002A2000002AC0035FD6FD7BBDA960
:10F62000FD030091F35301A9F30300AAF51300F9B8
:10F63000F50301AAEEC7FF97E20300AAF40300AAAC
:10F6400001008052E00313AA9FC1FF97F303002A31
:10F6500000020035E00314AAFCC1FF971F000071EF
:10F66000A10480120410417A600000541F30083158
:10F67000A1010054E00314AAADC1FF97A00200F954
:10F68000800000B5B3028012E00314AAFCC1FF970A
:10F69000F51340F9E003132AF35341A9FD7BC3A8F6
:10F6A000C0035FD6F303002AFAFFFF17FD7BBBA957
:10F6B000FD030091F35301A9F55B02A9F50300AA2C
:10F6C000F76303A9F9C7FF97F60300AAE00315AA99
:10F6D000BEC7FF97F30300AAE00315AAC4C7FF97AC
:10F6E000F40300AA00018052E04F00B9600640F91F
:10F6F000802E00F981820191600240B9806A00B9D0
:10F70000E00315AAC6FFFF97F303002A8002003525
:10F71000E00315AAB6C7FF9718A00091F70300AA47
:10F72000E10318AAE00315AA2D080094F303002AA8
:10F73000200200341F3008310418423AC00300543C
:10F74000400000B000202591B50200B4A10A40A9F4
:10F75000E303132A210040F91ABCFF97F55B42A985
:10F76000E003132AF35341A9F76343A9FD7BC5A81E
:10F77000C0035FD6E00318AABB070094F303002A76
:10F78000A0010034E01640F9010B40B9C90700940C
:10F79000400000B000F42591ECFFFF17220000F0BC
:10F7A000210000F0E303132A42102891213C289104
:10F7B000EAFFFF17960600B4E10314AAE00315AAB6
:10F7C000C0023FD6F303002AA0FCFF35802E40F98B
:10F7D000410000B0E233019121C82691005C40B99C
:10F7E000A04A40F992CCFF9780010035E14F40B923
:10F7F0003F0C007189000054809640B93F00006BB7
:10F80000C9000054400000B000002791EDBBFF97F5
:10F8100000018052E04F00B9E04F40B9809A00B932
:10F82000802E40F99F8602391F0800B9802E40F9CA
:10F830001F2C00B920008052812E40F9200800B909
:10F84000819240B9C1F8FF35812E40F9201800B9E6
:10F85000812E40F9221840B95F00006BE10000548E
:10F86000000400111F00047101FFFF54809200B9D1
:10F870003F1800B9BAFFFF171F04007100109F1A4C
:10F88000FBFFFF17B3028012B5FFFF17C0035FD65F
:10F89000FD7BBBA9FD030091F35301A9F40301AA69
:10F8A000F55B02A9F60300AAF76303A9F92300F99F
:10F8B000000040F9382440B9191840F9E00319AAAA
:10F8C0004BC7FF97812240391F07007195024039CD
:10F8D000F30300AAB502010B81624039B502010BA6
:10F8E000B51E4092A13E009121107C92FF6321CB76
:10F8F0006100805221049F1A01840239012840F9D5
:10F90000F703009120003FD6612E40F93F0800B96F
:10F91000612E40F9200000B91F070071A1000054BA
:10F92000612E40F9802A40B900040051200400B93A
:10F93000612E40F920008052200800B9810A4079E8
:10F94000E102003981224039A10100342004005134
:10F95000E3060091850A40F900701D53020080D231
:10F96000A424C09A64682238420400910020005107
:10F970003F00026B6CFFFF5420040011826240398B
:10F98000C2000034007C4093421C4092E002008B95
:10F99000E11F80523DB6FF97C00240F9010080523E
:10F9A000BBFFFF97773A00F9F702158B773E00F916
:10F9B0007F7E08A9610247A93F0000EBE1020054E5
:10F9C000951A40F91F070071A1060054754200F90D
:10F9D000802A40B9A002008B604600F9C00240F9BD
:10F9E000F5F5FF971823C01A602E40F9181000B9DA
:10F9F000610248A93F0000EB6101005414008052ED
:10FA0000602E40F9210080521F1000B9C00240F959
:10FA10009FFFFF9713000014E00313AA30FEFF9727
:10FA2000E5FFFF17E00313AA59FEFF97604240F974
:10FA30001F0015EB01030054612E40F9213440B939
:10FA4000A1021836400000B0008C2791B90100B423
:10FA5000210B40A9210040F99400801259BBFF9767
:10FA6000BF030091E003142AF35341A9F55B42A9B7
:10FA7000F76343A9F92340F9FD7BC5A8C0035FD60E
:10FA8000220000F0210000F042102891213C289132
:10FA9000F2FFFF17F50300AAD6FFFF17753A00F92A
:10FAA000802A40B9B502008B753E00F9E00313AA25
:10FAB0000BFEFF97C00240F9BFF5FF97210080526F
:10FAC0002120C01A602E40F9011000B9610247A937
:10FAD0003F0000EB410200547BB6FF9714D04391E6
:10FAE00094020991602E40F9012840B9BF3F03D527
:10FAF0004100103641F8073673B6FF979F0200EBBE
:10FB000025FFFF54602E40F9012840B9BF3F03D5BF
:10FB1000C1001037B40D8012BAFFFF17E00313AA1B
:10FB2000EFFDFF97EAFFFF1761FF0737B4FFFF17ED
:10FB3000FD7BBCA9FD030091F35301A9F403012A45
:10FB4000F55B02A9F50300AAF60303AAF76303A96C
:10FB5000F70302AAF80304AA001840F9A4C6FF9705
:10FB60009F0A40F260020054400000B000FC279160
:10FB7000750100B4A10A40A9210040F913008012C8
:10FB800010BBFF97F55B42A9E003132AF35341A989
:10FB9000F76343A9FD7BC4A8C0035FD6220000F031
:10FBA000210000F042102891213C2891F4FFFF171A
:10FBB000F30300AA98000036E00315AA0100805262
:10FBC00033FFFF97DF0200F1E41A40FA61070054A7
:10FBD000DF0200F1E0079F1A00781F53612A40F905
:10FBE00060860239E00313AA947E035320003FD6B7
:10FBF000773A00F9612E40F9F702148B773E00F94D
:10FC0000764200F9D602148B764600F9749E00B94C
:10FC10003F0800B9612E40F9220040B91F00026B75
:10FC200040000054200000B9E00315AA62F5FF97D8
:10FC3000622E40F9210080522020C01A401000B9E5
:10FC4000602E40F9010800B9E00313AAA4FDFF9754
:10FC5000CFFDFF97600648A93F0000EB68FFFF5407
:10FC600019B6FF9714D0439194020991602E40F980
:10FC7000012840B9BF3F03D54100103621020036AC
:10FC800011B6FF979F0200EB25FFFF54602E40F94D
:10FC9000012840B9BF3F03D541001036210100368D
:10FCA000B30D801218F70F36E00315AA2100805219
:10FCB000F7FEFF97B4FFFF1700008052C8FFFF1741
:10FCC00013008052F8FFFF17050040F9A53440F9F2
:10FCD000A50040F9650000B4F00305AA00021FD694
:10FCE000A0048012C0035FD6E00301AAE103022A48
:10FCF000E20303AAE30304AAF79BFF17FD7BBEA957
:10FD0000FD030091F30B00F9F30301AA38C6FF9736
:10FD1000010040F9610200F9000440F9600600F9B1
:10FD200000008052F30B40F9FD7BC2A8C0035FD6F0
:10FD3000FD7BBEA9FD030091F35301A9F40300AAC2
:10FD400022C6FF9701008052F30300AAE00314AA21
:10FD50008BC6FF971F0400B1C0000054600200F979
:10FD600000008052F35341A9FD7BC2A8C0035FD6B7
:10FD7000A0028012FCFFFF17FD7BBDA9FD030091CF
:10FD8000F35301A9F30300AAF51300F918C6FF976E
:10FD900015400091F40300AAE10315AAE00313AA99
:10FDA0008F06009440020034E303002A200000F094
:10FDB00000C02D91330100B4610A40A9210040F92F
:10FDC00080BAFF9740028012F35341A9F51340F91E
:10FDD000FD7BC3A8C0035FD6220000F0210000F025
:10FDE00042102891213C2891F6FFFF17E00315AA45
:10FDF0001D060094E00313AAA400009460FEFF34E3
:10FE0000400000B000082E916395FF97800A40F9EA
:10FE1000A10A40B927060094EBFFFF17FD7BBBA9A1
:10FE2000FD030091F35301A913C0019114800291C5
:10FE3000F55B02A9160080D2F76303A91800A8D2C7
:10FE4000F92300F979827FA9150080D2610240F977
:10FE50003F0015EB6801005473420091D602158BE8
:10FE60007F0214EB01FFFF54401240F91F0016EB14
:10FE700000040054400000B000C82F910A00001494
:10FE80001F0018EB0190989A1F1C00F10801005404
:10FE9000400000B000582E913F95FF97400000B001
:10FEA00000242F913C95FF9764B4FF97000180D206
:10FEB000F70300AA00F87FD31F0001EBA9FFFF544E
:10FEC000E10317AAA002198BCA99FF97FF0200EB62
:10FED00080000054400000B000682F91F2FFFF172F
:10FEE000600240F9B502178B000015CBD8FFFF1751
:10FEF000F35341A9F55B42A9F76343A9F92340F9FC
:10FF0000FD7BC5A8C0035FD600A00191010281D28C
:10FF10000100A3F2E40300AA273000D103008052BD
:10FF2000260080D2820440F9620600B4820040F9C3
:10FF30004300003542004491BF3F03D5220000B981
:10FF4000BF3F03D5459C60D3220002B9BF3F03D514
:10FF5000250400B9BF3F03D5250402B9BF3F03D52F
:10FF6000228000B9BF3F03D5228002B9BF3F03D52D
:10FF7000258400B9BF3F03D5258402B9821440A966
:10FF80004200058B420400D1BF3F03D5220800B9CF
:10FF9000BF3F03D5459C60D3220802B9BF3F03D5BC
:10FFA000250C00B9BF3F03D5250C02B9BF3F03D5CF
:10FFB000228800B9BF3F03D5228802B9BF3F03D5CD
:10FFC000258C00B9BF3F03D562200011258C02B9F2
:10FFD000C520C39AC220C29A4200052ABF3F03D55A
:10FFE000E20000B9BF3F03D5854081D20500A3F2EE
:10FFF000A20000B9630400118440009121400091E7
:020000022000DC
:100000007F0C007101F9FF54028281D203008052FB
:100010000200A3F2453000D1240080D2010440F94F
:10002000810200B4010040F94300003521004491F1
:10003000BF3F03D5410000B9219C60D3BF3F03D52A
:10004000410400B9011840A92100068B210400D108
:10005000BF3F03D5410800B9219C60D3BF3F03D502
:10006000410C00B98120C39ABF3F03D5A10000B95C
:100070006304001100400091424000917F0C007128
:10008000E1FCFF54C0035FD6FD7BB8A9FD030091DE
:10009000F35301A9F55B02A9F50300AAF76303A9CD
:1000A000F96B04A9FB2B00F948C5FF97E00315AADB
:1000B0004FC5FF97F60300AA001380D2DC95FF9787
:1000C000F40300AA8980FF97170C42B9BF3F03D5FC
:1000D0008680FF97185842B9BF3F03D58380FF97AA
:1000E000135842B98180FF97F903009173020032DF
:1000F000135802B9F30312AA001380D2CC95FF97CC
:10010000021380D201008052600200F9400240F9DF
:100110005EB4FF97E00315AA2CC5FF97F30300AA6E
:1001200080C69ED2A1A30191A2008052E000A0F25D
:10013000B182FF97A07B40B9000000126022003915
:100140000004001180460239A07B40B9000441D36D
:10015000602600390004001180020039A0F74079C0
:10016000000C4092804A02397B2640397A2240397D
:100170005E80FF97130C42B95C80FF977B0F04539E
:100180007A6F1A2A7376031273021A2A130C02B9B1
:100190008002403920010034410000D022801E91AD
:1001A00021D043F9811200F91F040071600000544E
:1001B000400440F9802E00F9E00315AA3F030091A6
:1001C00002C5FF9701204039C1000036020A82D2E1
:1001D0000200A3F2410040B921001C32410000B9E5
:1001E00000244039000200364080FF97132842B9AE
:1001F0003E80FF9773021E32132802B93B80FF979F
:10020000132842B93980FF97010A82D2730218324B
:100210000100A3F2132802B9200040B900001B32EC
:10022000200000B9E00315AAB53700F9E7C4FF972D
:1002300000104079A2A30191600100B44100009038
:10024000210C3291200A805207C9FF97E103002A4E
:1002500000010034400000900010339159B9FF971D
:100260008600001441000090218C3291F6FFFF17A8
:100270002000805280420239E00314AAE501009474
:100280004000009000D833914EB9FF97E00314AAC4
:1002900084010094E00314AA59020094F303002A95
:1002A000A0000034400000900040349145B9FF9711
:1002B0001D000014E00314AA8E020094F303002A28
:1002C000800000344000009000B43491F8FFFF1724
:1002D000E00314AABF020094F303002A8000003454
:1002E0004000009000283591F1FFFF17E40312AAA7
:1002F000030080D2400A40F902008052850442F88F
:10030000010080D2930E40F96FB2FF97F903002AE3
:10031000E0010034B30080124000009000C4359129
:100320001D94FF97E00314AAB894FF97F55B42A9C8
:10033000E003132AF35341A9F76343A9F96B44A9D6
:10034000FB2B40F9FD7BC8A8C0035FD6804640392F
:1003500080000036E00080D2607E009B13FC43D317
:10036000411240F93F0013EBA901005421FC54D382
:10037000400000900050369112B9FF9761FE54D3AF
:1003800040000090004437910EB9FF974000009064
:10039000006038910BB9FF975F1200F9411240F9E4
:1003A000610100B43F0013EB2001005421FC54D341
:1003B000400000900020399102B9FF974000009062
:1003C00061FE54D300F43991FEB8FF97441240F90E
:1003D000E20312AA840200B5730200B4430000D005
:1003E00063C01D91E70303AA650440F9660204CBCC
:1003F000400040F9217F4093BF0006EB0304005406
:100400002318009121EC7CD30010038BE16861F884
:10041000010400F9400040F90310038B660800F95D
:10042000531000F9810640F940000090421040F955
:1004300000A83A9142FC54D3E2B8FF978042403979
:10044000A0060036E00314AA9B020094E0030036E5
:100450004000009000E03A91DAB8FF97A1A3019123
:10046000C0118052D1C8FF97800200344000009034
:1004700000683B91D3B8FF97F0B2FF972118009125
:1004800039070011660441F80010018B060400F9D9
:10049000400040F90010018B050800F9400040F9C8
:1004A0000110018B200840F98400008B3F0F007180
:1004B000C1F9FF54DBFFFF17A03740F9010080D2DC
:1004C00081060094EDFFFF17887FFF97000C42B96B
:1004D000BF3F03D51803002AB8000037F77E1D532D
:1004E000F7060051FF06007109010054E00314AA49
:1004F000EF030094F303002A8000003440000090D2
:1005000000043C916AFFFF174000009000B43C914A
:10051000ACB8FF97400240F941FEFF9740000090C1
:1005200000343D91A7B8FF97400240F977FEFF974E
:10053000B53700F9A2A3019141000090200A805232
:1005400021983D9148C8FF97F303002AA00000348A
:10055000E103002A4000009000F83D9140FFFF17A2
:100560004000009000B43E9196B8FF97400240F9D9
:10057000003440F9C00200F9401240F9C00600F909
:100580005A7FFF97155842B9587FFF97B57A1F12C7
:10059000155802B94000009000243F9144FFFF1716
:1005A000FD7BB7A9FD030091F35301A9F55B02A9F7
:1005B000F76303A9F96B04A9FB7305A9FB0300AA60
:1005C000200040B9E08700B9200440B9E07300B9C9
:1005D000200840B9E06B00B9200C40B9E08B00B9AD
:1005E000E28F00B9386442293A58432937544429E4
:1005F000342840B9631400B47F0000B960F310914F
:100600001C989AD2F30303AA3C00A0F2E03300F94D
:10061000000080D28DB3FF97E03F00F9E03340F94E
:10062000000040B9BF3F03D520010034E03F40F94E
:1006300086B3FF971F001CEB88120054200080D265
:10064000CBB3FF97FB96FF97F5FFFF170000805293
:10065000100000141F140071E104005475040035EB
:10066000C00080520B000014790000354000805219
:1006700008000014BF3F03D5793704B9FCFFFF170A
:100680007A000034BF3F03D57A3304B9600080524A
:100690001F1000710CFEFF541F08007120FFFF5453
:1006A0001F0C0071000100541F040071E0FDFF5495
:1006B00078000034BF3F03D5783B04B92000805256
:1006C000F4FFFF1776000034BF3F03D5762F04B93F
:1006D00077000035A0008052EEFFFF17BF3F03D523
:1006E000772B04B9FCFFFF17BF3F03D5752704B96B
:1006F000DCFFFF1774000034BF3F03D5742304B937
:10070000E18346A9E28740B9211C70D3001068D369
:100710000000012AE18B40B9213C00122174022A19
:100720000000012ABF3F03D5603F04B916989AD252
:10073000000080D27573119144B3FF97F40300AAAF
:100740003600A0F2A00240B9BF3F03D52001003718
:10075000E00314AA3DB3FF971F0016EB48020054B4
:10076000200080D282B3FF97B296FF97F6FFFF1763
:1007700015008052605F44B9BF3F03D5600200B9E5
:100780007501003514008052E08F40B99F02006B64
:1007900041040054605F44B900781F12605F04B9DF
:1007A00016000014B50D8012F3FFFF1734000090FF
:1007B00094363691E10314AA4000009000703F91F6
:1007C00000B8FF97620240B9E10314AA400000900C
:1007D00000D43F91421041D3FAB7FF97620240B96B
:1007E000400000B0E10314AA00580091421C45D318
:1007F000F4B7FF97B50D8012F35341A9E003152A12
:10080000F55B42A9F76343A9F96B44A9FB7345A9BA
:10081000FD7BC9A8C0035FD69F060071200100546C
:100820009F0A007160010054D4010035605B44B937
:10083000BF3F03D5600600B994060011D3FFFF1730
:10084000605744B9BF3F03D5600A00B9FBFFFF17EB
:10085000605344B9BF3F03D5600E00B9F7FFFF17DF
:1008600060CA348B21000090213436911F0400B9F6
:10087000400000B000F00091D2B7FF97EFFFFF17E4
:10088000B5028012DDFFFF1721000090400000B08C
:1008900021343691005C0191CAB7FF97D6FFFF174C
:1008A000FD7BBEA9FD030091F35301A9F30300AA48
:1008B000001040F9140040B9BF3F03D5940A00125C
:1008C00021000090400000B0E203142A21C83591B5
:1008D000004C0291BBB7FF97340100346182009154
:1008E00003008052600240397F00006B0B0100540E
:1008F000F35341A9FD7BC2A8C0035FD6400000B0FE
:1009000000C80291AFB7FF97CCB1FF97200040F924
:100910003F1000B9020042B9BF3F03D5200040F9A3
:10092000008042B9BF3F03D5447C1D53427058D369
:10093000241400B9221C00B9027C1D53007058D346
:10094000221800B9202000B984000034201040B9DA
:1009500000040011201000B982000034201040B9BA
:1009600000040011201000B96304001121E000917F
:10097000DDFFFF17FD7BBDA9FD030091F35301A926
:1009800013001091000080D2F51300F9AFB2FF9769
:10099000F403002A154C9DD2E00314AAABB2FF97D2
:1009A0001F0015EB09010054E20313AA2100009077
:1009B00021843591400000B00084039181B7FF97F6
:1009C0009EB1FF97200080D2E9B2FF971996FF975A
:1009D000610240B9BF3F03D5620240B9BF3F03D5B2
:1009E00042001F12210000122000022A60FDFF3485
:1009F0005F000071E0179F1A0000010AF35341A93C
:100A000000040051F51340F9FD7BC3A8C0035FD675
:100A1000FD7BB8A9FD030091F35301A9F30300AADC
:100A2000F55B02A9F76303A9F96B04A9FB2B00F995
:100A30001F04003900404239A00200373500009001
:100A4000570000B076820091B5523591F7DA0591E2
:100A50001400805238008052600240391F00146B2D
:100A60004C0A005461000054200080526006003996
:100A7000F35341A9F55B42A9F76343A9F96B44A974
:100A8000FB2B40F9FD7BC8A8C0035FD6200080D2B5
:100A9000784A42394000C0F2E03B00F9800080D241
:100AA000F5C301910001C0F2F4A30191E03F00F908
:100AB0002000A0D24000E0F257008052E03700F959
:100AC000A00240B91F03006AA0020054990240B975
:100AD000000080D29A1384D21B989AD25BB2FF97FF
:100AE000F60300AA3A1AA2F23B00A0F2400340B972
:100AF000BF3F03D53F03206A20010054E00316AA3C
:100B000052B2FF971F001BEB48040054200080D214
:100B100097B2FF97C795FF97F5FFFF17A00640B95B
:100B20001F03006AA0020054990240B9000080D25D
:100B30001A1484D21B989AD244B2FF97F60300AAE3
:100B40003A1AA2F23B00A0F2400340B9BF3F03D5DE
:100B50003F03206A20010054E00316AA3BB2FF972E
:100B60001F001BEB68010054200080D280B2FF9769
:100B7000B095FF97F5FFFF17B522009194120091F1
:100B8000FF060071C0F5FF5437008052CDFFFF17FC
:100B900021000090400000B021503591006C04917C
:100BA00008B7FF9725B1FF97C08643F872FFFF97FC
:100BB000E303002A60010034807E4093010780D265
:100BC000E203142A004C019BE10315AA1FA000397F
:100BD000400000B000180591FAB6FF97F2FFFF172A
:100BE000D8021D38E203142AE10315AAE00317AA6C
:100BF00094060011F3B6FF9798FFFF17FD7BBAA983
:100C0000FD030091F35301A9F30300AA004280D22F
:100C1000F55B02A9768200910052C0F2F76303A946
:100C2000180000F018C30F91F96B04A9FA63019141
:100C3000570000B015008052F7920691770600F930
:100C4000E02F00F9600240391F00156BEC040054DE
:100C5000000080521F000014C00240F9417B79B8A7
:100C6000236860B8BF3F03D5600640F974080012DE
:100C7000E10317AA32B1FF97837E4093400100350C
:100C8000007B63F8600600F939070091C01240B993
:100C90001F00196B28FEFF54B5060011D6E2009123
:100CA000E9FFFF17017B63F8600640F93F0000EBA6
:100CB000C0FEFF54E203152A21000090400000B05E
:100CC0002104359100B00691BEB6FF97A0028012B4
:100CD000F35341A9F55B42A9F76343A9F96B44A912
:100CE000FD7BC6A8C0035FD6190080D2E8FFFF17BE
:100CF000FD7BBDA904008052FD030091F35301A9BF
:100D0000F30300AA804680D28056C0F2E5A300918A
:100D1000E01700F960220191140080D2610240398D
:100D20003F00046B6C040054140500B521000090D2
:100D3000400000B021583491003C0791A1B6FF97C4
:100D4000A0028012740E00F91700001402805DF8F2
:100D5000A67861B8C26862B8BF3F03D5467C62D34B
:100D6000427C65D3027821F8DF1C00F14900005471
:100D70006300028B2104009102805EB85F00016B6A
:100D800068FEFF5400E00091A30100B5210000902F
:100D9000400000B021583491003C079189B6FF977C
:100DA000A0028012F35341A9FD7BC3A8C0035FD604
:100DB000010080D2030080D2F0FFFF179402038B62
:100DC00084040011D6FFFF1700008052DEFFFF17DA
:100DD000FD7BBEA9014880D203800091FD030091F4
:100DE000E76300910158C0F2060080520200805271
:100DF0001F200079E10F00F9010040393F00026B2C
:100E0000AC0400540000805215000014610040F949
:100E1000E57864B8A16861B8BF3F03D528040072C3
:100E2000212048D3E5079F1A860000350540003988
:100E3000480000340144003906404039DF00056BAA
:100E40002001005421000090400000B02110349196
:100E500000D007915BB6FF97A0028012FD7BC2A86D
:100E6000C0035FD68500003405444039BF00016BE4
:100E7000A1FEFF548404009126008052611040B905
:100E80003F00046B48FCFF544204001163E00091F2
:100E9000DAFFFF17040080D2F9FFFF17818186D2A5
:100EA0001F3800712124C09A2100001220309F1A9F
:100EB000C0035FD6FD7BB7A9FD030091F76303A9CB
:100EC00037000090F7BE3391F35301A9140080520C
:100ED00013008052F55B02A9F50300AA1680009169
:100EE000400000B000FC0891F96B04A9FB7305A950
:100EF000E03F00F9A00240391F00136BEC010054E1
:100F0000D400003621000090400000B021BC339195
:100F1000004C0D912BB6FF97F55B42A9E003142A14
:100F2000F35341A9F76343A9F96B44A9FB7345A99E
:100F3000FD7BC9A8C0035FD6C00240F9180043B9C1
:100F4000BF3F03D5E03F40F91A3F0012193F00129E
:100F5000E3031A2A187F1053E203132AE10317AAA6
:100F600018B6FF97B8020034400000B000B80991ED
:100F700014B6FF973C0000D0020000F09C6B159166
:100F800042001B911B008052400040B90027C09ACC
:100F9000C0000036410440F9E0031CAAE23700F922
:100FA00008B6FF97E23740F97B07001142400091F5
:100FB0007F2B0071A1FEFF54F9010034C40240F9F7
:100FC000400000B000240A91590000B09B400C91F1
:100FD000030080525C0000B0E03700F920F30A9172
:100FE000E03B00F95F03036B6D0000547F4000712C
:100FF0008100005473060011D6E20091BEFFFF1776
:10100000610340B9BF3F03D5650740B926140012FC
:10101000F803012AE51B1129BF3F03D5E03740F94A
:10102000E203132AE10317AAE38700B9E5B5FF97A6
:10103000E03B40F9E1031BAA7B230091E1B5FF9758
:1010400001631653806F0B91DEB5FF970157115363
:101050004000009000C40B91DAB5FF9701430A539A
:1010600040000090002C0C91D6B5FF970027065346
:10107000420000908AFFFF9742B808911800007262
:101080004100009021740891191C00124100819ABE
:1010900040000090008C0C91CAB5FF97E51B5129C8
:1010A0004000009000D80C91E103052A218006AA97
:1010B000C4B5FF97E38740B91F0300713413941A36
:1010C00063040011C8FFFF17FD7BB2A9FD03009167
:1010D000F55B02A9F50300AA004C80D2F35301A9E5
:1010E000F30315AA005CC0F2F76303A9980080D24D
:1010F00014008052F96B04A919989AD27860C0F252
:101100003900A0F2FB7305A9E04F00F9A0024039B5
:101110001F00146B0C0A00540000805221000014C0
:10112000E03640B9E1C30291E0B300B9820580D254
:10113000E03E40B9E0B700B9E0830191F8EB0BA9BC
:10114000FFFF0CA9FFDB00B96AB0FF97601240F9FE
:10115000E3830291E18301910200805211FDFF9728
:1011600000020035FBA340B9BB028037130000F03A
:10117000739E3291E203142AE10313AA4000009007
:1011800000E00D918FB5FF97621F45D3E10313AACD
:101190004000009000940E918AB5FF97A002801243
:1011A000F35341A9F55B42A9F76343A9F96B44A93D
:1011B000FB7345A9FD7BCEA8C0035FD6000080D29B
:1011C000FC630291A1B0FF97FB03002A200080D2AC
:1011D000E7B0FF97601240F9817B76B8206860B86D
:1011E000BF3F03D520010036D6060091F7120091CB
:1011F000603240B91F00166B48F9FF549406001185
:1012000073E20091C2FFFF17E0031BAA8FB0FF97A4
:101210001F0019EBC9FDFF54130000F0739E3291BB
:10122000E203142AE10313AA40000090003C0F914E
:1012300064B5FF97E2A340B9E10313AA4000009010
:1012400000E80F91421C45D35EB5FF97A00D8012B8
:10125000D4FFFF17F70313AA160080D21A0880D212
:10126000E4FFFF17FD7BB3A9FD030091F35301A930
:10127000F40300AA004C80D2005CC0F2F55B02A926
:10128000F76303A9F92300F9E04700F9C40600B4A5
:10129000800400D11F0004EA61060054F603012A0D
:1012A000537C4093C10180528410C0DAE3B700B987
:1012B000639460D3C14E219B820580D2D57E40933A
:1012C000E3BB00B9FFBF00B9810A018BFF6300F9DE
:1012D000FFCB00B9203440B9E0A300B9203C40B9AD
:1012E000E1830291E0A700B9800080D26060C0F283
:1012F000E05700F9E00780520000044BE0B300B96A
:10130000E0430191FBAFFF97000780D2E3430291D6
:10131000E143019102008052B552009BA01240F9B6
:10132000A0FCFF97F403002A00020035F79340B9B0
:10133000B7028037130000F073E63091E203162AFB
:10134000E10313AA4000009000E00D911DB5FF9746
:1013500040000090E21E45D3E10313AA00940E91D1
:1013600018B5FF97B4028012F55B42A9E003142A76
:10137000F35341A9F76343A9F92340F9FD7BCDA8B5
:10138000C0035FD6000080D219989AD22FB0FF9781
:1013900073F67ED3F70300AAF82302913900A0F276
:1013A000200080D272B0FF97A01240F9016B73B891
:1013B000206860B8BF3F03D580FD0737E003172AD8
:1013C00022B0FF971F0019EBC9FEFF54130000F075
:1013D00073E63091E203162AE10313AA400000905D
:1013E000003C0F91F7B4FF97B40D8012E29340B91F
:1013F000E10313AA4000009000E80F91421C45D37E
:10140000F0B4FF97D9FFFF17FD7BBCA9FD03009146
:10141000F55B02A9F60300AA15008052F76303A941
:1014200017200191F35301A9C00240391F00156B29
:10143000EC020054140080520F000014E47A73F898
:10144000E203132AE103152AE00316AA030080D25F
:101450007306009184FFFF97F403002AA001003473
:1014600040000090E203182AE103152A009410912D
:10147000D4B4FF97F55B42A9E003142AF35341A9C2
:10148000F76343A9FD7BC4A8C0035FD6130080D2D5
:10149000E0825EB8F803132A1F00136B08FDFF54A7
:1014A000B5060011F7E20091E0FFFF170144403953
:1014B00041000036D5FFFF1704FFFF17FD7BBCA9D5
:1014C000FD030091F35301A9F40301AAE2E30091A3
:1014D000F55B02A9F50300AA010040F9400D805216
:1014E00088C4FF97F303002A80010035E01F40F90C
:1014F000010040F9363440F9800200F9C20240F997
:10150000620100B4E10315AAE00314AA40003FD62B
:1015100080010034F303002AF55B42A9E003132A9B
:10152000F35341A9FD7BC4A8C0035FD6A00A40B90C
:101530001F04007101010054A00E40B9800600F99B
:10154000C10640F9A1FEFFB4E00314AA20003FD673
:10155000F1FFFF17B3028012F0FFFF17FD7BB9A95F
:10156000E403012A03008052FD030091F30B00F90C
:10157000F30302AAE583009141000090420000902D
:101580002158189142241891CBC5FF977F0200F98A
:1015900080000035E10313AAE0830091C8FFFF97A4
:1015A000F30B40F9FD7BC7A8C0035FD6010040F9EB
:1015B000210040F9213440F9210840F9610000B4CC
:1015C000F00301AA00021FD600008052C0035FD6BC
:1015D000010040F9210040F9213440F9210C40F983
:1015E000610000B4F00301AA00021FD6000080527F
:1015F000C0035FD6FD7BBEA9FD030091F35301A993
:10160000F40300AA13008052800A40B91F00136B34
:10161000A800005400008052F35341A9FD7BC2A8EA
:10162000C0035FD6810240F9607E7B932000008B6F
:10163000E8FFFF9720FFFF3773060011F3FFFF1746
:10164000010040F9210040F9213440F9211040F90E
:10165000610000B4F00301AA00021FD6000080520E
:10166000C0035FD6FD7BBEA9FD030091F35301A922
:10167000F40300AA13008052800A40B91F00136BC4
:10168000A800005400008052F35341A9FD7BC2A87A
:10169000C0035FD6810240F9607E7B932000008BFF
:1016A000E8FFFF9720FFFF3773060011F3FFFF17D6
:1016B000FD7BBDA9FD030091F35301A9F403012AA9
:1016C000F30300AAF51300F915008052BF02146B52
:1016D0006B000054000080520C000014600240F9BE
:1016E000800000B5B506001173820091F8FFFF1766
:1016F000E00313AAB7FFFF9780000035E00313AAA9
:10170000ABFFFF9700FFFF34F35341A9F51340F9F6
:10171000FD7BC3A8C0035FD6FD7BBCA9030080523C
:1017200042000090FD030091F35301A94224189157
:10173000F40301AAF55B02A9F71B00F9F70300AA5D
:101740003F0800B9410000902158189174C5FF97D7
:10175000F303002A1F0000712D020054007C7B93CC
:10176000010090523BAEFF97800200F9400300B4A5
:10177000150080D2820240F9E103152AE00317AA7E
:101780004214158B76FFFF976001F836F303002AA9
:10179000810A40B9800240F9C6FFFF97F55B42A974
:1017A000E003132AF35341A9F71B40F9FD7BC4A8BA
:1017B000C0035FD6800A40B9B5060091000400114D
:1017C000800A00B97F02156B6CFDFF541300805234
:1017D000F3FFFF1773018012F1FFFF17004840F974
:1017E000CEFFFF17FD7BBEA9000280D2FD03009152
:1017F000F35301A9F40301AA0100905215AEFF971B
:10180000600100B4F30300AAE10300AAE00314AAF4
:10181000C2FFFF9740000034137C4093E00313AAFB
:10182000F35341A9FD7BC2A8C0035FD67301809228
:10183000FBFFFF17FD7BBFA9FD030091EAFFFF97A8
:101840001F0440B149000054000080D2FD7BC1A8B4
:10185000C0035FD6014840F9F7FFFF17FD7BBEA923
:10186000FD030091F30B00F9F30300AA000040F917
:101870005FBFFF97630640F901048052020040F900
:10188000200080D2610CC11A0020C31A21741E539B
:10189000217C4093446861B80000042A406821B864
:1018A00000008052F30B40F9FD7BC2A8C0035FD655
:1018B000FD7BBDA9FD030091F35301A9F30300AA29
:1018C000F51300F9000040F949BFFF97620640F99F
:1018D00001048052040040F943100012410CC11A67
:1018E000220080D24220C39AF503022A21741E539B
:1018F000217C4093856861B8A200220A826821B8E1
:10190000130040F9000080D27302018BCFAEFF9725
:10191000F40300AA600240B9BF3F03D5BF02006ACA
:1019200020010054E00314AAC8AEFF971FD007F1AE
:1019300048010054200080D20DAFFF973D92FF97E1
:10194000F5FFFF1700008052F35341A9F51340F94A
:10195000FD7BC3A8C0035FD6A00D8012FBFFFF175D
:10196000FD7BBEA9FD030091F30B00F920BFFF979B
:101970005B7AFF97132440B9597AFF97E1F99F5298
:10198000C11FA0727302010A132400B90000805223
:10199000F30B40F9FD7BC2A8C0035FD6FD7BBDA958
:1019A000FD030091F35301A9F30300AAF51300F915
:1019B0000FBFFF97F40300AAE00313AAB3BFFF977A
:1019C000F50300AA604A40F90202805241000090EB
:1019D0002174189119C4FF97A042208B800200F94E
:1019E00000008052F35341A9F51340F9FD7BC3A8D1
:1019F000C0035FD6FD7BBEA9220000B0410000906D
:101A0000FD030091034840F9E4630091424C3B918F
:101A100021C018910EC0FF9700008052FD7BC2A824
:101A2000C0035FD6FD7BBFA9FD030091F0BEFF9709
:101A3000000040F9010040B9BF3F03D581000036E6
:101A4000BF3F03D5C10E8052010C00B90000805287
:101A5000FD7BC1A8C0035FD6FD7BBDA9FD0300913E
:101A6000F35301A9F40300AAE1BEFF97F30300AA10
:101A7000E00314AAECFFFF97BF3F03D5600240F9D3
:101A800041000090E2B30091215818911F0000B965
:101A9000804A40F919C4FF97600100B47342009175
:101AA000E00313AAD4FEFF97E02F00B960000035D1
:101AB000E00313AAECFEFF97F35341A9FD7BC3A8F3
:101AC000C0035FD600008052FCFFFF17FD7BBBA95F
:101AD000FD030091F35301A9F40300AAC4BEFF97CC
:101AE000F30300AAE00314AA6BBFFF97600200F99A
:101AF000A00000B5A0028012F35341A9FD7BC5A848
:101B0000C0035FD6E2A30091E00314AA0100805253
:101B10006DB8FF97E02700B900FFFF35E0A3009103
:101B2000CAB8FF97E02700B980FEFF35E0A3009117
:101B30007FB8FF97017D80D20008C19A600A00B982
:101B4000A0FDFF34804A40F941000090E2930091EB
:101B500021581891E9C3FF97800000B5E00314AA4B
:101B6000BEFFFF97E5FFFF1773420091E00314AA41
:101B7000E10313AA1AFFFF97E02700B9E0FBFF3546
:101B8000E00313AAB8FEFF97E02700B980FEFF34F8
:101B9000DAFFFF17FD7BBDA9FD030091F35301A9F7
:101BA000F40300AAF51300F9F50301AA90BEFF970C
:101BB000F30300AAE00314AAA8FFFF9701048052D0
:101BC000620A40B9600240F9427C151B4204007170
:101BD0004310C05AE20180522100034B21109F1A8A
:101BE0002140007121509F1A3F3C007121D0821A80
:101BF0002110010BBF3F03D5010400B9600240F979
:101C0000BF3F03D521008052010000B9E00314AAB0
:101C1000F35341A9F51340F9FD7BC3A882FFFF17D9
:101C2000FD7BBCA9C203805241000090FD030091DE
:101C3000F35301A9F30300AA21A81991F55B02A9A6
:101C4000F71B00F9004840F97CC3FF97F603002A10
:101C5000604A40F902F481524100009021D8199164
:101C600076C3FF9781008052150CC11A4100009085
:101C7000604A40F9210C1A91B57E40935EC4FF97EB
:101C8000C0020037604A40F941000090370080529E
:101C900021581A9158C4FF97E00313AA57BEFF9723
:101CA000F40300AA17840039000080D2930200F9DF
:101CB000960A00B9950A00F9E4ADFF97800E00F985
:101CC00000008052F35341A9F55B42A9F71B40F98C
:101CD000FD7BC4A8C0035FD617008052EFFFFF173B
:101CE000FD7BBBA9FD030091F35301A9F55B02A99C
:101CF000F76303A9030040F9633440F9630040F936
:101D0000030600B4F40300AAF60301AA60003FD65C
:101D1000F503002AA0040035E00314AA37BEFF979C
:101D2000F30300AA020280D2E00301910100805275
:101D300056ADFF9778A2009160824039600000366E
:101D4000E00318AA0B91FF97620A40F9177D80D231
:101D5000830640F9E00318AA427C179B010000901B
:101D600021903A911591FF97630A40F9010280D2C0
:101D7000E003019142000090429C1A9140B2FF970B
:101D80002000805260820039C40AD79A220000D015
:101D9000810640F940000090E303019142D81B9175
:101DA00000CC1A9187B2FF97F35341A9E003152A9B
:101DB000F55B42A9F76343A9FD7BC5A8C0035FD6C5
:101DC000B5048012F9FFFF17FD7BBCA9C01180523A
:101DD000FD030091E1E30091F35301A9F51300F92C
:101DE00077C0FF9780010035E01F40F95400009054
:101DF00094A21B91157D8052130840F9736201D1A2
:101E0000E11F40F962620191214000915F0001EB06
:101E1000C1000054F35341A900008052F51340F96A
:101E2000FD7BC4A8C0035FD6E00313AAA0BDFF9743
:101E300000010035E00313AAF0BDFF97018440398B
:101E4000E1000037610640F9E00314AA5DB2FF9794
:101E5000732E40F9736201D1EAFFFF17010840B900
:101E6000020080D2E00313AA217C151B9DFFFF977F
:101E700000FFFF34610640F94000009000001C9113
:101E8000F3FFFF17010040F9213440F9210840F920
:101E9000610000B4F00301AA00021FD6A004801262
:101EA000C0035FD601A000D100805DF8028840B970
:101EB000820000362180403941000036F2FFFF17D2
:101EC000C0035FD6030040F9633440F9630C40F966
:101ED000630000B4F00303AA00021FD6FD7BBFA974
:101EE000E20301AA210080D2FD0300917DFFFF974C
:101EF0004000F83751ACFF97FD7BC1A8C0035FD607
:101F0000040000F084683691030080D202686338D0
:101F1000620000343F0003EB41000054C0035FD671
:101F2000457C409385686538650000364280001125
:101F3000421C00120268233863040091F4FFFF176B
:101F4000E403002AE0F64FF0006443F9E00000B536
:101F500000008012C0035FD600008012F35341A935
:101F6000FD7BC2A8C0035FD6FD7BBEA9E30302AA26
:101F7000FD030091F35301A9F403012AF303012A9D
:101F8000E1F64FF0E20314AA213443F92140248BF7
:101F9000D0B5FF979F0200EB01FEFF54E003132A28
:101FA000EFFFFF17FD7BBDA9FD030091F35301A9CE
:101FB000F51300F93F04007129010054020840B9EB
:101FC000F40300AA5F800071400300545F40007179
:101FD000A00800543FBC3F7129010054400000900C
:101FE00000901C91F7B1FF9700008052F35341A974
:101FF000F51340F9FD7BC3A8C0035FD65F300071C5
:1020000041FFFF5400304079007C021B6200805287
:102010000008C21A0E000014800240F9005873B87C
:10202000F3FFFF17800240F900587378F0FFFF17A5
:10203000E05F1C323F00006B22FDFF54803240798C
:10204000C2008052007C021B007C02133508C01ABB
:10205000B386001B802240B91F00156B000200549C
:10206000C3008052820E40B9A07E031B0400030B04
:102070004100004B9F00026B84224079820240F9AC
:102080002180831A3F00036B8000000B2190831A8C
:10209000ACFFFF97A0FAFF37952200B9800A40B93C
:1020A0001F40007100FCFF541F80007160FBFF5453
:1020B0001F300071A1F9FF546106130B820240F931
:1020C000217C015320040011416861384068603868
:1020D0002020000B53000036007C0453002C00121B
:1020E000C3FFFF17E0FD9F523F00006B88F7FF54CE
:1020F00080324079C2008052007C021B007C0113B8
:10210000D3FFFF17FD7BBBA9FD030091F35301A98A
:10211000F40303AAF55B02A9F50300AAF60302AAD9
:10212000F76303A9F92300F98103003417344079D8
:10213000001C40B9F702011BA4324079DF1640F2BF
:102140006005005484FC0091F303009184E47A92CA
:102150008438019184347C92FF6324CBF8FF009192
:1021600018E77A92A03240791F0014EBA9010054BD
:102170007F020091B40500B500008052BF030091BA
:10218000F35341A9F55B42A9F76343A9F92340F949
:10219000FD7BC5A8C0035FD6171440B9E7FFFF1742
:1021A000F9060011E20318AAE003172A2100805261
:1021B00064FFFF971F040071800000547F020091AC
:1021C00000008012EEFFFF17A2324079E00316AA4A
:1021D000E10318AAF703192A46ACFF97A032407909
:1021E000D602008B940200CBDFFFFF179F0014EB99
:1021F00028FCFF54930AC49AE20316AAE003172AA4
:10220000E103132A4FFFFF971F00136BA1FDFF543B
:10221000A1324079F702000B207C001BD602008B14
:10222000940200CBD4FFFF17A0324079F303009152
:102230002100805200FC009100E47A920038019164
:1022400000347C92FF6320CBE003172AF5FF009156
:10225000B5E67A92E20315AA3AFFFF971F040071D0
:10226000E1FAFF54E20314AAE10315AAE00316AA57
:1022700020ACFF977F020091C0FFFF17FD7BBCA938
:10228000FD030091F35301A9F30300AAE0F64FD038
:10229000F55B02A9006443F9F71B00F9000100B5E2
:1022A00014008012F55B42A9E003142AF35341A9FC
:1022B000F71B40F9FD7BC4A8C0035FD6F60301AA53
:1022C000F70302AA011040F9000880D221FC009116
:1022D00021E47A921B8FFF97F50300AA20FEFFB43A
:1022E000E20300AA210080520000805215FFFF97F0
:1022F000A000F83614008012E00315AAC38CFF97E3
:10230000E9FFFF17E10315AAE00313AA020880D230
:10231000F8ABFF97651E4079602E40397432403922
:10232000642E40791420142A65FEFF34624240393D
:1023300022FEFF3460564039011E80521FDC0371BB
:102340000490417A81FDFF5480020851003C001244
:102350001F00387108FDFF54E303142A600400D104
:102360001F0003EA81FCFF5460364039663640396D
:1023700020FCFFB4010400D13F0000EAC1FBFF5480
:1023800064000035602640B960FBFF346146403987
:10239000947E0553604A4039940600512020002A5B
:1023A0009402006A81FAFF5444010035612640B965
:1023B00001010034A102019100048052E00200B941
:1023C000420380D2E00316AACAABFF97CBFFFF17E8
:1023D000003C7BD34214041B619200910008C39A15
:1023E000635240394200000B604E40390320032AFB
:1023F00043000035632240B96300024B80018052E4
:10240000020280526308C61A7FD43F710030821ADC
:10241000EBFFFF17FD7BB7A922200091FD03009180
:10242000F35301A9F40300AAF30301AAE0430191C5
:10243000E1C30091F51300F991FFFF970005003506
:10244000660A40B9F503002AE0F64FD000A01991C2
:10245000DF80007121010054E17740B9610E00B9BD
:10246000E17340B9612E00B941010035010440F922
:10247000612E00B907000014E1CF4079610E00B968
:10248000E13340F9219C58D3612E00B9A1FEFF34FD
:10249000E1BF4079E3834139620E40B9633200B94C
:1024A00061220079E47741396304021B631600B9A5
:1024B000E52F40F964360079A29C58D36232007946
:1024C000E10302AA020840F93F0002EB4001005478
:1024D000200000F000F81C91BAB0FF97B500801200
:1024E000F35341A9E003152AF51340F9FD7BC9A870
:1024F000C0035FD6A4000035200000F000A41D91A9
:10250000B0B0FF97F6FFFF17807C011B1F404071A2
:10251000E9000054E103002A2200A052200000F04C
:10252000000C1E91A7B0FF97EDFFFF1784781F5393
:10253000DF80007121030054E07F40B96300044B49
:10254000631E00B9602A00B900008012602200B941
:10255000C00080527F4A0039217C001B000880D2D5
:1025600021FC001121347A92768EFF97600200F9E7
:1025700060FBFFB4930200F9602A40B98002012990
:10258000602A40B9807E0229200080D2800E00F9A6
:102590009F1200F9D3FFFF17E23340F90000805289
:1025A000425C48D342E87BD34208C19A622600B914
:1025B0004200044B4200030B621E00B9E2FFFF170A
:1025C000FD7BBDA9FD030091F35301A9F51300F9AB
:1025D000F5F64FD0021040F942FC009142E47A92A5
:1025E00042000191FF6322CBA06603F9F3FF009143
:1025F000020C80D273E67A92E0F64FD000A01991D7
:102600003CABFF97E20313AA2100805200008052E6
:102610004CFEFF971F04007120010054BF6603F9B0
:1026200014008012BF030091E003142AF35341A960
:10263000F51340F9FD7BC3A8C0035FD660FA07918C
:10264000420080D2210000F021B41E915CABFF97C4
:10265000F403002A40FEFF352100009060DA00916B
:1026600021102091620080D255ABFF97C0FDFF344E
:1026700021000090604A019121202091A20080D287
:102680004FABFF9700FDFF34E5FFFF17FD7BB8A9B7
:10269000E2F64FD0FD0300915F6403F9E2830091FD
:1026A000F35301A9F30300AAF403012A54B1FF97DD
:1026B0004002003454010034620640B9E103142A98
:1026C000200000F000C01E913EB0FF970000801275
:1026D000F35341A9FD7BC8A8C0035FD6600E40F943
:1026E000FF0302A9601240F9E01B00F9FFE3003983
:1026F000FF630139FF7B00B9E1830091E00313AA76
:10270000B0FFFF97F3FFFF17FD7BBDA9FD0300910D
:10271000F35301A9F30300AAF55B02A9001440B921
:10272000E0000034150080D2F35341A9E00315AA5C
:10273000F55B42A9FD7BC3A8C0035FD6630240F9E5
:10274000F60301AA621240B9601A40B974344079A4
:10275000827E021BA0040034600840B91F80007113
:1027600040040054601440B9632440B94000000B99
:102770006200024B9F02026B9492821A75020691CC
:10278000E103142AE20315AAEEFDFF97C0FCFF3710
:10279000600240F900304079007C141BC00200B98F
:1027A000601A40B9611240B9610E00B940020034AC
:1027B000620240F9400840B91F800071C001005416
:1027C00021040011611200B940344079007C011BE2
:1027D000412440B91F00016B83FAFF54200080524E
:1027E000601600B9D1FFFF17601C40B94000000B14
:1027F000E3FFFF17600240F9EBFDFF97601200B99D
:102800001F040071C9FEFF54610240F9210840B95C
:102810003F800071C00000543F40007102FE8152B1
:1028200001FE9F522100821AEBFFFF17E15F1C326D
:10283000E9FFFF17FD7BBDA9FD030091F30B00F934
:10284000F30300AA011C40B941020035E1B3009135
:10285000AEFFFF97800000B57F1200F9000080D224
:1028600009000014E12F40B9217C055321040051D7
:10287000611E00B9601200F9601240F90100403990
:10288000E1FEFF34F30B40F9FD7BC3A8C0035FD624
:10289000001040F921040051611E00B90080009130
:1028A000F5FFFF17FD7BBAA9FD030091F35301A9C2
:1028B000F30300AAF55B02A9F76303A9F92300F962
:1028C0001FA400F9E00313AADBFFFF97F40300AA9B
:1028D000200100B5000080527F1A00F9F35341A98E
:1028E000F55B42A9F76343A9F92340F9FD7BC6A82C
:1028F000C0035FD6601E40B9610E40B9600605296D
:10290000601240F9601A00F9820240395F94037145
:10291000A0FDFF54812E403981041836210C00128D
:102920003F3C007101FDFF54E2FC37361500403991
:10293000F40300AA19344039F6430191B57A19120B
:1029400077E20091020080D2B5060051BF06003147
:10295000A1080054800240391F9403710418457A7D
:1029600020FBFF5462C2228B010080D20000805203
:102970005FE00039027C0153401C002A826A613802
:10298000210400910000020B001C00123F2C00F1FA
:1029900021FFFF543F03006B61F9FF5454F9FFB46A
:1029A00060E2009160A600F976E20491E10314AAC6
:1029B000F50316AAE00316AA020180D24DAAFF97DA
:1029C0007F020539A1024039E01B80523F00006AB6
:1029D000E10900548032403980001836A102164BBC
:1029E000E00316AA47FDFF9781224039E01B805281
:1029F0003F00006A60020054F70315AAC005805228
:102A000081220091620080D2E0160038E00317AA0C
:102A100038AAFF978032403980002036E00317AA99
:102A2000610080D237FDFF97BF120039F50317AA66
:102A3000A1024039E01B80523F00006AC1060054E9
:102A4000BF02003960E244391F94037181060054CB
:102A50007FE2043960A640F9C00600B4200080522D
:102A60009FFFFF1783060091000080D201F87FD3FB
:102A700061686138016836388102003400040091D1
:102A80001F1400F141FFFF54813A009123004039A7
:102A9000C3CA2038A30100340004001121080091AA
:102AA0001F2C007141FFFF5481724039E16F0139E1
:102AB000C1000034807A4039E07301391F00007191
:102AC000E0079F1A003000115800000B1FFF037130
:102AD000ACEFFF54147C4093E10317AAE0C2208BB3
:102AE0001FAAFF97E20314AAE10316AAE00317AA9C
:102AF00000AAFF97E00313AA4FFFFF97F40300AA71
:102B000020EEFFB4027F409390FFFF17B5060091BF
:102B1000ADFFFF17B5060091C6FFFF171F14007128
:102B2000A1F9FF544003801260E20439CAFFFF1785
:102B300076A600F9CAFFFF17FD7BBBA9FD03009134
:102B4000F35301A9F30300AAF55B02A9F50301AA57
:102B5000F76303A9F703022AF96B04A91AE00491A9
:102B6000990B8052F40315AA80024039800000348A
:102B70001FBC00710410597A80010054E00314AAAC
:102B80008FA9FF97000500B5570108372000801274
:102B9000F35341A9F55B42A9F76343A9F96B44A933
:102BA000FD7BC5A8C0035FD694060091EFFFFF1719
:102BB00000008052F7FFFF17B5060091A0024039D0
:102BC000800000341FBC00710410597A61FFFF546B
:102BD000601A40B900050034A20214CB5F0400F172
:102BE00061020054210000F021501F91E00314AA5B
:102BF0005CA9FF9700040035600240F9012840B944
:102C000061860129002840B9600A00B97F1600B921
:102C10007F1E00B97F1200F9A002403940FAFF354B
:102C2000DAFFFF17F50314AAE5FFFF175F0800F1AD
:102C300021020054210000F0214C1F91ECFFFF17EE
:102C4000010080522C000014402840B96082012904
:102C5000402840B9600A00B9200080522B000014BF
:102C6000A002403940F9FF3557FA07376002801259
:102C7000C8FFFF17B80214CBE00313AA0AFFFF979F
:102C800060F8FF3460A640F94DA9FF971F0300EBE1
:102C900061A640F90023809A167C4092E00314AAB2
:102CA000E20316AA00A9FF972001003460A640F9AC
:102CB0001F001AEB20FEFF54E20316AAE1031AAA32
:102CC000E00314AAF8A8FF9780FDFF35611240F9D0
:102CD000202C403960FC2736620240F920344079CC
:102CE000430840B97F800071C1FAFF542128407920
:102CF000213C10530000010B600A00B960FAFF3458
:102D000060820129000080527F8202297F1E00B963
:102D10007F1200F994FFFF17FD7BB5A9FD03009119
:102D2000F76303A9F80301AA013080D2F70302AACE
:102D30002100A0F2F35301A9F30300AA000880D2F6
:102D4000F55B02A9F96B04A9FA0303AAF90304AA23
:102D5000FB7305A97B8CFF97801800B4FC0300AAC5
:102D6000E1E30191ACFDFF97F503002AC0050035B2
:102D7000E10313AAE0031CAA220080526FFFFF9711
:102D8000F503002AC0040035811340F9E28340B9FD
:102D9000F6274179202840795F800071341C40B9C2
:102DA00033344079003C10533F0300F9E12341796B
:102DB00000009F1AFF0214EB2A0300545F0300F186
:102DC0008D000054FA021A8B9F021AEB94D29A9A41
:102DD000D67E011B7302000B1BFE9F52FA0316AA3C
:102DE000FF021AEB4A030054DA021ACB5403148B85
:102DF000F7021AAB800A0054DF0214EB000880D2FD
:102E0000DAD2949A41FF009121E47A924D8CFF9797
:102E1000FB0300AA800400B515008012E03F40F9D2
:102E2000FA89FF97E0031CAAF889FF97F35341A999
:102E3000E003152AF55B42A9F76343A9F96B44A99E
:102E4000FB7345A9FD7BCBA8C0035FD6E103132A22
:102E5000E0E3019154FCFF97F303002A1F04007183
:102E600002FE8152A8000054200000F000581F917B
:102E700054AEFF97E9FFFF17E08340B91F80007150
:102E8000E00000541F4000716003821A7F02006B53
:102E9000C2FEFF545A03168BD2FFFF17E05F1C32AD
:102EA000FBFFFF17E20300AAE3031AAAE103132AB8
:102EB000E0E3019194FCFF97E0000034200000F073
:102EC00000A41F913FAEFF97E0031BAACF89FF9795
:102ED000D2FFFF1794021ACB5A0317CBE2031AAAA8
:102EE0006103178BE00318AA02A9FF97E0031BAA4E
:102EF000C689FF97200340F900001A8B200300F9D0
:102F0000F4F8FFB4E103132AE0E3019118031A8BEC
:102F100025FCFF97F303002A1F04007169FAFF5490
:102F2000E08340B91F800071C00200541F4000714F
:102F300001FE815200FE9F520000811A7F02006B49
:102F400042F9FF54FB0316AAF703132A1AFE815213
:102F50007F0314EBAB010054837E4093E20318AA75
:102F6000E103132AE0E3019167FCFF97A00200351B
:102F7000200340F90000148B200300F9A8FFFF177D
:102F8000E05F1C32EEFFFF17E103172AE0E3019137
:102F900005FCFF9701040051FF02016B8001005402
:102FA000637F4093E20318AAE103132AE0E301914F
:102FB000E33700F954FCFF97E33740F9600200342F
:102FC000200000F000A41F91AAFFFF171F0400714A
:102FD000C9F4FF54E18340B93F80007120010054DF
:102FE0003F40007101FE9F5221009A1A1F00016BA1
:102FF000C2F3FF547B03168BF703002AD5FFFF179C
:10300000E15F1C32FAFFFF17200340F9E103172AA2
:1030100094021BCB18031B8B0000038B200300F9C9
:10302000E0E30191E0FBFF97F303002A1F04007126
:10303000C9F1FF54E08340B91F80007120010054A2
:103040001F40007100FE9F5200009A1A7F02006B21
:10305000C2F0FF54FB0316AAE003132AE7FFFF1791
:10306000E05F1C32FAFFFF177501801270FFFF1737
:10307000F0A6020000000000A0A602000000000070
:10308000A0A602000000000050A602000000000000
:1030900000A6020000000000F0A6020000000000F0
:1030A000A0A602000000000050A6020000000000E0
:1030B00000A6020000000000B0A502000000000011
:1030C000B0A502000000000060A5020000000000A2
:1030D00060A502000000000020A502000000000022
:1030E000E0A4020000000000E0A4020000000000D4
:1030F000A0A402000000000060A402000000000084
:1031000020A5020000000000E0A402000000000072
:10311000A0A402000000000060A402000000000063
:1031200020A402000000000020A402000000000013
:10313000E0A3020000000000E0A302000000000085
:103140007482020000000000000000000000000087
:10315000000000000000000000000000000000006F
:103160001E8C0200000000000000000000000000B3
:103170002F8C020000000000000000000000000092
:10318000448C02000000000000000000000000006D
:10319000568C02000000000000000000000000004B
:1031A0006C8C020000000000000000000000000025
:1031B000000000000000000000000000000000000F
:1031C000A15002000000000000000000000000000C
:1031D000B2500200000000000000000000000000EB
:1031E00000000000000000000000000000000000DF
:1031F00070ED0000000000005CEE00000000000028
:10320000F0ED0000000000000000000000000000E1
:103210000000000000000000F48702000000000031
:10322000344202000000000002880200000000009A
:103230000000000000000000038702000000000002
:103240003C42020000000000108802000000000064
:103250003C420200000000000000000000000000EE
:10326000000000000000000000000000000000005E
:10327000E0D601000000000050DA0100000000006C
:10328000000000000000000000000000000000003E
:10329000000000000000000000000000000000002E
:1032A000000000000000000000000000000000001E
:1032B000000000000000000000000000000000000E
:1032C000683202000000000048D801000000000041
:1032D0008CD601000000000000000000000000008B
:1032E00000000000000000000000000000000000DE
:1032F0006E6A0200000000000000000000000000F4
:1033000000000000000000000000000000000000BD
:1033100000000000000000000000000000000000AD
:103320000000000000000000140301000000000085
:10333000000000000000000000000000000000008D
:10334000000000000000000000000000000000007D
:103350005E84020000000000000000000000000089
:10336000000000000000000000000000000000005D
:10337000000000000000000000000000000000004D
:1033800000000000000000007002010000000000CA
:10339000000000000000000000000000000000002D
:1033A0006002010000000000600201000000000057
:1033B000000000000000000000000000000000000D
:1033C0000000000000000000680201000000000092
:1033D00000000000000000000000000000000000ED
:1033E00000000000000000000000000000000000DD
:1033F000F795020000000000FE95020000000000AA
:10340000EA95020000000000F595020000000000AF
:10341000FC9502000000000003960200000000007E
:10342000A491020000000000A07002000000000053
:10343000000000000000000000000000000000008C
:10344000000000000000000088540100000000009F
:10345000385401000000000000510100000000008D
:10346000000000000000000000000000000000005C
:1034700000000000000000005E9602000000000056
:10348000000000000000000000000000000000003C
:103490000000000000000000941B0200000000007B
:1034A000581A020000000000241A02000000000068
:1034B000000000000000000000000000000000000C
:1034C0000000000000000000108701000000000064
:1034D000A07F0100000000000000000000000000CC
:1034E00000000000000000000000000000000000DC
:1034F00000000000000000000000000000000000CC
:1035000000000000000000000000000000000000BB
:1035100000000000000000002D8A020000000000F2
:1035200064F20100000000003D8A0200000000007B
:1035300064F2010000000000538A02000000000055
:1035400064F2010000000000698A0200000000002F
:1035500064F20100000000007F8A02000000000009
:1035600064F2010000000000958A020000000000E3
:1035700064F2010000000000AA8A020000000000BE
:10358000C0F2010000000000BD8A0200000000003F
:1035900064F2010000000000CE8A0200000000007A
:1035A00064F2010000000000E78A02000000000051
:1035B000B4F2010000000000F78A020000000000E1
:1035C000C0F2010000000000078B020000000000B4
:1035D00064F20100000000001B8B020000000000EC
:1035E00064F20100000000002C8B020000000000CB
:1035F00064F20100000000003C8B020000000000AB
:1036000064F20100000000004D8B02000000000089
:1036100064F20100000000005D8B02000000000069
:1036200064F2010000000000000000000000000043
:10363000000000000000000010F401000000000085
:10364000000000000000000090F8010000000000F1
:10365000000000000000000000000000000000006A
:10366000000000000000000000000000000000005A
:10367000000000000000000000000000000000004A
:10368000000000000000000030FB0100000000000E
:10369000383602000000000054F401000000000071
:1036A0002CF40100000000000000000000000000F9
:1036B000000000000000000000000000000000000A
:1036C00000000000000000005D9402000000000007
:1036D00001000000000000007294020000000000E1
:1036E00002000000000000009194020000000000B1
:1036F0000300000000000000A6940200000000008B
:103700000800000000000000C59402000000000056
:103710000900000000000000EF940200000000001B
:103720000A000000000000002195020000000000D7
:103730000B00000000000000539502000000000094
:103740000C00000000000000849502000000000052
:103750000D00000000000000B59502000000000010
:10376000F168020000000000766002000000000026
:1037700068600200000000005C60020000000000C1
:103780000000000000000000BD6502000000000015
:10379000CE65020000000000DD65020000000000B0
:1037A000ED65020000000000FF650200000000005F
:1037B0000F66020000000000226602000000000008
:1037C00033660200000000004566020000000000B1
:1037D000566602000000000069660200000000005A
:1037E0007E660200000000009066020000000000FB
:1037F000A166020000000000B366020000000000A5
:10380000C466020000000000D7660200000000004D
:10381000EA66020000000000FB66020000000000F3
:1038200054840200000000000000000000000000BE
:103830000000000000000000000000000000000088
:103840000000000000000000000000000000000078
:103850000000000000000000000000000000000068
:103860000000000000000000000000000000000058
:1038700050C501000000000070C5010000000000FC
:103880000000000000000000000000000000000038
:103890000000000000000000000000000000000028
:1038A0006A84020000000000000000000000000028
:1038B0000000000000000000000000000000000008
:1038C000A0C4010000000000000000000000000093
:1038D00000000000000000000000000000000000E8
:1038E00070C40100000000000000000000000000A3
:1038F00048C401000000000018C4010000000000DE
:1039000000000000000000000000000000000000B7
:1039100000000000000000000000000000000000A7
:103920009B6F02000000000000000000000000008B
:103930000000000000000000000000000000000087
:10394000D46A020000000000000000000000000037
:10395000DF6A02000000000000000000000000001C
:103960000000000000000000000000000000000057
:10397000E66B0200000000000000000000000000F4
:103980000000000000000000000000000000000037
:103990000000000000000000000000000000000027
:1039A000E438010000000000583801000000000069
:1039B000E037010000000000743701000000000043
:1039C0002837010000000000000000000000000097
:1039D00000000000000000000000000000000000E7
:1039E0009D840200000000000000000000000000B4
:1039F00000000000000000000000000000000000C7
:103A000030C701000000000094C601000000000063
:103A100000000000000000000000000000000000A6
:103A20000000000000000000000000000000000096
:103A30006CC60100000000003CC601000000000050
:103A40000000000000000000000000000000000076
:103A50000000000000000000000000000000000066
:103A600046690200000000000000000000000000A5
:103A70000000000000000000000000000000000046
:103A8000E05D0100000000000000000000000000F8
:103A90000000000000000000947A01000000000017
:103AA0000000000000000000E8FC01000000000031
:103AB0000885020000000000000000000000000077
:103AC000108502000000000000000000000000005F
:103AD0001985020000000000010000000000000045
:103AE0002D85020000000000000000000000000022
:103AF00041850200000000000000000000000000FE
:103B000052850200000000000000000000000000DC
:103B100000000000000000000000000000000000A5
:103B200008CE01000000000040CC010000000000B1
:103B3000E4CC0100000000000000000000000000D4
:103B40007CCC01000000000000000000000000002C
:103B5000000000000000000044CD01000000000053
:103B6000D0CA010000000000D36C02000000000079
:103B70002811000000000000DF6C020000000000BF
:103B80000811000000000000EB6C020000000000C3
:103B90001011000000000000F76C0200000000009F
:103BA0000410000000000000036D0200000000008F
:103BB00004110000000000000F6D02000000000072
:103BC00008110000000000001B6D02000000000052
:103BD0001011000000000000276D0200000000002E
:103BE0000811000000000000336D0200000000001A
:103BF00010110000000000003F6D020000000000F6
:103C000008100000000000004B6D020000000000E2
:103C10000810000000000000576D020000000000C6
:103C20000821000000000000636D02000000000099
:103C300010210000000000006F6D02000000000075
:103C400028100000000000007B6D02000000000052
:103C50000813000000000000886D02000000000052
:103C60001013000000000000956D0200000000002D
:103C70001813000000000000A26D02000000000008
:103C80000810000000000000B06D020000000000FD
:103C90001011000000000000BE6D020000000000D6
:103CA0001011000000000000CC6D020000000000B8
:103CB0000811000000000000DA6D020000000000A2
:103CC0000811000000000000E56D02000000000087
:103CD0000811000000000000F06D0200000000006C
:103CE0001011000000000000FB6D02000000000049
:103CF0001811000000000000066E02000000000025
:103D00001011000000000000116E02000000000011
:103D100008110000000000001C6E020000000000FE
:103D200008110000000000002B6E020000000000DF
:103D3000081000000000000000000000000000006B
:103D40000000000000000000000000000000000073
:103D50000000000000000000443E010000000000E0
:103D60000C3E0100000000009C410100000000002A
:103D7000F43C010000000000003C010000000000D5
:103D8000E43B010000000000000000000000000013
:103D900000000000000000003F6F02000000000073
:103DA0000000000000000000256F0200000000007D
:103DB0000000000000000000326F02000000000060
:103DC00000000000000000000000000000000000F3
:103DD0000000000000000000B96A020000000000BE
:103DE00000000000000000007577020000000000E5
:103DF00000000000000000008E77020000000000BC
:103E000000000000000000009977020000000000A0
:103E100000000000000000005F77020000000000CA
:103E20000000000000000000000000000000000092
:103E30000000000000000000000000000000000082
:103E40003CA101000000000024A0010000000000CF
:103E50000000000000000000000000000000000062
:103E60000000000000000000000000000000000052
:103E70000000000000000000000000000000000042
:103E80000000000000000000AC770200000000000D
:103E90000000000000000000CE77020000000000DB
:103EA0000100000000000000EA77020000000000AE
:103EB00002000000000000000C780200000000007A
:103EC00003000000000000002E7802000000000047
:103ED0000400000000000000507802000000000014
:103EE00005000000000000007278020000000000E1
:103EF00007000000000000009578020000000000AC
:103F00000800000000000000B2780200000000007D
:103F10000B00000000000000CB7802000000000051
:103F20000C00000000000000EA7802000000000021
:103F30000D00000000000000288C010000000000BF
:103F40000000000000000000DC8D01000000000007
:103F5000C09601000000000000000000000000000A
:103F6000D88C0100000000000000000000000000EC
:103F7000DC8B010000000000608C010000000000EC
:103F80000000000000000000000000000000000031
:103F900000000000000000008D6A02000000000028
:103FA0000000000000000000000000000000000011
:103FB0000000000000000000BA6E020000000000D7
:103FC00000000000000000000000000000000000F1
:103FD00000000000000000001A7402000000000051
:103FE00000000000000000000000000000000000D1
:103FF0000000000000000000C44E020000000000AD
:1040000000000000000000000000000000000000B0
:1040100000000000000000000000000000000000A0
:104020000000000000000000000000000000000090
:104030005C18020000000000B01802000000000040
:104040000000000000000000496E020000000000B7
:104050000000000000000000000000000000000060
:104060000000000000000000C3810200000000000A
:104070000000000000000000000000000000000040
:1040800000000000000000004CAC01000000000037
:1040900004AC01000000000034AD0100000000008D
:1040A00020AD0100000000009C1000000000000096
:1040B000E41000000000000000000000000000000C
:1040C000F258020000000000855D020000000000C0
:1040D0001900000000000000905D020000000000D8
:1040E000A55D0200000000000500000000000000C7
:1040F000BA5D020000000000C05D02000000000088
:104100000200000000000000C65D02000000000088
:10411000CD5D02000000000016000000000000005D
:10412000D45D020000000000D85D02000000000025
:104130001700000000000000E15D02000000000028
:10414000E75D020000000000120000000000000017
:10415000EE5D020000000000F45D020000000000BF
:104160001A00000000000000855B02000000000053
:10417000FA5D0200000000001100000000000000D5
:104180003957020000000000185E02000000000025
:104190000E000000000000001F5E02000000000092
:1041A000275E020000000000100000000000000078
:1041B0002F5E020000000000335E020000000000DD
:1041C0001B00000000000000375E0200000000003D
:1041D0003F5E0200000000001C0000000000000024
:1041E0004E5E020000000000525E0200000000006F
:1041F0001D000000000000005F5E020000000000E3
:10420000635E020000000000FFFFFFFF00000000EF
:10421000F676020000000000F676020000000000C2
:10422000EFBEADDEEFBEADDEEFBEADDEEFBEADDEAE
:10423000EFBEADDE00000000010000000000000045
:104240000200000088000000000000008C00000058
:1042500090000000940000000000000098000000A2
:1042600000000000880000008C00000090000000AA
:1042700094000000980000009C000000A0000000D6
:10428000A400000000000040010000000600000043
:1042900000000020010000000500000000000040B8
:1042A00000000000020000000000002000000000EC
:1042B00001000000000000100000000000000000ED
:1042C00010270000A086010040420F008096980051
:1042D00000000000000000000000000000000000DE
:1042E00040787D0180BA8C0180F0FA0200751903D4
:1042F0000075190340787D0180F0FA0200E1F505B0
:1043000080F0FA0200D4650C00C2EB0B00C2EB0B8C
:1043100000C2EB0BA0860100A00F00005C120000A1
:10432000E80300002C010000801A0600580200007B
:10433000140500002C0100002C01000040420F0079
:1043400004010000F401000004010000F401000079
:1043500040E133003C000000A000000078000000B5
:1043600078000000B3000000010000000100000020
:10437000E600000001000000010000000300000052
:104380004A0000007F000000070000004A00000013
:104390007F0000000400000000000060000000003A
:1043A0000300000000000070000000000100000099
:1043B000000000700000000000000000000000701D
:1043C000000000000000044000010440000204401E
:1043D00000030440000404400104044000050440BC
:1043E0000000054000010540000000000100000041
:1043F00002000000030000000000000005000000B3
:10440000010000000400000009000000000000306E
:104410001300000007000000000000300000000052
:10442000080000000000003000000000060000004E
:10443000000000300000000002000000000000301A
:104440000000000005000000000000300000000037
:10445000000000000000003000000000000106081D
:10446000010006080A0A0C0C0000800017007D00FD
:10447000250080008000800080008000360036002B
:104480003600360080002E00800080002E00800064
:104490007D007D0020BB150000000300000001002E
:1044A00020000001000000004100000020BA1600BA
:1044B00000000300000001004000000100000000B7
:1044C0004000000020BB16000000030000000100B7
:1044D00040000001000000004000000020BA17006A
:1044E0000000030000000100800000010000000047
:1044F0004100000020BB1700000003000000010085
:1045000080000001000000004100000020BB1800F6
:104510000000030000000100000100010000000095
:104520004100000020BA1800000003000000010054
:1045300000010001000000004100000020BA191035
:10454000440006000000010000020001000000001D
:10455000E108000020BA190000000300000001007B
:104560000002000100000000E100000020BB191063
:1045700044000600000001000002000100000000ED
:10458000C108000020BB190000000300000001006A
:104590000002000100000000C100000020BB180064
:1045A0000000030000000100000100010000000005
:1045B000C100000020BB20104400060000000100E4
:1045C0000004000100000000E108000020BB200002
:1045D00000000300000001000004000100000000D2
:1045E000C100000020BA20104400060000000100B5
:1045F0000004000100000000C108000020BA2000F3
:1046000000000300000001000004000100000000A1
:10461000C100000020BA21000000030000000100DA
:104620000008000100000000C110000020BB2100B4
:10463000000003000000010000080001000000006D
:10464000C110000021BA200000000300000001009A
:104650000008000100000000C110000020BB211074
:1046600044000600000001000008000100000000F6
:10467000C118000020BB2200000003000000010060
:104680000010000100000000C110000020BA22004C
:104690000000030000000100001000010000000005
:1046A000C11800002C5B1B10410006000000020036
:1046B0000004000100000000801801002C5B1C00B9
:1046C00000000300000002000008000100000000DC
:1046D000801801000102154D0000050000000100D6
:1046E0004000000100000000600000000102164DC3
:1046F0000000050000000100800000010000000033
:10470000600000000102194D008006000000040056
:104710008000000100000000604000000102194D0F
:1047200001800600000001000002000100000000FE
:10473000604000000102204D0080060000000400DF
:104740000001000100000000604000000102174D60
:10475000018106000000010080000001000000004F
:10476000604000000120184D01810600000001009A
:104770000001000100000000604000000102194D2E
:10478000018106000000010000020001000000009D
:10479000604000000102204D00810600000004007E
:1047A0000001000100000000604000000102204DF7
:1047B00000000500000004000001000100000000EE
:1047C000604000000102204D0100050000000100D2
:1047D0000004000100000000604000000102204FC2
:1047E00000000500000004000001000100000000BE
:1047F000604000000102214D00000500000004009F
:104800000002000100000000600000000120180309
:10481000000005000000040040000001000000004E
:104820000000000001201803010005000000010045
:104830000001000100000000000000000120184DF0
:1048400001800600000001000001000100000000DE
:10485000604000000120184D000005000000040029
:104860004000000100000000604000000120184DE1
:10487000010005000000010000010001000000002F
:10488000604000000102130000000300000001006E
:1048900010000001000000000000000001021400F0
:1048A00000000300000001002000000100000000E3
:1048B00000000000010215000000030000000100DC
:1048C000400000010000000000000000010216008E
:1048D0000000030000000100800000010000000053
:1048E000000000000140150000000300000001006E
:1048F00020000001000000006100000001401700DE
:104900000000030000000100800000010000000022
:10491000010000000140140000000300000001003D
:1049200010000001000000002100000001601700DD
:1049300000000300000001008000000100000000F2
:104940006108000001601800000003000000010081
:104950000001000100000000610800000160190072
:104960000000030000000100000200010000000040
:1049700061080000342A1A0F0390060000000400AA
:10498000000100010000000060480000342A1B0FF5
:104990000390060000000400000200010000000077
:1049A00060480000342A1C0F00900600000004003C
:1049B000000400010000000060180000342B1A0FF2
:1049C0000390060000000400000100010000000048
:1049D00060480000342B1B0F039006000000040009
:1049E000000200010000000060480000342B1C0F92
:1049F0000090060000000400000400010000000018
:104A000060180000342B190F089006000000020007
:104A100000010001000000004008000020201100FB
:104A200000000300008000000400000100000000FE
:104A30000000000020201200000003000000010020
:104A4000040000010000000000000000202013000E
:104A50000000030000000100080000010000000049
:104A600000000000202014000000030000000100EE
:104A700010000001000000000000000020201500D0
:104A80000000030000000100200000010000000001
:104A900000000000202016000000030000000100BC
:104AA000400000010000000000000000202017006E
:104AB0000000030000000100800000010000000071
:104AC0000000000020201800000003000000040087
:104AD00040000001000000000000000020801500E0
:104AE00000000300000001002000000100000000A1
:104AF000010000002071150000000300000001000B
:104B0000200000010000000061000000207117007B
:104B10000000030000000100800000010000000010
:104B20000000000000000000000000000000000085
:104B3000000000000000000000000000000026014E
:104B4000D0FFD0FFD0FFD0FF2B01D0FFD0FFD0FF90
:104B5000D0FFFA0043014E00D0FFD0FF3400D0FF59
:104B60002C01D0FFD0FF2301000000000100F4FD64
:104B70000200F4FDF4FDF4FD03000001020304054E
:104B8000060708090A0B0C0D0E0F030201000504AD
:104B9000070608090A0B0C0D0E0F030B1B66647445
:104BA0005F66697875705F6D656D6F72795F626160
:104BB0006E6B730073706C5F6E6F64655F746F5FB4
:104BC000626F6F745F6465766963650073706C5FB4
:104BD00072656769737465725F6661745F64657638
:104BE000696365006669745F66696E645F636F6EB2
:104BF0006669675F6E6F646500706361393533782D
:104C00005F726561645F73696E676C6500736F6383
:104C1000667067615F64747265675F70726F62650A
:104C20000073646863695F63646E735F7365745F68
:104C300074756E655F76616C00626973745F6D6533
:104C40006D5F696E69745F62795F6164647200624E
:104C50006F6172645F626F6F745F6F726465720020
:104C60006C6F61645F73696D706C655F6669740019
:104C700073706C5F6C6F61645F696D6167655F66BF
:104C8000617400706361393533785F777269746578
:104C90005F73696E676C65006164645F6D74645F07
:104CA000646576696365006F75745F6F665F6261E6
:104CB0006E645F626973745F6D656D5F696E697460
:104CC0005F73746172740073706C5F6C6F61645FAA
:104CD00073696D706C655F666974006664745F7299
:104CE00065636F72645F6C6F616461626C650065BF
:104CF00063635F696E746572727570745F737461FB
:104D0000747573006563635F656E61626C655F7384
:104D10007461747573006765745F6D656D5F776945
:104D20006474685F696E666F006664745F66696E5E
:104D3000645F6F725F6164645F7375626E6F6465F8
:104D4000006765745F6D656D5F746563686E6F6C39
:104D50006F677900696E69745F6D656D5F63616C23
:104D600000696F3936625F63616C5F73746174757B
:104D7000730069735F6D61696C626F785F737065F2
:104D8000635F636F6D70617469626C6500696F3930
:104D900036625F6D625F7265710008080808080876
:104DA00008080828282828280808080808080808E3
:104DB00008080808080808080808A01010101010B3
:104DC000101010101010101010100404040404042B
:104DD000040404041010101010101041414141410E
:104DE0004101010101010101010101010101010173
:104DF0000101010101101010101010424242424204
:104E00004202020202020202020202020202020242
:104E10000202020202101010100800000000000040
:104E20000000000000000000000000000000000082
:104E300000000000000000000000A0101010101082
:104E40001010101010101010101010101010101062
:104E500010101010101010101010010101010101AC
:104E60000101010101010101010101010101010132
:104E7000011001010101010101020202020202020C
:104E80000202020202020202020202020202020202
:104E900002100202020202020202626F6172645F89
:104EA000257500515350493A205265666572656E0A
:104EB000636520636C6F636B206174202564206BD5
:104EC000487A0A00616C74722C7273742D6D67726B
:104ED00000277379736D67722720616C6961732095
:104EE0006E6F7420666F756E6420696E20646576DF
:104EF00069636520747265650A00416C746572614E
:104F00002073797374656D206D616E6167657220C1
:104F1000696E6974206661696C65643A2025640A6B
:104F2000004D5055202020202020202531306420A5
:104F30006B487A0A004C34204D61696E09202020AC
:104F400020253864206B487A0A004C34207379732A
:104F5000206672656520253864206B487A0A004C0B
:104F600034204D5020202020202020253864206B24
:104F7000487A0A004C342053502020202020202042
:104F8000253864206B487A0A0053444D4D43202055
:104F90002020202020253864206B487A0A005761A1
:104FA000726D20005B66726F6D2053444D5D200072
:104FB000436F6C64005761746368646F67004D50A1
:104FC000550052657365742073746174653A2025C9
:104FD000732573002854726967676572656420627F
:104FE00079202573202564290A00257320646576BD
:104FF0005F726561645F616464722829206661691B
:105000006C65640A002573204661696C65642074D0
:105010006F20726561642073797374656D206D61B2
:105020006E61676572206174206C6F7765722070A5
:10503000726976696C65676520616E642077697452
:10504000686F757420424C33310A00257320466125
:10505000696C656420746F20777269746520746F61
:105060002073797374656D206D616E616765722060
:105070006174206C6F7765722070726976696C65F7
:10508000676520616E6420776974686F757420426B
:105090004C33310A00616C74725F7379736D67729F
:1050A00000616C74722C7379732D6D67722D73317E
:1050B0003000616C74722C7379732D6D6772002FE0
:1050C00063686F73656E0025733A202F63686F7392
:1050D000656E206E6F7420666F756E642C2075731C
:1050E000696E672064656661756C740A0025733AA1
:1050F000206C696D697420256420746F2073706C56
:105100005F626F6F745F6C69737420657863656547
:105110006465640A006465766963655F74797065C7
:105120000025733A20756E6B6E6F776E206465761E
:105130006963655F747970652025730A00752D6257
:105140006F6F742C73706C2D626F6F742D6F72643F
:1051500065720025733A2073706C2D626F6F742D29
:105160006F7264657220696E76616C69642C20755B
:1051700073696E672064656661756C740A002573D7
:105180003A206E6F2076616C696420656C656D6590
:105190006E742073706C2D626F6F742D6F72646506
:1051A00072206C6973740A00736F63667067612D97
:1051B000736D6D752D7365637572652D636F6E66A6
:1051C00069670048505320534D4D552073656375F2
:1051D00072652073657474696E677320696E697493
:1051E000206661696C65643A2025640A00736F6308
:1051F000667067612D6363752D636F6E6669670006
:10520000485053204343552073657474696E677327
:1052100020696E6974206661696C65643A20256452
:105220000A00736F63667067612D666972657761E6
:105230006C6C2D636F6E6669670048505320666919
:10524000726577616C6C2073657474696E67732026
:10525000696E6974206661696C65643A2025640A28
:10526000006664745F726F6F743A2025730A00538E
:10527000504C3A206664745F736872696E6B5F7439
:105280006F5F6D696E696D756D20657272202D207E
:1052900025640A0053504C3A20617263685F666966
:1052A0007875705F66647420657272202D202564A5
:1052B0000A0053504C3A2043616E6E6F7420736540
:1052C0007420757020626C6F626C6973740A00538D
:1052D000504C3A2043616E6E6F7420736574207574
:1052E000702053504C2068616E646F66660A0054EB
:1052F0007279696E6720746F20626F6F74206672B6
:105300006F6D2025730A004572726F723A20256412
:105310000A0053504C3A20556E737570706F72745A
:10532000656420426F6F7420446576696365210A65
:105330000053504C3A206661696C656420746F209C
:10534000626F6F742066726F6D20616C6C20626F8B
:105350006F7420646576696365730A0053504C3A34
:105360002053504C2068616E642D6F666620777202
:10537000697465206661696C656420286572723D98
:105380002564290A005761726E696E673A2046618A
:10539000696C656420746F2066696E697368206249
:1053A0006C6F626C69737420287265743D25642982
:1053B0000A000A552D426F6F742053504C20323032
:1053C00032362E303420284A756C2030312032306D
:1053D0003236202D2030373A31303A3439202B30D4
:1053E000303030290A0063616E6E6F742066696E1A
:1053F0006420696D616765206E6F64652027257381
:10540000273A2025640A0043616E2774206C6F617F
:10541000642025733A204E6F206C6F6164206164B4
:10542000647265737320616E64206E6F20627566AE
:105430006665720A0025733A20536B6970206C6FA1
:10544000616420272573273A20696D6167652073A1
:10545000697A652069732030210A0043616E6E6F9E
:10546000742067657420696D61676520646174618B
:105470002F73697A650A00232320436865636B698B
:105480006E6720686173682865732920666F7220D3
:10549000496D616765202573202E2E2E20004F4B0D
:1054A0000A0066647400436F756C64206E6F74202C
:1054B0006765742046495420627566666572206F80
:1054C0006620256C752062797465730A000963682B
:1054D00065636B20434F4E4649475F53504C5F53C3
:1054E00059535F4D414C4C4F435F53495A450A0055
:1054F000232320436865636B696E67206861736866
:105500002865732920666F7220636F6E6669672055
:105510002573202E2E2E20002F696D616765730084
:105520006C6F616461626C65730025733A2063611E
:105530006E2774206C6F616420696D616765206CF3
:105540006F616461626C657320696E6465782025A3
:10555000642028726574203D202564290A00617248
:1055600063680073706C3A20756E737570706F723B
:10557000746564206D6D6320626F6F74206465765E
:105580006963652E0A0073706C3A20636F756C64F2
:10559000206E6F7420696E697469616C697A652028
:1055A0006D6D632E206572726F723A2025640A0059
:1055B00073706C3A20636F756C64206E6F74206634
:1055C000696E64206D6D632064657669636520256E
:1055D000642E206572726F723A2025640A0073701F
:1055E0006C3A206D6D6320696E6974206661696C28
:1055F00065642077697468206572726F723A20253D
:10560000640A0073706C3A206D6D6320706172746F
:105610006974696F6E207377697463682066616965
:105620006C65640A0073706C3A206D6D633A207784
:10563000726F6E6720626F6F74206D6F64650A0011
:10564000752D626F6F742E697462004D4D43325F29
:1056500032004D4D4332004D4D4331002F66697489
:105660002D696D616765730025733A20666174204A
:10567000726567697374657220657272202D2025CA
:10568000640A0025733A206572726F722072656138
:1056900064696E6720696D6167652025732C2065DC
:1056A0007272202D2025640A005350492070726FB9
:1056B0006265206661696C65642E0A00752D626FF3
:1056C0006F742C73706C2D7061796C6F61642D6FC9
:1056D0006666736574005350490052414D00617213
:1056E0006368697465637475726500636F6D707269
:1056F000657373696F6E006F7065726174696E6750
:105700002073797374656D00696D616765207479C4
:10571000706500627A69703200677A6970006C7A2D
:105720006D61006C7A6F006C7A34007A7374640077
:105730006E6F6E6500616E7900752D626F6F74001B
:10574000552D426F6F742070686173650053504C23
:1057500020506861736500756E636F6D707265735C
:1057600073656400627A69703220636F6D70726570
:105770007373656400677A697020636F6D7072651A
:1057800073736564006C7A6D6120636F6D70726510
:1057900073736564006C7A6F20636F6D70726573EC
:1057A000736564006C7A3420636F6D707265737317
:1057B0006564007A73746420636F6D7072657373CF
:1057C000656400616973696D61676500446176694C
:1057D0006E63692041495320696D616765006669A0
:1057E0006C6573797374656D0046696C6573797364
:1057F00074656D20496D61676500666C61745F64F6
:105800007400466C61742044657669636520547247
:105810006565006770696D616765005449204B6577
:105820007973746F6E652053504C20496D616765C4
:10583000006B65726E656C004B65726E656C20491D
:105840006D616765006B65726E656C5F6E6F6C6F26
:105850006164004B65726E656C20496D61676520FF
:10586000286E6F206C6F6164696E6720646F6E656F
:1058700029006B7762696D616765004B69726B77B0
:105880006F6F6420426F6F7420496D6167650069B6
:105890006D78696D61676500467265657363616CFB
:1058A0006520692E4D5820426F6F7420496D6167E5
:1058B0006500696D7838696D616765004E585020E4
:1058C000692E4D583820426F6F7420496D616765AD
:1058D00000696D78386D696D616765004E585020BC
:1058E000692E4D58384D20426F6F7420496D6167A5
:1058F0006500696E76616C696400496E76616C69F9
:105900006420496D616765006D756C7469004D7543
:105910006C74692D46696C6520496D616765006F1F
:105920006D6170696D616765005449204F4D41504C
:105930002053504C2057697468204750204348003A
:1059400070626C696D61676500467265657363615D
:105950006C652050424C20426F6F7420496D616726
:10596000650072616D6469736B0052414D446973E7
:105970006B20496D616765007363726970740053D1
:10598000637269707400736F6366706761696D61DB
:10599000676500416C7465726120536F43465047E0
:1059A000412043562F4156207072656C6F616465CB
:1059B0007200736F6366706761696D6167655F76BA
:1059C0003100416C7465726120536F43465047410A
:1059D00020413130207072656C6F616465720073B4
:1059E00074616E64616C6F6E65005374616E6461A6
:1059F0006C6F6E652050726F6772616D0075626CBE
:105A0000696D61676500446176696E63692055421E
:105A10004C20696D616765006D7873696D616765BC
:105A200000467265657363616C65204D5853204272
:105A30006F6F7420496D6167650061746D656C6995
:105A40006D6167650041544D454C20524F4D2D42CC
:105A50006F6F7420496D616765007838365F7365D4
:105A6000747570007838362073657475702E6269AD
:105A70006E006C706333327878696D616765004CD5
:105A800050433332585820426F6F7420496D61671C
:105A90006500726B696D61676500526F636B636867
:105AA000697020426F6F7420496D61676500726B89
:105AB000736400526F636B636869702053442042C3
:105AC0006F6F7420496D61676500726B7370690058
:105AD000526F636B636869702053504920426F6F47
:105AE0007420496D61676500767962726964696DD9
:105AF0006167650056796272696420426F6F742035
:105B0000496D616765007A796E71696D61676500DD
:105B100058696C696E78205A796E7120426F6F7483
:105B200020496D616765007A796E716D70696D618C
:105B300067650058696C696E78205A796E714D50AE
:105B400020426F6F7420496D616765007A796E71CC
:105B50006D706269660058696C696E78205A796E5A
:105B6000714D5020426F6F7420496D616765202828
:105B700062696629006670676100465047412049A6
:105B80006D61676500746565005472757374656452
:105B900020457865637574696F6E20456E7669720D
:105BA0006F6E6D656E7420496D6167650066697220
:105BB0006D776172655F697674004669726D7761B1
:105BC00072652077697468204841427634204956CE
:105BD0005400706D6D6300544920506F77657220DA
:105BE0004D616E6167656D656E74204D6963726F9E
:105BF0002D436F6E74726F6C6C6572204669726DA6
:105C0000776172650073746D3332696D6167650029
:105C100053544D6963726F656C656374726F6E691E
:105C200063732053544D333220496D616765006DB5
:105C3000746B5F696D616765004D6564696154658A
:105C40006B20426F6F74524F4D206C6F61646162C4
:105C50006C6520496D61676500636F70726F00430A
:105C60006F70726F636573736F7220496D616765E2
:105C70000073756E78695F65676F6E00416C6C7755
:105C8000696E6E65722065474F4E20426F6F7420BB
:105C9000496D6167650073756E78695F746F633015
:105CA00000416C6C77696E6E657220544F433020F2
:105CB000426F6F7420496D616765006664745F6C44
:105CC0006567616379006C656761637920496D611F
:105CD0006765207769746820466C61742044657636
:105CE0006963652054726565200073706B67696D28
:105CF0006167650052656E657361732053504B4751
:105D000020496D61676500736673706C0053746140
:105D100072466976652053504C20496D6167650075
:105D20007466612D626C33310054464120424C331D
:105D30003120496D6167650073746D3332696D613F
:105D4000676576320053544D6963726F656C6563A5
:105D500074726F6E6963732053544D333220496DF2
:105D60006167652056322E3000616D6C696D616728
:105D70006500416D6C6F67696320426F6F742049E5
:105D80006D61676500496E76616C6964204F5300F0
:105D900061726D2D747275737465642D6669726DB0
:105DA000776172650041524D205472757374656459
:105DB000204669726D77617265006C696E75780056
:105DC0004C696E7578006E6574627364004E65741C
:105DD000425344006F736500456E6561204F534523
:105DE00000706C616E3900506C616E203900727405
:105DF000656D73005254454D53005472757374654C
:105E00006420457865637574696F6E20456E7669A8
:105E1000726F6E6D656E7400552D426F6F740076F3
:105E200078776F726B73005678576F726B7300716F
:105E30006E7800514E58006F70656E736269005243
:105E40004953432D56204F70656E53424900656695
:105E50006900454649204669726D77617265006543
:105E60006C6600454C4620496D61676500496E7659
:105E7000616C6964204152434800616C7068610044
:105E8000416C7068610061726D0041524D00496E55
:105E900074656C20783836006961363400494136C3
:105EA00034006D36386B004D36384B006D696372C7
:105EB0006F626C617A65004D6963726F426C617AE2
:105EC00065006D697073004D495053006D697073C2
:105ED0003634004D49505320363420426974006EE8
:105EE000696F7332004E494F5320494900706F77F4
:105EF0006572706300506F77657250430070706315
:105F000000733339300049424D2053333930005348
:105F1000757065724800737061726300535041522E
:105F20004300737061726336340053504152432012
:105F300036342042697400626C61636B66696E007E
:105F4000426C61636B66696E006176723332004148
:105F500056523332006E64733332004E4453333240
:105F6000006F72316B004F70656E524953432031A0
:105F70003030300073616E64626F780053616E641C
:105F8000626F780061726D36340041417263683629
:105F90003400414D44207838365F363400787465DB
:105FA0006E7361005874656E736100726973637615
:105FB00000524953432D560025733A2025733A2049
:105FC00025730A0025733A206E756D2062616E6B31
:105FD0007320256420657863656564732068617249
:105FE00064636F646564206C696D69742025642E38
:105FF000205265636F6D70696C65207769746820E5
:10600000686967686572204D454D4F52595F42413E
:106010004E4B535F4D41583F0A005741524E494E37
:10602000473A20636F756C64206E6F7420736574DB
:106030002025732025732E0A00656E747279005531
:106040006E737570706F727465642025732061645F
:1060500064726573732073697A650A0064617461A0
:106060002D6F666673657400646174612D706F7363
:106070006974696F6E00646174612D73697A65007B
:10608000616C676F00556E61626C6520746F20767D
:1060900065726966792072657175697265642073CD
:1060A00069676E61747572650043616E277420675D
:1060B0006574206861736820616C676F2070726F0F
:1060C00070657274790075626F6F742D69676E6F99
:1060D0007265002D736B6970706564200043616E9A
:1060E00027742067657420686173682076616C7519
:1060F000652070726F706572747900556E7375707B
:10610000706F72746564206861736820616C676F7A
:10611000726974686D0042616420686173682076FA
:10612000616C7565206C656E004261642068617306
:10613000682076616C7565002B20002D2000436F70
:1061400072727570746564206F72207472756E63FC
:1061500061746564207472656500206572726F7287
:10616000210A257320666F72202725732720686116
:106170007368206E6F646520696E20272573272061
:10618000696D616765206E6F64650A0073686131CF
:106190000073686132353600706B63732D312E35B4
:1061A00000546F74616C2073697A6520746F6F207E
:1061B0006C617267650070616464696E67006B652D
:1061C000792D6E616D652D68696E740025733A25B1
:1061D0007300556E6B6E6F776E207369676E6174B6
:1061E00075726520616C676F726974686D002F004D
:1061F0002F636F6E66696775726174696F6E730085
:1062000025732F2573006465736372697074696FF9
:106210006E00636F6D70617469626C6500646566C1
:1062200061756C74004E6F2068617368206E6F64D6
:10623000657320696E20696D616765202725732766
:106240000A00636970686572004E6F20696D61674E
:10625000657320696E20636F6E66696720272573FA
:10626000270A004661696C656420746F2062756955
:106270006C642068617368206E6F6465206C69735C
:1062800074004661696C656420746F20686173688E
:1062900020636F6E66696775726174696F6E004E18
:1062A0006F206461746120746F20686173680054AA
:1062B0006F6F206D616E7920686173682072656709
:1062C000696F6E73006861736865642D73747269B9
:1062D0006E677300566572696669636174696F6E93
:1062E000206661696C6564004E6F6465206E616D47
:1062F0006520636F6E7461696E7320400072657112
:106300007569726564004661696C656420746F200C
:106310007665726966792072657175697265642047
:106320007369676E617475726520272573270A008B
:10633000436F6E66696775726174696F6E206E6F08
:106340006465202725732720636F6E7461696E73FF
:10635000202740270A0072657175697265642D6D8A
:106360006F646500636F6E66004E6F202773696708
:106370006E617475726527207375626E6F64652037
:10638000666F756E6400206572726F72210A2573E4
:1063900020666F7220272573272068617368206E3E
:1063A0006F646520696E202725732720636F6E66F2
:1063B0006967206E6F64650A004661696C656420D8
:1063C000746F207665726966792027616E7927205F
:1063D0006F662074686520726571756972656420E6
:1063E0007369676E61747572652873290A00257375
:1063F0003A204D697373696E672046445420646582
:10640000736372697074696F6E20696E20445442C0
:106410000A004661696C656420746F20616C6C6F62
:10642000636174652025782062797465730A00556C
:106430007365642073697A653D25782C20746F74C8
:10644000616C2073697A653D25780A00436865634D
:106450006B73756D20257820213D2025780A004238
:106460006C6F626C69737420617420256C78206E87
:106470006F7420666F756E6420286572723D2564A6
:10648000290A00616C6C6F6320737061636520651D
:1064900078686175737465642070747220256C78F7
:1064A000206C696D69742025780A006379636C69D2
:1064B000632066756E6374696F6E20257320746F38
:1064C0006F6B20746F6F206C6F6E673A20256C6C59
:1064D0006475732076732025647573206D61780A66
:1064E000006372633332007273612C6E756D2D62BE
:1064F000697473007273612C6E302D696E766572EB
:106500007365007273612C6578706F6E656E7400D0
:106510007273612C6D6F64756C7573007273612C8E
:10652000722D73717561726564005253413A204354
:10653000616E27742066696E64204D6F64756C61AE
:10654000722045787020696D706C656D656E746140
:1065500074696F6E0A006B65792D25730072736123
:106560003430393600727361333037320072736100
:1065700032303438006C696E75782C7068616E64E6
:106580006C65002F616C6961736573003C76616CAA
:106590006964206F66667365742F6C656E677468D6
:1065A0003E003C6E6F206572726F723E003C756EED
:1065B0006B6E6F776E206572726F723E0046445448
:1065C0005F4552525F4E4F54464F554E440046442D
:1065D000545F4552525F4558495354530046445402
:1065E0005F4552525F4E4F5350414345004644541D
:1065F0005F4552525F4241444F4646534554004620
:1066000044545F4552525F42414450415448004611
:1066100044545F4552525F4241445048414E444CBD
:1066200045004644545F4552525F424144535441F1
:106630005445004644545F4552525F5452554E43B0
:1066400041544544004644545F4552525F424144E0
:106650004D41474943004644545F4552525F4241D1
:106660004456455253494F4E004644545F4552529A
:106670005F42414453545255435455524500464499
:10668000545F4552525F4241444C41594F5554006A
:106690004644545F4552525F494E5445524E414C18
:1066A000004644545F4552525F4241444E43454C7C
:1066B0004C53004644545F4552525F424144564158
:1066C0004C5545004644545F4552525F4241444F49
:1066D0005645524C4159004644545F4552525F4E14
:1066E0004F5048414E444C4553004644545F455238
:1066F000525F424144464C414753004644545F4533
:1067000052525F414C49474E4D454E5400236164FF
:1067100064726573732D63656C6C73002373697A9F
:10672000652D63656C6C73004D697373696E6720CA
:106730004454420A00737461747573006F6B61791D
:10674000002F6D656D6F7279002F726573657276BB
:1067500065642D6D656D6F72790072616E6765732A
:106760000025734025782C25780025734025780076
:106770006E6F2D6D6170006D617463682D6D617356
:106780006B006D617463682D76616C756500617571
:10679000746F2D73697A6500232323204552524F6D
:1067A000522023232320506C65617365205245538A
:1067B00045542074686520626F617264202323232E
:1067C0000A00253032580025303278003C4E554CB6
:1067D0004C3E0057686F6C65204469736B006864B9
:1067E0000075736264006D6D6373640078780025D2
:1067F000732563256400626C6B5F706172746974E9
:10680000696F6E00464154004641543332002A2AD3
:10681000204E657374656420444F53207061727418
:106820006974696F6E732064657465637465642C44
:106830002073746F7070696E67202A2A0A002A2AF2
:106840002043616E277420726561642070617274E8
:106850006974696F6E207461626C65206F6E2025AB
:10686000643A256C75202A2A0A00626164204D4230
:106870005220736563746F72207369676E617475FB
:10688000726520307825303278253032780A00441D
:106890004F530025733A25640025732E257300732A
:1068A00063736900757362007361746100686F736C
:1068B00074006E766D65006E766D78697000656641
:1068C000696C6F616465720076697274696F0070DB
:1068D00076626C6F636B00626C6B6D617000726BE3
:1068E0006D746400756269007072656665746368D2
:1068F0002D646174610070726566657463682D69EA
:106900006E7374720061726D2C7368617265642DB0
:106910006F766572726964650061726D2C7461676F
:106920002D6C6174656E63790061726D2C646174A5
:10693000612D6C6174656E637900706C3331305F0A
:1069400063616368650061726D2C706C3331302D4A
:1069500063616368650023636C6F636B2D63656CB3
:106960006C7300636C6F636B2D6E616D65730043B8
:10697000616E6E6F7420656E61626C65207061720D
:10698000656E742025730A0061737369676E6564B0
:106990002D636C6F636B2D706172656E7473006133
:1069A000737369676E65642D636C6F636B730061ED
:1069B000737369676E65642D636C6F636B2D7261B1
:1069C0007465730025732025733A206661696C65D0
:1069D0006420746F207365742072617465206F6E1B
:1069E00020636C6F636B20696E646578202564207A
:1069F00028256C642920286572726F72203D20253D
:106A000064290A0075646576696365202A2900286F
:106A10004E554C4C00636C6F636B2D6672657175DF
:106A2000656E63790066697865645F726174655F3D
:106A30007261775F636C6F636B0066697865645F32
:106A4000636C6F636B00636C6F636B2D64697600BE
:106A5000636C6F636B2D6D756C740066697865642B
:106A60005F666163746F725F636C6F636B0066690E
:106A70007865642D666163746F722D636C6F636BF0
:106A800000636C6B2D6167696C65783500696E74A5
:106A9000656C2C6167696C6578352D636C6B6D670F
:106AA00072002F636C6F636B73002F6669726D7772
:106AB00061726500726F6F7400726F6F745F6472E1
:106AC00069766572006E6F700073696D706C655FDA
:106AD0006275730073696D706C652D6275730073F8
:106AE000696D706C652D6D6664002F636F6E6669ED
:106AF000670025733A2025733A206572726F723AE7
:106B0000206770696F2025732564206E6F74207272
:106B1000657365727665640A006765745F76616C9B
:106B20007565007365745F76616C75650073657477
:106B30005F6469725F666C6167730025732E2573ED
:106B4000256400236770696F2D63656C6C73006941
:106B50006E707574006F757470757400756E7573F2
:106B6000656400756E6B6E6F776E0066756E6300A0
:106B700025732025733A2043616E2774206765745E
:106B80002072657365743A2025640A0025732025F8
:106B9000733A204661696C656420746F2072657376
:106BA00065743A2025640A006770696F2D636F6E03
:106BB00074726F6C6C6572006E6770696F730073CE
:106BC0006E70732C6E722D6770696F730062616EE8
:106BD0006B2D6E616D650025735F006770696F2DA9
:106BE000647761706200736E70732C64772D6170CE
:106BF000622D6770696F0025732025733A20257315
:106C0000206572726F720A0025732025733A205531
:106C10006E737570706F72746564206E6F770A00A2
:106C200025732025733A204D617820737570706F3D
:106C300072742025642070696E73206E6F770A006D
:106C400025732025733A204572726F722072656138
:106C500064696E67206F75747075742072656769FA
:106C6000737465720A0025732025733A2045727289
:106C70006F722072656164696E6720646972656312
:106C800074696F6E2072656769737465720A006C4F
:106C90006162656C0025734025785F006770696FDD
:106CA0004025785F0025732025733A204572726F66
:106CB000722077726974696E6720696E7665727486
:106CC0002072656769737465720A00706361393593
:106CD0003378006E78702C70636139353035006E12
:106CE00078702C70636139353334006E78702C7095
:106CF000636139353335006E78702C7063613935D6
:106D00003336006E78702C70636139353337006E1E
:106D100078702C70636139353338006E78702C7060
:106D2000636139353339006E78702C7063613935A1
:106D30003534006E78702C70636139353535006EEE
:106D400078702C70636139353536006E78702C7030
:106D5000636139353537006E78702C706361393571
:106D60003734006E78702C70636139353735006EBA
:106D700078702C70636139363938006E78702C70F9
:106D800063616C36343038006E78702C7063616CDF
:106D900036343136006E78702C7063616C36353263
:106DA00034006D6178696D2C6D6178373331300056
:106DB0006D6178696D2C6D617837333132006D61AA
:106DC00078696D2C6D617837333133006D61786986
:106DD0006D2C6D6178373331350074692C706361C7
:106DE000363130370074692C7463613634303800C2
:106DF00074692C746361363431360074692C7463A1
:106E000061363432340074692C7463613935333936
:106E10000074692C74636139353534006F6E7365A5
:106E20006D692C7063613936353400657861722C78
:106E300078726131323032006D69736300736F6351
:106E4000667067615F72737500616C74722C736F2A
:106E500063667067612D72737500696E74656C2C62
:106E60006F66667365742D73657474696E677300FD
:106E700025733A204F766572666C6F7720617320B8
:106E80006F6666736574203078256C6C78206F723D
:106E90002072656700207772697465206973206DC0
:106EA0006F7265207468616E20626C6F636B207313
:106EB000697A6520307825780A00696E74656C2CD3
:106EC000736F63667067612D6474726567007073B9
:106ED00063692D7379737265736574006D65746889
:106EE0006F64006D697373696E6720226D657468E5
:106EF0006F64222070726F70657274790A00687610
:106F00006300736D6300696E76616C696420226D45
:106F10006574686F64222070726F70657274793A5C
:106F20002025730A0061726D2C707363692D302EF9
:106F3000320061726D2C707363692D312E300061E7
:106F4000726D2C7073636900752D626F6F742C699C
:106F500032632D6F66667365742D6C656E00752DDA
:106F6000626F6F742C6932632D7472616E7361632A
:106F700074696F6E2D62797465730067656E6572F2
:106F800069635F2578006932635F67656E65726962
:106F9000635F636869705F647276006932632D6352
:106FA000686970006932635F67656E657269630066
:106FB0006932632D73636C2D726973696E672D740A
:106FC000696D652D6E73006932632D73636C2D6678
:106FD000616C6C696E672D74696D652D6E730069E7
:106FE00032632D7364612D686F6C642D74696D65F7
:106FF0002D6E730025732025733A206661696C65D8
:107000006420746F20656E61626C6520636C6F63D1
:107010006B0A0054696D6564206F7574207761692F
:1070200074696E6720666F72206275730A00646906
:10703000730074696D656F757420696E20257361C6
:10704000626C696E672049324320616461707465C7
:10705000720A0049324320627573202573206861EB
:107060007320756E6B6E6F776E2074797065202556
:1070700023780A0054696D6564206F75742E206949
:107080003263207772697465204661696C65640AB1
:10709000006932635F64657369676E77617265006A
:1070A000736E70732C64657369676E776172652D9A
:1070B000693263004572726F7220656E61626C693D
:1070C0006E6720564D4D4320737570706C79203A71
:1070D0002025640A004572726F7220656E61626CD1
:1070E000696E672056514D4D4320737570706C79F1
:1070F000203A2025640A004D4D433A20626C6F63AC
:107100006B206E756D626572203078256C78206515
:10711000786365656473206D6178283078256C78B4
:10712000290A006D6D63206661696C20746F20739D
:10713000656E642073746F7020636D640A00696EFD
:1071400076616C6964206275732077696474682065
:107150006361706162696C69747920307825780A9E
:1071600000756E61626C6520746F2073656C656379
:10717000742061206D6F64650A0053656C656374EB
:10718000204853343030206661696C656420256482
:107190000A0053656C65637420485334303045539E
:1071A000206661696C65642025640A00756E616201
:1071B0006C6520746F2073656C6563742061206D4D
:1071C0006F64653A2025640A00766D6D632D7375D2
:1071D00070706C790076716D6D632D737570706C65
:1071E00079006D6D633A206661696C656420746F27
:1071F00020736574207369676E616C20766F6C74A0
:107200006167650A004361726420646964206E6F7F
:107210007420726573706F6E6420746F20766F6C6B
:10722000746167652073656C65637421203A20255D
:10723000640A004D4D433A206E6F206361726420F2
:1072400070726573656E740A004D4D433A20534564
:10725000545F445352206661696C65640A004E6F46
:10726000206578745F63736420666F756E64210AAD
:10727000004D616E202530367820536E7220253007
:10728000347825303478002563256325632563250C
:107290006325630025642E2564006361702D73648B
:1072A0002D686967687370656564002573202573B0
:1072B0003A20496E76616C696420226275732D777D
:1072C00069647468222076616C7565202575210AD1
:1072D000006361702D6D6D632D68696768737065FB
:1072E00065640073642D7568732D73647231303476
:1072F000006D6D632D6464722D315F3876006D6DA5
:10730000632D6464722D315F3276006D6D632D687C
:10731000733230302D315F3876006D6D632D6873B8
:107320003230302D315F3276006D6D632D687334ED
:1073300030302D315F3876006D6D632D68733430D9
:10734000302D315F3276006D6D632D6873343030CF
:107350002D656E68616E6365642D7374726F62650E
:10736000006E6F2D6D6D632D6873343030006E6F5D
:107370006E2D72656D6F7661626C650063642D6958
:107380006E7665727465640062726F6B656E2D63F4
:1073900064006E6F2D312D382D76004D4D43204405
:1073A0006576696365202564206E6F7420666F754D
:1073B0006E640A006D6D635F626C6B0044574D4DE7
:1073C000433A2043616E277420676574204649461E
:1073D0004F2064657074680A0064727673656C008F
:1073E000736D706C73656C006669666F2D6D6F648C
:1073F000650044574D4D433A204D4D4320636C6F1B
:10740000636B206973207A65726F2100736F636606
:107410007067615F64776D6D6300616C74722C736B
:107420006F63667067612D64772D6D7368630052BA
:107430006573657420252378206E657665722063F8
:107440006F6D706C657465640A006D6D63256420F2
:1074500062757379200074696D656F757420696E4B
:107460006372656173696E6720746F3A20257520B9
:107470006D730A0054696D656F757420666F7220B4
:10748000737461747573207570646174653A202536
:1074900030387820253038780A005472616E73666F
:1074A000657220646174612074696D656F75740A1A
:1074B0000054696D656F75742077616974696E67D2
:1074C00020666F7220636D642026206461746120E1
:1074D000696E68696269740A004572726F7220771A
:1074E00068696C652073657474696E672074617077
:1074F0002064656C61790A004572726F7220636F57
:107500006E6669677572696E6720646C6C0A004507
:1075100072726F72207768696C6520636F6E66693E
:10752000677572696E6720646C6C0A00496E7465D9
:10753000726E616C20636C6F636B206E6576657232
:107540002073746162696C697365642E0A006661F8
:10755000696C656420746F2064697361626C652076
:1075600076716D6D632D737570706C790A0066614C
:10757000696C656420746F207365742076716D6D1D
:10758000632D766F6C7461676520746F20332E33C2
:10759000560A006661696C656420746F20656E61CF
:1075A000626C652076716D6D632D737570706C798A
:1075B0000A00332E335620726567756C61746F72E2
:1075C000206F757470757420646964206E6F742008
:1075D0006265636F6D6520737461626C650A006635
:1075E00061696C656420746F207365742076716DB9
:1075F0006D632D766F6C7461676520746F20312E1A
:1076000038560A00312E385620726567756C6174E1
:107610006F72206F757470757420646964206E6F6A
:1076200074206265636F6D6520737461626C650AB6
:107630000063642D6770696F7300416C69676E65E4
:10764000642062756666657220616C6C6F6320668B
:1076500061696C65640A0073646863692D636170B5
:10766000732D6D61736B0073646863692D63617062
:107670007300436F6E74726F6C6C657220646F651B
:10768000736E277420737570706F72742041444D4F
:10769000410A00486172647761726520646F6573A6
:1076A0006E27742073706563696679206261736503
:1076B00020636C6F636B206672657175656E6379AC
:1076C0000A002F647269766572732F6D6D632F7374
:1076D000646863692D636164656E63652E6300573A
:1076E00041524E494E472061742025733A25642F3C
:1076F00025732829210A0025732025733A206E6FEF
:107700002074756E696E6720706F696E7420666F85
:10771000756E640A0063646E732C73642D68732D38
:1077200074756E696E670025732025733A20534483
:107730005F48532074756E696E67206661696C6579
:107740006420287265743D2564292C207573696E48
:10775000672064656661756C74205048590A00633F
:10776000646E732C73643668630073646863692D98
:1077700063646E7300736F63696F6E6578742C75E4
:107780006E6970686965722D736434686300636440
:107790006E732C736434686300616C74722C61675F
:1077A000696C6578352D73643668630063646E7345
:1077B0002C7068792D696E7075742D64656C6179B3
:1077C0002D73642D68696768737065656400636410
:1077D0006E732C7068792D696E7075742D64656C8C
:1077E00061792D6C65676163790063646E732C70D9
:1077F00068792D696E7075742D64656C61792D736F
:10780000642D7568732D73647231320063646E7316
:107810002C7068792D696E7075742D64656C617952
:107820002D73642D7568732D736472323500636433
:107830006E732C7068792D696E7075742D64656C2B
:1078400061792D73642D7568732D73647235300002
:1078500063646E732C7068792D696E7075742D6415
:10786000656C61792D73642D7568732D6464723550
:10787000300063646E732C7068792D696E70757456
:107880002D64656C61792D6D6D632D686967687312
:10789000706565640063646E732C7068792D696E21
:1078A0007075742D64656C61792D6D6D632D6464E4
:1078B000720063646E732C7068792D646C6C2D6437
:1078C000656C61792D7364636C6B0063646E732CFB
:1078D0007068792D646C6C2D64656C61792D7364AE
:1078E000636C6B2D68736D6D630063646E732C70D5
:1078F00068792D646C6C2D64656C61792D7374727C
:107900006F62650073646863695F63646E73365F9A
:1079100072657365745F706879206973206E6F7427
:1079200020636F6D706C657465640A0063646E73C8
:107930002C6374726C2D68727330392D74696D69A3
:107940006E672D64656C61792D656D6D632D68734F
:107950003430300063646E732C6374726C2D687203
:107960007331302D6C70626B2D6374726C2D646595
:107970006C61792D656D6D632D68733430300063F3
:10798000646E732C6374726C2D68727331362D7350
:107990006C6176652D6374726C2D656D6D632D68F9
:1079A000733430300063646E732C6374726C2D68B2
:1079B000727330372D74696D696E672D64656C6103
:1079C000792D656D6D632D68733430300063646E9E
:1079D000732C6374726C2D68727330392D74696DF9
:1079E000696E672D64656C61792D656D6D632D68B9
:1079F000733230300063646E732C6374726C2D6864
:107A0000727331302D6C70626B2D6374726C2D64E7
:107A1000656C61792D656D6D632D68733230300052
:107A200063646E732C6374726C2D68727331362DBF
:107A3000736C6176652D6374726C2D656D6D632D4D
:107A400068733230300063646E732C6374726C2D13
:107A500068727330372D74696D696E672D64656C5B
:107A600061792D656D6D632D68733230300063640C
:107A70006E732C6374726C2D68727330392D746957
:107A80006D696E672D64656C61792D656D6D632D13
:107A90006464720063646E732C6374726C2D68721C
:107AA0007331302D6C70626B2D6374726C2D646554
:107AB0006C61792D656D6D632D6464720063646E15
:107AC000732C6374726C2D68727331362D736C6114
:107AD00076652D6374726C2D656D6D632D646472B3
:107AE0000063646E732C6374726C2D68727330372C
:107AF0002D74696D696E672D64656C61792D656D96
:107B00006D632D6464720063646E732C6374726CB5
:107B10002D68727330392D74696D696E672D6465D7
:107B20006C61792D656D6D632D7364720063646E95
:107B3000732C6374726C2D68727331302D6C7062AB
:107B40006B2D6374726C2D64656C61792D656D6D40
:107B5000632D7364720063646E732C6374726C2D96
:107B600068727331362D736C6176652D6374726C37
:107B70002D656D6D632D7364720063646E732C6389
:107B800074726C2D68727330372D74696D696E670D
:107B90002D64656C61792D656D6D632D7364720064
:107BA00063646E732C6374726C2D68727330392D3C
:107BB00074696D696E672D64656C61792D73642DD0
:107BC00068730063646E732C6374726C2D687273D7
:107BD00031302D6C70626B2D6374726C2D64656C2A
:107BE00061792D73642D68730063646E732C637404
:107BF000726C2D68727331362D736C6176652D63EE
:107C000074726C2D73642D68730063646E732C63DF
:107C100074726C2D68727330372D74696D696E677C
:107C20002D64656C61792D73642D68730063646ED7
:107C3000732C6374726C2D68727330392D74696D96
:107C4000696E672D64656C61792D73642D647300B2
:107C500063646E732C6374726C2D68727331302D93
:107C60006C70626B2D6374726C2D64656C61792D20
:107C700073642D64730063646E732C6374726C2D73
:107C800068727331362D736C6176652D6374726C16
:107C90002D73642D64730063646E732C6374726C53
:107CA0002D68727330372D74696D696E672D646548
:107CB0006C61792D73642D64730063646E732C7032
:107CC00068792D6471732D74696D696E672D6465B3
:107CD0006C61792D656D6D632D6873343030006390
:107CE000646E732C7068792D676174652D6C706299
:107CF0006B2D6374726C2D64656C61792D656D6D8F
:107D0000632D68733430300063646E732C7068794F
:107D10002D646C6C2D736C6176652D6374726C2DA3
:107D2000656D6D632D68733430300063646E732C41
:107D30007068792D64712D74696D696E672D646545
:107D40006C61792D656D6D632D687334303000631F
:107D5000646E732C7068792D646C6C2D6D61737416
:107D600065722D6374726C2D656D6D632D6873344F
:107D700030300063646E732C7068792D6471732DDC
:107D800074696D696E672D64656C61792D656D6DC3
:107D9000632D68733230300063646E732C706879C1
:107DA0002D676174652D6C70626B2D6374726C2D20
:107DB00064656C61792D656D6D632D68733230304B
:107DC0000063646E732C7068792D646C6C2D736C19
:107DD0006176652D6374726C2D656D6D632D6873AE
:107DE0003230300063646E732C7068792D64712DAD
:107DF00074696D696E672D64656C61792D656D6D53
:107E0000632D68733230300063646E732C70687950
:107E10002D646C6C2D6D61737465722D6374726C5E
:107E20002D656D6D632D68733230300063646E7341
:107E30002C7068792D6471732D74696D696E672D6E
:107E400064656C61792D656D6D632D64647200638A
:107E5000646E732C7068792D676174652D6C706227
:107E60006B2D6374726C2D64656C61792D656D6D1D
:107E7000632D6464720063646E732C7068792D6482
:107E80006C6C2D736C6176652D6374726C2D656DF1
:107E90006D632D6464720063646E732C7068792D59
:107EA00064712D74696D696E672D64656C61792DDF
:107EB000656D6D632D6464720063646E732C70680D
:107EC000792D646C6C2D6D61737465722D637472A1
:107ED0006C2D656D6D632D6464720063646E732C2C
:107EE0007068792D6471732D74696D696E672D6486
:107EF000656C61792D656D6D632D736472006364CB
:107F00006E732C7068792D676174652D6C70626B6F
:107F10002D6374726C2D64656C61792D656D6D6374
:107F20002D7364720063646E732C7068792D646CB9
:107F30006C2D736C6176652D6374726C2D656D6D3F
:107F4000632D7364720063646E732C7068792D64A2
:107F5000712D74696D696E672D64656C61792D652D
:107F60006D6D632D7364720063646E732C70687939
:107F70002D646C6C2D6D61737465722D6374726CFD
:107F80002D656D6D632D7364720063646E732C7068
:107F900068792D6471732D74696D696E672D6465E0
:107FA0006C61792D73642D68730063646E732C703B
:107FB00068792D676174652D6C70626B2D637472C6
:107FC0006C2D64656C61792D73642D687300636436
:107FD0006E732C7068792D646C6C2D736C61766592
:107FE0002D6374726C2D73642D68730063646E73FB
:107FF0002C7068792D64712D74696D696E672D64BC
:10800000656C61792D73642D68730063646E732CE5
:108010007068792D646C6C2D6D61737465722D635D
:1080200074726C2D73642D68730063646E732C70AE
:1080300068792D6471732D74696D696E672D64653F
:108040006C61792D73642D64730063646E732C709E
:1080500068792D676174652D6C70626B2D63747225
:108060006C2D64656C61792D73642D647300636499
:108070006E732C7068792D646C6C2D736C617665F1
:108080002D6374726C2D73642D64730063646E735E
:108090002C7068792D64712D74696D696E672D641B
:1080A000656C61792D73642D64730063646E732C49
:1080B0007068792D646C6C2D6D61737465722D63BD
:1080C00074726C2D73642D64730052656D6F7669E4
:1080D0006E67204D544420646576696365202325CE
:1080E00064202825732920776974682075736520BA
:1080F000636F756E742025640A002F64726976655B
:1081000072732F6D74642F6D7464636F72652E6368
:10811000004255472061742025733A25642F25734A
:108120002829210A00425547210025733A20756EFF
:108130006C6F636B206661696C65642C2077726973
:10814000746573206D6179206E6F7420776F726B28
:108150000A004572726F72207768656E2064656CE4
:108160006574696E6720706172746974696F6E20DE
:108170002225732220282564290A004D54440073C7
:1081800070695F666C6173684025643A2564006AB3
:10819000656465635F7370695F6E6F7200737069A9
:1081A0005F666C6173680053463A204661696C658E
:1081B0006420746F2073657420757020736C617611
:1081C000650A006A656465632C7370692D6E6F7251
:1081D000007370692D666C617368002573202573C8
:1081E0003A20666C617368206F7065726174696FA4
:1081F0006E2074696D6564206F75740A00656E6128
:10820000626C696E67207265736574206861636B68
:108210003B206D6179206E6F74207265636F7665A7
:10822000722066726F6D20756E6578706563746517
:1082300064207265626F6F74730A0023706F7765D4
:10824000722D646F6D61696E2D63656C6C73007067
:108250006F7765722D646F6D61696E7300706F77F3
:1082600065725F646F6D61696E00616C74725F70DE
:108270006D677200616C74722C706D67722D61672E
:10828000696C65783500726567756C61746F722D05
:108290006D696E2D6D6963726F766F6C74007265B7
:1082A00067756C61746F722D6D61782D6D69637285
:1082B0006F766F6C7400726567756C61746F722D88
:1082C000696E69742D6D6963726F766F6C7400727C
:1082D0006567756C61746F722D6D696E2D6D696364
:1082E000726F616D7000726567756C61746F722D6D
:1082F0006D61782D6D6963726F616D700072656775
:10830000756C61746F722D72616D702D64656C6136
:108310007900726567756C61746F722D666F726338
:10832000652D626F6F742D6F666600726567756C80
:1083300061746F722D73746174652D6D656D00725B
:108340006567756C61746F722D6F66662D696E2D31
:1083500073757370656E6400726567756C61746FB8
:10836000722D73757370656E642D6D6963726F76AF
:108370006F6C7400726567756C61746F722D616CDF
:10838000776179732D6F6E00726567756C61746FBC
:10839000722D626F6F742D6F6E00726567756C6100
:1083A000746F722D6E616D650025732025733A2000
:1083B0002725732720686173206E6F6E756E697153
:1083C00075652076616C75653A202725730A00650E
:1083D0006E61626C652D6163746976652D6869678D
:1083E0006800737461727475702D64656C61792DA9
:1083F000757300752D626F6F742C6F66662D6F6ECE
:108400002D64656C61792D75730043616E2774204E
:1084100073657420726567756C61746F72203A20A1
:108420002573206770696F20746F3A2025640A00F5
:10843000726567756C61746F725F66697865645F99
:10844000636C6B00726567756C61746F725F6669EF
:1084500078656400726567756C61746F722D66690A
:108460007865642D636C6F636B00726567756C6112
:10847000746F722D666978656400737461746573D6
:1084800000656E61626C652D6770696F730067705F
:10849000696F20726567756C61746F7200726567D1
:1084A000756C61746F722D6770696F007374646F9F
:1084B00075742D7061746800636F6E736F6C650006
:1084C0004E6F2073657269616C20647269766572A3
:1084D00020666F756E64007265672D6F66667365E2
:1084E00074007265672D7368696674007265672D24
:1084F000696F2D7769647468006E73313635353075
:108500005F73657269616C006E73313635353000AA
:108510006E7331363535306100696E67656E69633B
:108520002C6A7A343738302D75617274006E766932
:108530006469612C746567726132302D7561727483
:1085400000736E70732C64772D6170622D7561728B
:108550007400696E74656C2C787363616C652D753D
:108560006172740025732025733A2043616E6E6F2B
:108570007420736574207370656564202865727259
:108580003D2564290A0025732025733A2043616E36
:108590006E6F7420736574206D6F6465202865723A
:1085A000723D2564290A007370692D6D61782D660E
:1085B00072657175656E63790025732025733A20A5
:1085C000496E76616C696420637320256420286598
:1085D00072723D2564290A00496E76616C696420D7
:1085E00062757320256420286572723D2564290A0E
:1085F0000025732025733A20496E76616C696420EA
:10860000636869702073656C6563742025643A251E
:108610006420286572723D2564290A00257320258F
:10862000733A205761726E696E673A205350492041
:1086300073706565642066616C6C6261636B207445
:108640006F202575206B487A0A007370692D63705E
:108650006F6C007370692D63706861007370692DB1
:1086600063732D68696768007370692D3377697269
:1086700065007370692D68616C662D6475706C653A
:1086800078007370692D74782D6275732D77696425
:108690007468007370692D72782D6275732D776917
:1086A000647468007370695F67656E657269635FA3
:1086B000647276007370695F67656E6572696300E6
:1086C00053463A2043616C6962726174696F6E202F
:1086D0006661696C6564202872656164290A0053CB
:1086E000463A2043616C6962726174696F6E2066FC
:1086F00061696C656420286C6F772072616E6765B4
:10870000290A00616D642C76657273616C322D6F7D
:108710007370690063646E732C69732D6465636F95
:108720006465642D63730063646E732C6669666FA1
:108730002D64657074680063646E732C6669666F7F
:108740002D77696474680063646E732C7472696752
:108750006765722D61646472657373004572726F30
:10876000723A207375626E6F646520776974682051
:1087700053504920666C61736820636F6E66696749
:10878000206D697373696E67210A00706167652DDA
:1087900073697A6500626C6F636B2D73697A65002B
:1087A00063646E732C747368736C2D6E73006364F2
:1087B0006E732C74736432642D6E730063646E7315
:1087C0002C74636873682D6E730063646E732C740D
:1087D000736C63682D6E730063646E732C726561D5
:1087E000642D64656C617900636164656E63655FC7
:1087F0007370690063646E732C717370692D6E6F92
:10880000720074692C616D3635342D6F7370690098
:10881000786C6E782C76657273616C2D6F737069ED
:108820002D312E3000515350493A20515350492098
:108830006973207374696C6C20627573792061664A
:1088400074657220706F6C6C20666F7220256C7579
:10885000206D732E0A00515350493A20666C6173A3
:108860006820636F6D6D616E6420657865637574F3
:10887000696F6E2074696D656F75740A00496E6466
:1088800069726563742077726974652074696D65B7
:1088900064206F757420282569290A00496E64696F
:1088A00072656374207265616420636C6561722017
:1088B000636F6D706C6574696F6E206572726F7234
:1088C00020282569290A00496E646972656374204D
:1088D0007265616420636F6D706C6574696F6E2082
:1088E0006572726F7220282569290A00496E6469D1
:1088F0007265637420777269746520636C65617258
:1089000020636F6D706C6574696F6E206572726F35
:108910007220282569290A00496E646972656374AA
:1089200020777269746520636F6D706C6574696F10
:108930006E206572726F7220282569290A00737093
:10894000692D736C6176650025732025733A204389
:108950006F756C646E27742066696E642F61737323
:1089600065727420726573657420646576696365E9
:1089700020286572726F72202564290A00257320F1
:1089800025733A204661696C656420746F206465C4
:108990002D61737365727420726573657420666FE0
:1089A000722053504920286572726F722025642905
:1089B0000A00626974732D7065722D776F7264009E
:1089C00069676E6F72696E6720696E76616C696443
:1089D00020626974732D7065722D776F7264202523
:1089E000640A0025732025733A204649464F206FBC
:1089F000766572666C6F77206F6E2052780A00255C
:108A0000732025733A204E6F6E2062797465206161
:108A10006C69676E656420535049207472616E738F
:108A20006665722E0A0064775F73706900736E70FA
:108A3000732C64772D6170622D73736900736E708F
:108A4000732C64772D6170622D7373692D332E3210
:108A5000306100736E70732C64772D6170622D73BA
:108A600073692D332E32326100736E70732C64770C
:108A70002D6170622D7373692D332E323361007353
:108A80006E70732C64772D6170622D7373692D3451
:108A90002E30306100736E70732C64772D617062BC
:108AA0002D7373692D342E303100736E70732C6406
:108AB00077632D7373692D312E30316100616C74D1
:108AC000722C736F63667067612D73706900616CDF
:108AD00074722C736F63667067612D617272696165
:108AE00031302D7370690063616E61616E2C6B3281
:108AF00031302D7370690063616E61616E2C6B3271
:108B000031302D73736900696E74656C2C737472E7
:108B10006174697831302D73706900696E74656CA9
:108B20002C6167696C65782D737069006D73636380
:108B30002C6F63656C6F742D737069006D73636364
:108B40002C6A6167756172322D73706900736E7083
:108B5000732C6178733130782D73706900736E7087
:108B6000732C6873646B2D737069007273615F6D31
:108B70006F645F657870006D6F645F6578705F73B8
:108B80007700534452414D20696E697420666169D3
:108B90006C65642E0A00496E76616C6964207369A5
:108BA0007A653A204D656D6F72792073697A652018
:108BB000726571756972656420746F206265206DDD
:108BC000756C7469706C650A006F662036342D42CE
:108BD000697420776F7264210A004D656D6F727938
:108BE0002074657374696E67206661696C656421C1
:108BF0000A004444523A20534452414D2073697A4A
:108C00006520636865636B206661696C6564210A31
:108C100000616C74725F7364725F63746C00616C8A
:108C200074722C7364722D63746C2D73313000690F
:108C30006E74656C2C7364722D63746C2D6167693E
:108C40006C657800696E74656C2C7364722D637446
:108C50006C2D6E357800696E74656C2C7364722DA2
:108C600063746C2D6167696C65783500696E746535
:108C70006C2C7364722D63746C2D6167696C6578FC
:108C8000376D00736F63667067612D6363752D6464
:108C900064722D696E7465726C656176696E672D9C
:108CA0006F6E00736F63667067612D6363752D640B
:108CB00064722D696E7465726C656176696E672D7C
:108CC0006F666600696E7465726C656176696E6761
:108CD000206F6E2F6F6666206363752073657474F2
:108CE000696E677320696E6974206661696C65647A
:108CF0003A2025640A004444523A2043616C696278
:108D0000726174696F6E20737563636573730A00B3
:108D10004444523A204661696C656420746F206750
:108D200065742044445220747970650A00444452AA
:108D30003A204661696C656420746F206765742011
:108D40004444522073697A650A004444523A2046EA
:108D500061696C656420746F2067657420454343C6
:108D600020656E61626C6564207374617475730A4A
:108D7000004444523A204661696C656420746F2057
:108D80006465636F6465206D656D6F7279206E6FC9
:108D900064650A004444523A205761726E696E67F6
:108DA0003A204452414D2073697A652066726F6D96
:108DB0002064657669636520747265652028256C7A
:108DC0006C64204D69422920657863656564730A87
:108DD00000207468652061637475616C206861723D
:108DE00064776172652063617061636974792825B5
:108DF0006C6C64204D6942292E204D656D6F72792F
:108E000020636F6E66696775726174696F6E207733
:108E1000696C6C2062650A002061646A7573746510
:108E20006420746F206D61746368207468652064C9
:108E300065746563746564206861726477617265E6
:108E40002073697A652E0A004444523A20576172B1
:108E50006E696E673A204452414D2073697A6520ED
:108E600066726F6D206465766963652074726565EE
:108E70002028256C6C64204D6942290A00206D6908
:108E8000736D6174636820776974682068617264C7
:108E90007761726520636170616369747928256CFC
:108EA0006C64204D6942292E0A0025733A20256CF6
:108EB0006C64204D69420A004444523A20454343C1
:108EC000206572726F72207265636F7665722073AF
:108ED00074617274206E6F770A004444523A2046DF
:108EE00061696C656420746F20747269676765726C
:108EF000207761746368646F672072657365740AB4
:108F0000004444523A204661696C656420746F20C5
:108F100066756C6C7920696E697469616C697A65D3
:108F200020444452206D656D6F72790A005344529B
:108F3000414D2D4543433A20496E697469616C691E
:108F40007A656420737563636573730A00444452E1
:108F50003A2073697A6520636865636B2073756373
:108F6000636573730A00736F63667067612D6E6F5C
:108F7000632D66772D6D7066652D6373720046698B
:108F8000726577616C6C2073657474696E672066B6
:108F90006F72204D5046452043535220696E6974CC
:108FA000206661696C65643A2025640A0044445275
:108FB0003A206669726577616C6C20696E6974200D
:108FC000737563636573730A004444523A20696E93
:108FD000697420737563636573730A0025733A209F
:108FE000434D445F524553504F4E534520455252D6
:108FF0004F523A0A0025733A205354415455535F57
:1090000047454E4552414C5F4552524F523A2030EF
:1090100078256C780A0025733A20535441545553EF
:109020005F434D445F524553504F4E53455F455249
:10903000524F523A203078256C780A0025733A2036
:10904000496E76616C696420726573706F6E7365CA
:1090500020646174610A0025733A2054696D656F5C
:109060007574206F662077616974696E6720444467
:1090700052206D61696C626F78207265616479203D
:10908000746F2062652066756E6374696F6E6564C7
:10909000210A0025733A20494F53534D206D6169D1
:1090A0006C626F782076657273696F6E3A20256402
:1090B0000A004444523A204661696C656420746F2A
:1090C0002067657420636F6D70617469626C6520E0
:1090D0006D61696C626F782076657273696F6E0A74
:1090E0000025733A20534452414D2063616C6962FC
:1090F000726174696F6E20666F7220494F39364213
:1091000020696E7374616E6365203078256C6C78AD
:109110002074696D656F7574210A0025733A2069A2
:109120006F73736D20494F39364220636B67656EEC
:10913000615F6C6F636B206973206E6F74206C6F5E
:10914000636B65640A0025733A20496E697469612E
:109150006C204444522063616C6962726174696F6F
:109160006E20494F3936425F2564206661696C651F
:10917000642025640A0025733A20496E6974696188
:109180006C204444522063616C6962726174696F3F
:109190006E20494F3936425F2564207375636365DD
:1091A00065640A00554E4B4E4F574E0025733A20CA
:1091B0004D69736D61746368204444522074797002
:1091C00065206F6E20494F3936425F25640A0025BD
:1091D000733A204661696C656420746F206765741A
:1091E0002076616C6964206D656D6F72792073699A
:1091F0007A650A0025733A204D69736D617463685E
:109200002044445220454343207374617475732095
:109210006F6E20494F3936425F25640A00446F75EE
:10922000626C652D626974206572726F7200536999
:109230006E676C652D626974206572726F720025AD
:10924000733A20454343206572726F72206E756DCC
:10925000626572206465746563746564206F6E2056
:10926000494F3936425F25643A2025640A00454358
:1092700043204572726F72204F766572666C6F770D
:1092800020466C6167733A0A002025733A204444F3
:109290005220454343204572726F722044657465C5
:1092A00063746564206F6E20494F3936425F2564D0
:1092B000206E756D6265723A25640A00202D206566
:1092C00072726F7220696E666F206164647265737A
:1092D00073203A3078256C6C780A00202D20657256
:1092E000726F7220697020747970653A2025640A63
:1092F00000202D206572726F7220696E7374616E2A
:1093000063652069643A2025640A00202D20657277
:10931000726F7220736F757263652069643A2025DD
:10932000640A00202D206572726F72207479706556
:109330003A2025730A00202D206572726F72206119
:109340006464726573733A203078253031366C6C02
:10935000780A000A25733A2045434320646F7562FA
:109360006C652D626974206572726F722064657419
:109370006563746564210A0025733A204661696C4F
:10938000656420746F20696E697469616C697A65BF
:10939000206D656D6F7279206F6E20494F393642AE
:1093A0005F25640A0025733A20424953545F4D45B6
:1093B0004D5F494E49545F53544152542045727297
:1093C0006F7220636F6465203078256C780A002501
:1093D000733A2054696D656F757420696E6974699C
:1093E000616C697A65206D656D6F7279206F6E2092
:1093F000494F3936425F25640A0025733A204249B5
:1094000053545F4D454D5F494E49545F5354415449
:109410005553204572726F7220636F6465203078F7
:10942000256C780A004572726F723A204D656D6F37
:10943000727920696E6974206661696C6564206167
:109440007420496E7374616E63652025642C204915
:109450006E746572666163652025640A00202D20A4
:1094600053696E676C652D626974206572726F72E4
:109470000A00202D204D756C7469706C652073692D
:109480006E676C652D626974206572726F72730A03
:1094900000202D20446F75626C652D626974206513
:1094A00072726F720A00202D204D756C7469706C99
:1094B0006520646F75626C652D62697420657272D7
:1094C0006F72730A00202D2053696E676C652D62E0
:1094D0006974206572726F7220647572696E67209C
:1094E00045434320736372756262696E670A0020A8
:1094F0002D205772697465206C696E6B204543435B
:109500002073696E676C652D626974206572726F75
:109510007220284C5044445235206F6E6C79290AD1
:1095200000202D205772697465206C696E6B204590
:10953000434320646F75626C652D626974206572A7
:10954000726F7220284C5044445235206F6E6C79F3
:10955000290A00202D2052656164206C696E6B2001
:109560004543432073696E676C652D62697420659D
:1095700072726F7220284C5044445235206F6E6CCA
:1095800079290A00202D2052656164206C696E6B78
:109590002045434320646F75626C652D62697420B9
:1095A0006572726F7220284C5044445235206F6EA1
:1095B0006C79290A00202D20524D57207265616474
:1095C000206C696E6B2045434320646F75626C6547
:1095D0002D626974206572726F7220284C50444469
:1095E0005235206F6E6C79290A00444452355F521F
:1095F00044494D4D004C5044445234004C50444476
:109600005235005144524956002372657365742DDA
:1096100063656C6C730072657365747300616C7460
:10962000722C6D6F647273742D6F6666736574004F
:10963000736F63667067615F737973726573657466
:1096400000736F63667067612D7265736574006483
:10965000657369676E776172655F77647400736EB6
:1096600070732C64772D7764740074696D656F7501
:10967000742D7365630068775F6D617267696E5FF3
:109680006D7300752D626F6F742C6E6F6175746FE2
:10969000737461727400752D626F6F742C617574D0
:1096A0006F737461727400657665727920256C64DD
:1096B0006D73005744543A202020537461727465CE
:1096C000642025732077697468257320736572762A
:1096D0006963696E67202573202825647320746987
:1096E0006D656F7574290A005744543A2020204E46
:1096F0006F74207374617274696E672025730A0039
:109700005744543A2020204661696C656420746F88
:109710002073746172742025730A00776174636822
:10972000646F6700496E76616C696420464154201D
:10973000656E7472793A2025233038780A004641E4
:109740005420736563746F722073697A65206D6944
:10975000736D61746368202866733D25752C2064E1
:1097600065763D256C75290A0046415420636C7569
:10977000737465722073697A65206E6F74207365E7
:10978000740A0046415420636C75737465722073CB
:10979000697A6520746F6F20626967202863733D62
:1097A00025752C206D61783D2575290A0055AA0084
:1097B000506172746974696F6E20256420696E76D9
:1097C000616C6964206F6E2064657669636520252D
:1097D000640A002E2E00496E76616C696420464151
:1097E0005420656E7472790A004572726F7220722D
:1097F000656164696E6720636C75737465720A00D5
:1098000030313233343536373839414243444546B6
:1098100030313233343536373839616263646566E6
:1098200000000A0C0D0F14191E23282D32373C4658
:10983000503021300906052B0E03021A05000414CE
:109840008000000000000000000000000000000098
:109850000000000000000000000000000000000008
:1098600000000000000000000000000000000000F8
:1098700000000000000000000000000000000000E8
:109880003031300D06096086480165030402010588
:1098900000042003130B0C3B3CBBBC6B6CEBECFFDC
:1098A0000FFF00FFCCC3CCC33CCCFFFEFFFEEFFF9D
:1098B000DFFFDDFFFBFFFBBFFF7FFF77F7BDEFFFA4
:1098C000F0FFF00FFCCC3CCC33CCCFFFEFFFEEFF32
:1098D000FDFFFDDFFFBFFFBBFFF7FFF77F7BDEFF75
:1098E000FF00FFFFFF0000FFFFCCCCCC33CCCCCC83
:1098F0003333CCCCCCFFFFFFEEFFFFFFEEEEFFFFDC
:10990000FFDDFFFFFFDDDDFFFFFFBBFFFFFFBBBB99
:10991000FFFFFF77FFFFFF7777FF77BBDDEEFFFFEE
:10992000FFFF00FFFFFF0000FFFFCCCCCC33CCCC0F
:10993000CC3333CCCCCCFFFFFFEEFFFFFFEEEEFFCE
:10994000FFFFDDFFFFFFDDDDFFFFFFBBFFFFFFBB15
:10995000BBFFFFFF77FFFFFF7777FF77BBDDEE00F1
:1099600000000000000000000000000000000000F7
:1099700000000000000000000000000000000000E7
:1099800000000000000000000000000000000000D7
:1099900000000000000000000100000000000000C6
:1099A00000000000000000000000000000000000B7
:1099B00000000000000000000000000000000000A7
:1099C0000000000000000000000000000000000097
:1099D0000000000000000000000000000000000087
:1099E0000000000000000000000000000000000077
:1099F0000000000000000000000000000000000067
:109A00000000000000000000000000000000000056
:109A10000000000000000000000000000000000046
:109A20000000000000000000000000000000000036
:109A300000000000000000008C6102000000000037
:109A4000140000000F000000319802000000000028
:109A50008C6F000000000000916102000000000017
:109A600020000000130000008098020000000000A9
:109A70008C6F000000000000FFFFFFFFFFFFFFFFF3
:109A800000000200000000000000000000000000D4
:109A90000000000000000000889A020000000000A2
:109AA000889A020000000000989A0200000000005E
:109AB000989A020000000000A89A0200000000002E
:109AC000A89A020000000000B89A020000000000FE
:109AD000B89A020000000000C89A020000000000CE
:109AE000C89A020000000000D89A0200000000009E
:109AF000D89A020000000000E89A0200000000006E
:109B0000E89A020000000000F89A0200000000003D
:109B1000F89A020000000000089B0200000000000C
:109B2000089B020000000000189B020000000000DB
:109B3000189B020000000000289B020000000000AB
:109B4000289B020000000000389B0200000000007B
:109B5000389B020000000000489B0200000000004B
:109B6000489B020000000000589B0200000000001B
:109B7000589B020000000000689B020000000000EB
:109B8000689B020000000000789B020000000000BB
:109B9000789B020000000000889B0200000000008B
:109BA000889B020000000000989B0200000000005B
:109BB000989B020000000000A89B0200000000002B
:109BC000A89B020000000000B89B020000000000FB
:109BD000B89B020000000000C89B020000000000CB
:109BE000C89B020000000000D89B0200000000009B
:109BF000D89B020000000000E89B0200000000006B
:109C0000E89B020000000000F89B0200000000003A
:109C1000F89B020000000000089C02000000000009
:109C2000089C020000000000189C020000000000D8
:109C3000189C020000000000289C020000000000A8
:109C4000289C020000000000389C02000000000078
:109C5000389C020000000000489C02000000000048
:109C6000489C020000000000589C02000000000018
:109C7000589C020000000000689C020000000000E8
:109C8000689C020000000000789C020000000000B8
:109C9000789C020000000000889C02000000000088
:109CA000889C020000000000989C02000000000058
:109CB000989C020000000000A89C02000000000028
:109CC000A89C020000000000B89C020000000000F8
:109CD000B89C020000000000C89C020000000000C8
:109CE000C89C020000000000D89C02000000000098
:109CF000D89C020000000000E89C02000000000068
:109D0000E89C020000000000F89C02000000000037
:109D1000F89C020000000000089D02000000000006
:109D2000089D020000000000189D020000000000D5
:109D3000189D020000000000289D020000000000A5
:109D4000289D020000000000389D02000000000075
:109D5000389D020000000000489D02000000000045
:109D6000489D020000000000589D02000000000015
:109D7000589D020000000000689D020000000000E5
:109D8000689D020000000000789D020000000000B5
:109D9000789D020000000000889D02000000000085
:109DA000889D020000000000989D02000000000055
:109DB000989D020000000000A89D02000000000025
:109DC000A89D020000000000B89D020000000000F5
:109DD000B89D020000000000C89D020000000000C5
:109DE000C89D020000000000D89D02000000000095
:109DF000D89D020000000000E89D02000000000065
:109E0000E89D020000000000F89D02000000000034
:109E1000F89D020000000000089E02000000000003
:109E2000089E020000000000189E020000000000D2
:109E3000189E020000000000289E020000000000A2
:109E4000289E020000000000389E02000000000072
:109E5000389E020000000000489E02000000000042
:109E6000489E020000000000589E02000000000012
:109E7000589E020000000000689E020000000000E2
:109E8000689E020000000000789E020000000000B2
:109E9000789E020000000000889E02000000000082
:109EA000889E020000000000989E02000000000052
:109EB000989E020000000000A89E02000000000022
:109EC000A89E020000000000B89E020000000000F2
:109ED000B89E020000000000C89E020000000000C2
:109EE000C89E020000000000D89E02000000000092
:109EF000D89E020000000000E89E02000000000062
:109F0000E89E020000000000F89E02000000000031
:109F1000F89E020000000000089F02000000000000
:109F2000089F020000000000189F020000000000CF
:109F3000189F020000000000289F0200000000009F
:109F4000289F020000000000389F0200000000006F
:109F5000389F020000000000489F0200000000003F
:109F6000489F020000000000589F0200000000000F
:109F7000589F020000000000689F020000000000DF
:109F8000689F020000000000789F020000000000AF
:109F9000789F020000000000889F0200000000007F
:109FA000889F020000000000989F0200000000004F
:109FB000989F020000000000A89F0200000000001F
:109FC000A89F020000000000B89F020000000000EF
:109FD000B89F020000000000C89F020000000000BF
:109FE000C89F020000000000D89F0200000000008F
:109FF000D89F020000000000E89F0200000000005F
:10A00000E89F020000000000F89F0200000000002E
:10A01000F89F02000000000008A0020000000000FD
:10A0200008A002000000000018A0020000000000CC
:10A0300018A002000000000028A00200000000009C
:10A0400028A002000000000038A00200000000006C
:10A0500038A002000000000048A00200000000003C
:10A0600048A002000000000058A00200000000000C
:10A0700058A002000000000068A0020000000000DC
:10A0800068A002000000000078A0020000000000AC
:10A0900078A002000000000088A00200000000007C
:10A0A00088A002000000000098A00200000000004C
:10A0B00098A0020000000000A8A00200000000001C
:10A0C000A8A0020000000000B8A0020000000000EC
:10A0D000B8A0020000000000C8A0020000000000BC
:10A0E000C8A0020000000000D8A00200000000008C
:10A0F000D8A0020000000000E8A00200000000005C
:10A10000E8A0020000000000F8A00200000000002B
:10A11000F8A002000000000008A1020000000000FA
:10A1200008A102000000000018A1020000000000C9
:10A1300018A102000000000028A102000000000099
:10A1400028A102000000000038A102000000000069
:10A1500038A102000000000048A102000000000039
:10A1600048A102000000000058A102000000000009
:10A1700058A102000000000068A1020000000000D9
:10A1800068A102000000000078A1020000000000A9
:10A1900078A102000000000088A102000000000079
:10A1A00088A102000000000098A102000000000049
:10A1B00098A1020000000000A8A102000000000019
:10A1C000A8A1020000000000B8A1020000000000E9
:10A1D000B8A1020000000000C8A1020000000000B9
:10A1E000C8A1020000000000D8A102000000000089
:10A1F000D8A1020000000000E8A102000000000059
:10A20000E8A1020000000000F8A102000000000028
:10A21000F8A102000000000008A2020000000000F7
:10A2200008A202000000000018A2020000000000C6
:10A2300018A202000000000028A202000000000096
:10A2400028A202000000000038A202000000000066
:10A2500038A202000000000048A202000000000036
:10A2600048A202000000000058A202000000000006
:10A2700058A202000000000068A2020000000000D6
:10A2800068A202000000000078A2020000000000A6
:10A2900078A20200000000008C61020000000000B3
:10A2A0001400000000000000E08800000000000032
:10A2B0000000010000000000CC640000000000006D
:10A2C000A8640000000000006064000000000000BE
:10A2D000916102000000000020000000000000006A
:10A2E0005C89000000000000000001000000000088
:10A2F0002C64000000000000086400000000000062
:10A30000C063000000000000E164020000000000E3
:10A310000400000000000000F4CF00000000000076
:10A320000000010000000000906300000000000039
:10A330005C630000000000002463000000000000D7
:10A34000800000000000000000000000000000008D
:10A3500000000000000000000000000000000000FD
:10A3600000000000000000000000000000000000ED
:10A3700000000000000000000000000000000000DD
:10A3800000000000000000000000000000000000CD
:10A390000000000000000000BC0D010000000000F3
:10A3A00000000000000000000000000000000000AD
:10A3B0001804010000000000000000000000000080
:10A3C0001C440100000000001444010000000000D3
:10A3D0000000000000000000000000006400000019
:10A3E0002C79020000000000008001000000000045
:10A3F0005479020000000000000008000000000086
:10A400007F79020000000000000000110000000041
:10A41000A579020000000000000008000000000014
:10A42000CD79020000000000008001000000000063
:10A43000F5790200000000000000080000000000A4
:10A44000207A020000000000000000000000000070
:10A45000467A020000000000000009000000000031
:10A460006E7A0200000000000C8001000000000075
:10A47000947A0200000000000000020000000000CA
:10A48000BD7A020000000000010000110000000081
:10A49000E17A020000000000010009000000000055
:10A4A000077B0200000000000C800100000000009B
:10A4B0002D7B0200000000000000030000000000EF
:10A4C000567B0200000000000000000000000000B9
:10A4D0007A7B02000000000000000800000000007D
:10A4E000A07B0200000000000C80010000000000C2
:10A4F000C37B020000000000000003000000000019
:10A50000E97B0200000000000000000000000000E5
:10A510000A7C0200000000000000080000000000AB
:10A520002D7C0200000000000C80010000000000F3
:10A53000507C02000000000000000200000000004B
:10A54000767C020000000000000000000000000017
:10A55000977C0200000000000000080000000000DE
:10A56000BA7C020000000000040028000000000087
:10A57000DF7C0200000000004000A001000000009D
:10A58000087D02000000000000D8DA000000000092
:10A590002B7D020000000000010000000000000010
:10A5A0004F7D0200000000000400000000000000D9
:10A5B000737D02000000000004003800000000006D
:10A5C000987D0200000000004000A0010000000093
:10A5D000C17D02000000000000DADA000000000087
:10A5E000E47D020000000000010000000000000007
:10A5F000087E0200000000000400000000000000CF
:10A600002C7E020000000000040038000000000062
:10A610004F7E0200000000004000A001000000008A
:10A62000767E020000000000000000000000000034
:10A63000977E0200000000000100001000000000F2
:10A64000B97E02000000000004008000000000004D
:10A65000DB7E020000000000040038000000000063
:10A66000FE7E0200000000004000A001000000008B
:10A67000257F020000000000000000000000000034
:10A68000467F020000000000010000000000000002
:10A69000687F02000000000004008000000000004D
:10A6A0008A7F020000000000040038000000000063
:10A6B000AA7F0200000000004000A001000000008E
:10A6C000CE7F02000000000000000000000000003B
:10A6D000EC7F02000000000001000000000000000C
:10A6E0000B80020000000000040080000000000059
:10A6F0002A80020000000000040038000000000072
:10A700004A800200000000004000A001000000009C
:10A710006E80020000000000000000000000000049
:10A720008C8002000000000001000000000000001A
:10A73000AB80020000000000040080000000000068
:10A740000000000000000000000000000000000009
:10A7500000000000000000000000000000000000F9
:10A76000B8B8010000000000FCFC0100000000007F
:10A7700000000080000000000000008000000000D9
:10A7800000000080080000000000008007000000BA
:10A7900000000000880000000000000078000000B9
:10A7A00000004018000000000000801800000000B9
:10A7B0000000000000000000000000000000000099
:10A7C0000000000000000000000000000000000089
:10A7D0000000000000000000000000000000000079
:10A7E0000000000000000000000000000000000069
:10A7F0000000000000000000000000000000000059
:10A800000000000000000000000000000000000048
:10A810000000000000000000000000000000000038
:10A820000000000000000000000000000000000028
:10A830000000000000000000000000000000000018
:10A840000000000000000000000000000000000008
:10A8500000000000000000000000000000000000F8
:10A8600000000000000000000000000000000000E8
:10A8700000000000000000000000000000000000D8
:10A8800000000000000000000000000000000000C8
:10A8900000000000000000000000000000000000B8
:10A8A00000000000000000000000000000000000A8
:10A8B0000000000000000000000000000000000098
:10A8C0000000000000000000000000000000000088
:10A8D0000000000000000000000000000000000078
:10A8E0000000000000000000000000000000000068
:10A8F0000000000000000000000000000000000058
:10A900000000000000000000000000000000000047
:10A910000000000000000000000000000000000037
:10A920000000000000000000000000000000000027
:10A930000000000000000000000000000000000017
:10A940000000000000000000000000000000000007
:10A9500000000000000000000000000000000000F7
:10A9600000000000000000000000000000000000E7
:10A9700000000000000000000000000000000000D7
:10A9800000000000000000000000000000000000C7
:10A9900000000000000000000000000000000000B7
:10A9A00000000000000000000000000000000000A7
:10A9B0000000000000000000000000000000000097
:10A9C0000000000000000000000000000000000087
:10A9D0000000000000000000000000000000000077
:10A9E0000000000000000000000000000000000067
:10A9F0000000000000000000000000000000000057
:10AA00000000000000000000000000000000000046
:10AA10000000000000000000000000000000000036
:10AA20000000000000000000000000000000000026
:10AA30000000000000000000000000000000000016
:10AA40000000000000000000000000000000000006
:10AA500000000000000000000000000000000000F6
:10AA600000000000000000000000000000000000E6
:10AA700000000000000000000000000000000000D6
:10AA800000000000000000000000000000000000C6
:10AA900000000000000000000000000000000000B6
:10AAA00000000000000000000000000000000000A6
:10AAB0000000000000000000000000000000000096
:10AAC0000000000000000000000000000000000086
:10AAD0000000000000000000000000000000000076
:10AAE0000000000000000000000000000000000066
:10AAF0000000000000000000000000000000000056
:10AB00000000000000000000000000000000000045
:10AB10000000000000000000000000000000000035
:10AB20000000000000000000000000000000000025
:10AB30000000000000000000000000000000000015
:10AB40000000000000000000000000000000000005
:10AB500000000000000000000000000000000000F5
:10AB600000000000000000000000000000000000E5
:10AB700000000000000000000000000000000000D5
:10AB800000000000000000000000000000000000C5
:10AB900000000000000000000000000000000000B5
:10ABA00000000000000000000000000000000000A5
:10ABB0000000000000000000000000000000000095
:10ABC0000000000000000000000000000000000085
:10ABD0000000000000000000000000000000000075
:10ABE0000000000000000000000000000000000065
:10ABF0000000000000000000000000000000000055
:10AC00000000000000000000000000000000000044
:10AC10000000000000000000000000000000000034
:10AC20000000000000000000000000000000000024
:10AC30000000000000000000000000000000000014
:10AC40000000000000000000000000000000000004
:10AC500000000000000000000000000000000000F4
:10AC600000000000000000000000000000000000E4
:10AC700000000000000000000000000000000000D4
:10AC800000000000000000000000000000000000C4
:10AC900000000000000000000000000000000000B4
:10ACA00000000000000000000000000000000000A4
:10ACB0000000000000000000000000000000000094
:10ACC0000000000000000000000000000000000084
:10ACD0000000000000000000000000000000000074
:10ACE0000000000000000000000000000000000064
:10ACF0000000000000000000000000000000000054
:10AD00000000000000000000000000000000000043
:10AD10000000000000000000000000000000000033
:10AD20000000000000000000000000000000000023
:10AD30000000000000000000000000000000000013
:10AD40000000000000000000000000000000000003
:10AD500000000000000000000000000000000000F3
:10AD600000000000000000000000000000000000E3
:10AD700000000000000000000000000000000000D3
:10AD800000000000000000000000000000000000C3
:10AD900000000000000000000000000000000000B3
:10ADA00000000000000000000000000000000000A3
:10ADB0000000000000000000000000000000000093
:10ADC0000000000000000000000000000000000083
:10ADD0000000000000000000000000000000000073
:10ADE0000000000000000000000000000000000063
:10ADF0000000000000000000000000000000000053
:10AE00000000000000000000000000000000000042
:10AE10000000000000000000000000000000000032
:10AE20000000000000000000000000000000000022
:10AE30000000000000000000000000000000000012
:10AE40000000000000000000000000000000000002
:10AE500000000000000000000000000000000000F2
:10AE600000000000000000000000000000000000E2
:10AE700000000000000000000000000000000000D2
:10AE800000000000000000000000000000000000C2
:10AE900000000000000000000000000000000000B2
:10AEA00000000000000000000000000000000000A2
:10AEB0000000000000000000000000000000000092
:10AEC0000000000000000000000000000000000082
:10AED0000000000000000000000000000000000072
:10AEE0000000000000000000000000000000000062
:10AEF0000000000000000000000000000000000052
:10AF00000000000000000000000000000000000041
:10AF10000000000000000000000000000000000031
:10AF20000000000000000000000000000000000021
:10AF30000000000000000000000000000000000011
:10AF40000000000000000000000000000000000001
:10AF500000000000000000000000000000000000F1
:10AF600000000000000000000000000000000000E1
:10AF700000000000000000000000000000000000D1
:10AF800000000000000000000000000000000000C1
:10AF900000000000000000000000000000000000B1
:10AFA00000000000000000000000000000000000A1
:10AFB0000000000000000000000000000000000091
:10AFC0000000000000000000000000000000000081
:10AFD0000000000000000000000000000000000071
:10AFE0000000000000000000000000000000000061
:10AFF0000000000000000000000000000000000051
:10B000000000000000000000000000000000000040
:10B010000000000000000000000000000000000030
:10B020000000000000000000000000000000000020
:10B030000000000000000000000000000000000010
:10B040000000000000000000000000000000000000
:10B0500000000000000000000000000000000000F0
:10B0600000000000000000000000000000000000E0
:10B0700000000000000000000000000000000000D0
:10B0800000000000000000000000000000000000C0
:10B0900000000000000000000000000000000000B0
:10B0A00000000000000000000000000000000000A0
:10B0B0000000000000000000000000000000000090
:10B0C0000000000000000000000000000000000080
:10B0D0000000000000000000000000000000000070
:10B0E0000000000000000000000000000000000060
:10B0F0000000000000000000000000000000000050
:10B10000000000000000000000000000000000003F
:10B11000000000000000000000000000000000002F
:10B12000000000000000000000000000000000001F
:10B13000000000000000000000000000000000000F
:10B1400000000000000000000000000000000000FF
:10B1500000000000000000000000000000000000EF
:10B1600000000000000000000000000000000000DF
:10B1700000000000000000000000000000000000CF
:10B1800000000000000000000000000000000000BF
:10B1900000000000000000000000000000000000AF
:10B1A000000000000000000000000000000000009F
:10B1B000000000000000000000000000000000008F
:10B1C000000000000000000000000000000000007F
:10B1D000000000000000000000000000000000006F
:10B1E000000000000000000000000000000000005F
:10B1F000000000000000000000000000000000004F
:10B20000000000000000000000000000000000003E
:10B21000000000000000000000000000000000002E
:10B22000000000000000000000000000000000001E
:10B23000000000000000000000000000000000000E
:10B2400000000000000000000000000000000000FE
:10B2500000000000000000000000000000000000EE
:10B2600000000000000000000000000000000000DE
:10B2700000000000000000000000000000000000CE
:10B2800000000000000000000000000000000000BE
:10B2900000000000000000000000000000000000AE
:10B2A000000000000000000000000000000000009E
:10B2B000000000000000000000000000000000008E
:10B2C000000000000000000000000000000000007E
:10B2D000000000000000000000000000000000006E
:10B2E000000000000000000000000000000000005E
:10B2F000000000000000000000000000000000004E
:10B30000000000000000000000000000000000003D
:10B31000000000000000000000000000000000002D
:10B32000000000000000000000000000000000001D
:10B33000000000000000000000000000000000000D
:10B3400000000000000000000000000000000000FD
:10B3500000000000000000000000000000000000ED
:10B3600000000000000000000000000000000000DD
:10B3700000000000000000000000000000000000CD
:10B3800000000000000000000000000000000000BD
:10B3900000000000000000000000000000000000AD
:10B3A000000000000000000000000000000000009D
:10B3B000000000000000000000000000000000008D
:10B3C000000000000000000000000000000000007D
:10B3D000000000000000000000000000000000006D
:10B3E000000000000000000000000000000000005D
:10B3F000000000000000000000000000000000004D
:10B40000000000000000000000000000000000003C
:10B41000000000000000000000000000000000002C
:10B42000000000000000000000000000000000001C
:10B43000000000000000000000000000000000000C
:10B4400000000000000000000000000000000000FC
:10B4500000000000000000000000000000000000EC
:10B4600000000000000000000000000000000000DC
:10B4700000000000000000000000000000000000CC
:10B4800000000000000000000000000000000000BC
:10B4900000000000000000000000000000000000AC
:10B4A000000000000000000000000000000000009C
:10B4B000000000000000000000000000000000008C
:10B4C000000000000000000000000000000000007C
:10B4D000000000000000000000000000000000006C
:10B4E000000000000000000000000000000000005C
:10B4F000000000000000000000000000000000004C
:10B50000000000000000000000000000000000003B
:10B51000000000000000000000000000000000002B
:10B52000000000000000000000000000000000001B
:10B53000000000000000000000000000000000000B
:10B5400000000000000000000000000000000000FB
:10B5500000000000000000000000000000000000EB
:10B5600000000000000000000000000000000000DB
:10B5700000000000000000000000000000000000CB
:10B5800000000000000000000000000000000000BB
:10B5900000000000000000000000000000000000AB
:10B5A000000000000000000000000000000000009B
:10B5B000000000000000000000000000000000008B
:10B5C000000000000000000000000000000000007B
:10B5D000000000000000000000000000000000006B
:10B5E000000000000000000000000000000000005B
:10B5F000000000000000000000000000000000004B
:10B60000000000000000000000000000000000003A
:10B6100000000000000000006D6502000000000056
:10B620000001000000000000000000000000000019
:10B630000000000000000000FC6A000000000000A4
:10B6400065650200000000008001000000000000AD
:10B6500000000000000000000000000000000000EA
:10B66000FC6A0000000000005D65020000000000B0
:10B6700000020000000000000000000000000000C8
:10B680000000000000000000FC6A00000000000054
:10B69000118C0200000000006600000000000000A5
:10B6A0006031020000000000000000000000000007
:10B6B00078FD010000000000000000000000000014
:10B6C000000000000000000030FD0100000000004C
:10B6D000000000000000000000000000000000006A
:10B6E000000000000000000020000000100000002A
:10B6F000000000000000000068A702000000000039
:10B7000000000000000000006A820200000000004B
:10B710006100000000000000403102000000000055
:10B7200000000000000000006CB9010000000000F3
:10B730000000000000000000000000000000000009
:10B7400000000000000000000000000000000000F9
:10B7500000000000000000000000000000000000E9
:10B7600018000000000000000000000000000000C1
:10B7700040A70200000000000000000000000000E0
:10B780009550020000000000510000000000000081
:10B79000C0310200000000000000000000000000B6
:10B7A0004810000000000000000000000000000041
:10B7B0000000000000000000000000000000000089
:10B7C0000000000000000000000000000000000079
:10B7D0000000000000000000080000000000000061
:10B7E0000000000000000000A8400200000000006F
:10B7F0000400000000000000F667020000000000E6
:10B8000058000000000000000000000000000000E0
:10B810000000000000000000000000000000000028
:10B820000000000000000000000000000000000018
:10B830000000000000000000000000000000000008
:10B8400000000000000000000000000000000000F8
:10B8500000000000000000000000000000000000E8
:10B86000F0310200000000000000000000000000B5
:10B87000E8870200000000007600000000000000E1
:10B88000183202000000000000000000000000006C
:10B89000C0DB0100000000006CD7010000000000C8
:10B8A000000000000000000050DD0100000000006A
:10B8B0000000000000000000000000000000000088
:10B8C0000000000000000000A80000005800000078
:10B8D0000000000000000000A03202000000000094
:10B8E00000040000000000005B6A0200000000008D
:10B8F0001F00000000000000F03202000000000005
:10B900000000000000000000000000000000000037
:10B910000000000000000000000000000000000027
:10B9200054030100000000000000000000000000BF
:10B930000000000000000000000000000000000007
:10B9400000000000300000000000000000000000C7
:10B9500010330200000000000000000000000000A2
:10B96000256A0200000000001F0000000000000027
:10B9700000000000000000000000000000000000C7
:10B9800000000000000000000000000000000000B7
:10B9900000000000000000000000000000000000A7
:10B9A0000000000000000000000000000000000097
:10B9B0000000000000000000000000000000000087
:10B9C0000000000000000000B03302000000000092
:10B9D00004000000000000004F960200000000007C
:10B9E0008E0000000000000078340200000000001B
:10B9F0000000000000000000CC1A0200000000005F
:10BA00000000000000000000000000000000000036
:10BA10000000000000000000000000000000000026
:10BA20000000000000000000000000000000000016
:10BA300020000000000000000000000000000000E6
:10BA40009834020000000000040000000000000024
:10BA5000268A0200000000007600000000000000BE
:10BA60001835020000000000000000000000000087
:10BA7000ACF601000000000040F5010000000000ED
:10BA80000000000000000000D0F4010000000000F1
:10BA900000000000000000000000000000000000A6
:10BAA0000000000000000000A800000010000000DE
:10BAB00000000000000000007036020000000000DE
:10BAC00000000000000000003A6A020000000000D0
:10BAD0001F000000000000005033020000000000C2
:10BAE0000000000000000000000000000000000056
:10BAF0000000000000000000000000000000000046
:10BB0000E40201000000000000000000000000004E
:10BB10000000000000000000000000000000000025
:10BB200000000000300000000000000000000000E5
:10BB3000703302000000000004000000000000005C
:10BB4000DB6B020000000000340000000000000079
:10BB50007039020000000000603A0100000000009F
:10BB600084390100000000003439010000000000A9
:10BB700000000000000000000000000000000000C5
:10BB800000000000000000000000000000000000B5
:10BB90000000000000000000100000000000000095
:10BBA00000000000000000009039020000000000CA
:10BBB00000000000000000008E8402000000000071
:10BBC0006800000000000000E039020000000000F2
:10BBD0000000000000000000000000000000000065
:10BBE0000000000000000000000000000000000055
:10BBF000A0C70100000000000000000000000000DD
:10BC00000000000000000000000000000000000034
:10BC100000000000500000000000000000000000D4
:10BC2000003A0200000000000000000000000000D8
:10BC300091700200000000003800000000000000C9
:10BC40002834020000000000000000000000000096
:10BC50009452010000000000784F01000000000035
:10BC600000000000000000002C4E01000000000059
:10BC700000000000000000000000000000000000C4
:10BC8000000000000000000068000000000000004C
:10BC90000000000000000000483402000000000026
:10BCA0000004000000000000866F02000000000099
:10BCB0003A000000000000002039020000000000EF
:10BCC0000000000000000000000000000000000074
:10BCD0000000000000000000000000000000000064
:10BCE0000000000000000000000000000000000054
:10BCF0000000000000000000000000000000000044
:10BD00000000000000000000000000000000000033
:10BD10000000000000000000000000000000000023
:10BD20008F8102000000000077000000000000008A
:10BD30006840020000000000000000000000000059
:10BD400094AC010000000000B4AD01000000000050
:10BD500000000000000000000000000000000000E3
:10BD600000000000000000000000000000000000D3
:10BD70000000000000000000980200000000000029
:10BD800000000000000000008840020000000000E9
:10BD90000004000000000000B47302000000000076
:10BDA000170000000000000000000000000000007C
:10BDB0000000000000000000E4740100000000002A
:10BDC0000000000000000000000000000000000073
:10BDD0000000000000000000000000000000000063
:10BDE0000000000000000000000000000000000053
:10BDF0000000000000000000000000000000000043
:10BE0000803A020000000000000400000000000072
:10BE1000778B0200000000004E00000000000000D0
:10BE20000000000000000000000000000000000012
:10BE30000000000000000000000000000000000002
:10BE400000000000000000000000000000000000F2
:10BE500000000000000000000000000000000000E2
:10BE600000000000000000000000000000000000D2
:10BE70000000000000000000A83A020000000000DE
:10BE80000400000000000000F9840200000000002F
:10BE90007100000000000000B03A02000000000045
:10BEA0000000000000000000CCCE010000000000F7
:10BEB0000000000000000000000000000000000082
:10BEC000E8CA0100000000000000000000000000BF
:10BED0000000000000000000000000000000000062
:10BEE000200000002800000000000000000000000A
:10BEF000203B0200000000000000000000000000E5
:10BF0000CB6C0200000000003400000000000000C4
:10BF1000683B02000000000000000000000000007C
:10BF2000083F0100000000000000000000000000C9
:10BF30000000000000000000000000000000000001
:10BF400000000000000000000000000000000000F1
:10BF500000000000000000000000000030000000B1
:10BF60000000000000000000483D0200000000004A
:10BF700000000000000000003A690200000000001C
:10BF80001E00000000000000603A020000000000F7
:10BF900000000000000000007CF90000000000002C
:10BFA0000000000000000000000000000000000091
:10BFB0000000000000000000000000000000000081
:10BFC0000000000000000000000000000000000071
:10BFD0000000000000000000000000000000000061
:10BFE000000000000000000004000000000000004D
:10BFF000436F0200000000002F000000000000005E
:10C00000983D0200000000003045010000000000E3
:10C010007C4401000000000000000000000000005F
:10C020000000000000000000000000000000000010
:10C030000000000000000000000000000000000000
:10C0400000000000000000000000000000000000F0
:10C0500000000000000000000000000000000000E0
:10C060000400000000000000CE6E0200000000008E
:10C070007C00000000000000000000000000000044
:10C0800000000000000000000000000000000000B0
:10C0900000000000000000000000000000000000A0
:10C0A0000000000000000000000000000000000090
:10C0B0000000000000000000000000000000000080
:10C0C0000000000000000000000000000000000070
:10C0D000C0A30200000000000400000000000000F7
:10C0E000448402000000000068000000000000001E
:10C0F000A038020000000000000000000000000066
:10C10000000000000000000000000000000000002F
:10C110000000000000000000D0C40100000000008A
:10C12000000000000000000000000000000000000F
:10C1300000000000000000000000000028000000D7
:10C140000000000000000000C038020000000000F5
:10C150000000000000000000308402000000000029
:10C16000680000000000000020380200000000000D
:10C17000000000000000000000C6010000000000F8
:10C1800000000000000000000000000000000000AF
:10C19000D0C401000000000000000000000000000A
:10C1A000000000000000000000000000000000008F
:10C1B0001000000028000000000000000000000047
:10C1C00040380200000000000000000000000000F5
:10C1D000B96A02000000000000000000000000003A
:10C1E000000000000000000000000000000000004F
:10C1F000000000000000000000000000000000003F
:10C20000000000000000000000000000000000002E
:10C21000000000000000000000000000000000001E
:10C22000000000000000000000000000000000000E
:10C2300000000000000000000000000000000000FE
:10C2400000000000000000006A770200000000000B
:10C250004D00000000000000E83D0200000000006A
:10C2600038A201000000000064A2010000000000EC
:10C2700000000000000000000000000000000000BE
:10C2800000000000000000000000000000000000AE
:10C29000000000000000000000000000000000009E
:10C2A000C800000090010000000000000000000035
:10C2B0000002F09F000000000000000000000000ED
:10C2C000C96A0200000000007200000000000000C7
:10C2D00040390200000000000000000000000000E3
:10C2E000000000000000000000000000000000004E
:10C2F000000000000000000000000000000000003E
:10C30000000000000000000000000000000000002D
:10C31000000000000000000000000000000000001D
:10C32000000000000000000000000000000000000D
:10C330000400000000000000816A0200000000000C
:10C340001F00000000000000983F020000000000F5
:10C350000000000000000000700701000000000065
:10C3600000000000000000000000000000000000CD
:10C37000B004010000000000000000000000000008
:10C3800000000000000000000000000000000000AD
:10C390000000000008000000000000000000000095
:10C3A00080A3020000000000000000000000000068
:10C3B000C06E0200000000005100000000000000FC
:10C3C000B83F020000000000000000000000000074
:10C3D0008842010000000000000000000000000092
:10C3E000000000000000000000000000000000004D
:10C3F000000000000000000000000000000000003D
:10C40000000000000000000000000000000000002C
:10C41000000000000000000000000000000000001C
:10C4200000000000000000000C740200000000008A
:10C430004D00000000000000D83F02000000000096
:10C44000B08B010000000000888A0100000000009D
:10C4500000000000000000000000000000000000DC
:10C4600094890100000000000000000000000000AE
:10C4700000000000000000000000000000000000BC
:10C48000A00000008001000000000000000000008B
:10C49000B8340200000000000000000000000000AE
:10C4A00041960200000000006A0000000000000049
:10C4B000F83F020000000000F41902000000000034
:10C4C0009C1902000000000060190200000000003A
:10C4D000000000000000000000000000000000005C
:10C4E000000000000000000000000000000000004C
:10C4F0000000000000000000080000000000000034
:10C5000000000000000000001840020000000000D1
:10C5100000040000000000003D6E0200000000006A
:10C520004C00000000000000484002000000000035
:10C5300000000000000000006C420100000000004C
:10C5400000000000000000000000000000000000EB
:10C5500000000000000000000000000000000000DB
:10C5600000000000000000000000000000000000CB
:10C5700008000000000000000000000000000000B3
:10C5800000000000000000000000000000000000AB
:10C59000A4860200000000007800000000000000F7
:10C5A000000000000000000000000000000000008B
:10C5B000000000000000000000000000000000007B
:10C5C000000000000000000000000000000000006B
:10C5D000000000000000000000000000000000005B
:10C5E000000000000000000000000000000000004B
:10C5F000000000000000000000000000000000003B
:10C600000000000000000000778B02000000000026
:10C61000000000000000000098610200000000001F
:10C62000D0660000000000008F68020000000000DB
:10C630000200000008000000A4F20000000000005A
:10C640000000000000000000A4EF00000000000057
:10C650007B81020000000000060000004000000096
:10C6600070AA0100000000000000000000000000AF
:10C6700078AA0100000000005756020000000000E8
:10C680000100000000000000602700000000000022
:10C6900052560200000000000200000000000000EE
:10C6A00060270000000000004B5602000000000060
:10C6B00003000000000000006027000000000000F0
:10C6C000DA56020000000000000000000000000038
:10C6D0001C2C000000000000D656020000000000E4
:10C6E0000800000000000000482B000000000000CF
:10C6F000B8730200000000001700000000000000F6
:10C700000000000000000000000000000000000029
:10C710000000000000000000E4F200000000000043
:10C720000000000000000000000000000000000009
:10C7300000000000000000000000000000000000F9
:10C7400000000000000000000000000000000000E9
:10C750000000000000000000900000000000000049
:10C76000000000000000000050690200000000000E
:10C770001E00000000000000581E01000000000024
:10C7800000000000000000000000000000000000A9
:10C790000000000000000000000000000000000099
:10C7A0000000000000000000000000000000000089
:10C7B0000000000000000000000000000000000079
:10C7C0000000000000000000000000000000000069
:10C7D0000000000000000000000000000000000059
:10C7E00040840200000000001F0000000000000064
:10C7F0000000000000000000000000000000000039
:10C800000000000000000000E40101000000000042
:10C810000000000000000000000000000000000018
:10C820000000000000000000000000000000000008
:10C8300000000000000000000000000000000000F8
:10C8400000000000000000000000000000000000E8
:10C8500000000000000000009C5D020000000000DD
:10C860002F00000000000000581E01000000000022
:10C8700000000000000000000000000000000000B8
:10C8800000000000000000000000000000000000A8
:10C890000000000000000000000000000000000098
:10C8A0000000000000000000000000000000000088
:10C8B0000000000000000000000000000000000078
:10C8C0000000000000000000000000000000000068
:10C8D000F26B0200000000003400000000000000C5
:10C8E000782F0100000000000000000000000000A0
:10C8F000000000000000000078300100000000008F
:10C9000010300100000000000000000000000000E6
:10C910000000000000000000000000000000000017
:10C920000000000000000000000000000000000007
:10C9300000000000200000000000000000000000D7
:10C940000000000001000000B070020000000000C4
:10C950003800000000000000504801000000000006
:10C960000000000000000000A047010000000000DF
:10C97000C04B0100000000000000000000000000AB
:10C98000344701000000000000000000000000002B
:10C990000000000000000000000000000000000097
:10C9A000000000000000000000000000080000007F
:10C9B0000000000000000000100000000100000066
:10C9C000A46F0200000000003A0000000000000018
:10C9D0000000000000000000000000000000000057
:10C9E0000000000000000000000000000000000047
:10C9F0000000000000000000000000000000000037
:10CA00000000000000000000000000000000000026
:10CA10000000000000000000000000000000000016
:10CA20000000000000000000000000000000000006
:10CA30000000000000000000386E0200000000004E
:10CA40004C00000000000000581E01000000000023
:10CA500000000000000000000000000000000000D6
:10CA600000000000000000000000000000000000C6
:10CA700000000000000000000000000000000000B6
:10CA800000000000000000000000000000000000A6
:10CA90000000000000000000000000000000000096
:10CAA0000000000000000000000000000000000086
:10CAB000D35B0200000000004D00000000000000F9
:10CAC0000000000000000000000000000000000066
:10CAD0000000000000000000000000000000000056
:10CAE00000750100000000000000000000000000D0
:10CAF0000000000000000000000000000000000036
:10CB00000000000000000000000000000000000025
:10CB1000000000000800000000000000000000000D
:10CB200000000000010000006B8B0200000000000C
:10CB30004E000000000000000000000000000000A7
:10CB400000000000000000000000000000000000E5
:10CB500000000000000000000000000000000000D5
:10CB600000000000000000000000000000000000C5
:10CB700000000000000000000000000000000000B5
:10CB800000000000000000000000000000000000A5
:10CB90000000000000000000000000000000000095
:10CBA000E0680200000000004F00000000000000EC
:10CBB0000000000000000000000000000000000075
:10CBC0000000000000000000000000000000000065
:10CBD0000000000000000000000000000000000055
:10CBE0000000000000000000000000000000000045
:10CBF0000000000000000000000000000000000035
:10CC00000000000090010000000000000000000093
:10CC10000000000000000000C56A020000000000E3
:10CC200051000000000000000000000000000000B3
:10CC300000000000000000000000000000000000F4
:10CC400000000000000000000000000000000000E4
:10CC500000000000000000000000000000000000D4
:10CC600000000000000000000000000000000000C4
:10CC700000000000000000000000000000000000B4
:10CC800000000000000000000000000000000000A4
:10CC9000FA670200000000005800000000000000D9
:10CCA0000000000000000000000000000000000084
:10CCB0000000000000000000000000000000000074
:10CCC0000000000000000000000000000000000064
:10CCD0000000000000000000000000000000000054
:10CCE0000000000000000000000000000000000044
:10CCF00000000000000000007800000000000000BC
:10CD000000000000000000005D8202000000000042
:10CD100061000000000000000000000000000000B2
:10CD20000000000000000000000000000000000003
:10CD300040B501000000000000B501000000000047
:10CD400000000000000000000000000000000000E3
:10CD500000000000000000000000000000000000D3
:10CD600000000000000000000000000008000000BB
:10CD700004000000000000000000000000000000AF
:10CD8000F9590200000000006600000000000000E9
:10CD90000000000000000000000000000000000093
:10CDA0000000000000000000000000000000000083
:10CDB0000000000000000000000000000000000073
:10CDC0000000000000000000000000000000000063
:10CDD0000000000000000000000000000000000053
:10CDE0000000000000000000000000000000000043
:10CDF000000000000000000093840200000000001A
:10CE0000680000000000000030BB010000000000CE
:10CE10000000000000000000A4B9010000000000B4
:10CE2000F8C1010000000000000000000000000048
:10CE300000000000000000000000000000000000F2
:10CE400000000000000000000000000000000000E2
:10CE500000000000000000000000000000000000D2
:10CE6000480000000000000000000000000000007A
:10CE700049960200000000006A0000000000000067
:10CE800000000000000000000000000000000000A2
:10CE90000000000000000000000000000000000092
:10CEA0000000000000000000000000000000000082
:10CEB0000000000000000000000000000000000072
:10CEC0000000000000000000000000000000000062
:10CED0000000000000000000000000000000000052
:10CEE0000000000000000000B46A02000000000022
:10CEF0000000000000000000000000000000000032
:10CF00000000000000000000000000000000000021
:10CF10000000000000000000000000000000000011
:10CF20000000000000000000000000000000000001
:10CF300000000000000000000000000000000000F1
:10CF400000000000000000000000000000000000E1
:10CF500000000000000000000000000000000000D1
:10CF600001850200000000007100000000000000C8
:10CF700000000000000000000000000000000000B1
:10CF80000000000000000000E8C8010000000000F0
:10CF90000CC90100000000000000000000000000BB
:10CFA0000000000000000000000000000000000081
:10CFB0000000000000000000000000000000000071
:10CFC0000000000008000000000000000000000059
:10CFD0000000000001000000C96A0200000000001B
:10CFE00072000000000000001C2901000000000089
:10CFF0000000000000000000000000000000000031
:10D000000000000000000000000000000000000020
:10D010000000000000000000000000000000000010
:10D020000000000000000000000000000000000000
:10D0300000000000000000000000000000000000F0
:10D0400018000000000000000000000000000000C8
:10D05000F38A0200000000007600000000000000DB
:10D06000581E010000000000000000000000000049
:10D0700000000000000000002CD0010000000000B3
:10D0800000000000000000004CD60100000000007D
:10D09000E0CF0100000000000000000000000000E0
:10D0A0000000000000000000000000000000000080
:10D0B000000000000C000000000000003000000034
:10D0C0001000000001000000B48602000000000013
:10D0D00078000000000000000000000000000000D8
:10D0E0000000000000000000000000000000000040
:10D0F0000000000000000000000000000000000030
:10D10000000000000000000000000000000000001F
:10D11000000000000000000000000000000000000F
:10D1200000000000000000000000000000000000FF
:10D1300000000000000000000000000000000000EF
:10D140009D81020000000000770000000000000048
:10D1500054AB0100000000000000000000000000CF
:10D1600000000000000000000000000000000000BF
:10D1700000000000000000000000000000000000AF
:10D18000000000000000000000000000000000009F
:10D19000000000000000000000000000000000008F
:10D1A00000000000980200000000000000000000E5
:10D1B0000000000000000000D36E0200000000002C
:10D1C0007C000000000000000000000000000000E3
:10D1D000000000000000000000000000000000004F
:10D1E000000000000000000000000000000000003F
:10D1F000000000000000000000000000000000002F
:10D20000000000000000000000000000000000001E
:10D21000000000000000000000000000000000000E
:10D2200000000000000000000000000000000000FE
:10D230001B970200000000008E00000000000000AC
:10D2400000000000000000000000000000000000DE
:10D25000201C020000000000000000000000000090
:10D2600000000000000000000000000000000000BE
:10D2700000000000000000000000000000000000AE
:10D28000000000000000000000000000000000009E
:10D290000000000078000000000000000000000016
:10D2A0000000000001000000D00DFEED00002B7614
:10D2B00000000038000024EC0000002800000011ED
:10D2C00000000002000000000000068A000024B4F4
:10D2D000000000000000000000000000000000004E
:10D2E0000000000100000000000000030000001525
:10D2F00000000000696E74656C2C736F6366706764
:10D30000612D6167696C6578000000000000000312
:10D31000000000040000000B0000000200000003F9
:10D32000000000040000001A0000000200000003DA
:10D330000000001600000026536F4346504741206E
:10D340004167696C65783520536F43444B0000009A
:10D3500000000001736F6300000000030000000480
:10D360000000000B000000010000000300000004AA
:10D370000000001A00000001000000030000000B84
:10D380000000000073696D706C652D62757300009C
:10D3900000000003000000040000002C736F630015
:10D3A0000000000300000010000000380000000032
:10D3B0000000000000000000FFFFFFFF0000000170
:10D3C000636C6F636B2D636F6E74726F6C6C6572E0
:10D3D0004031306431303030300000000000000354
:10D3E0000000001500000000696E74656C2C616718
:10D3F000696C6578352D636C6B6D67720000000099
:10D4000000000003000000080000003F10D10000F1
:10D4100000001000000000030000000400000043B2
:10D4200000000001000000030000000400000050A4
:10D430000000000A000000020000000169326340A1
:10D4400031306330326230300000000000000003F1
:10D45000000000040000000B0000000100000003B9
:10D46000000000040000001A00000000000000039B
:10D470000000001400000000736E70732C6465736C
:10D4800069676E776172652D693263000000000381
:10D49000000000080000003F10C02B000000010049
:10D4A0000000000300000008000000580000000712
:10D4B0000000002B00000003000000080000005FD7
:10D4C0000000000A00000022000000030000000528
:10D4D000000000666F6B617900000000000000032F
:10D4E000000000040000006D6932630000000001CC
:10D4F0006770696F40323700000000030000000CC5
:10D50000000000006E78702C70636139353335008F
:10D5100000000003000000040000003F000000279E
:10D52000000000030000000000000079000000037C
:10D530000000000400000089000000020000000359
:10D5400000000004000000500000000D0000000278
:10D550000000000200000001726567756C61746F65
:10D56000722D66697865642D337033760000000093
:10D5700000000003000000100000000072656775E5
:10D580006C61746F722D6669786564000000000339
:10D590000000000B00000095636172642D706F77CE
:10D5A000657200000000000300000004000000A4F9
:10D5B00000325AA00000000300000004000000BC7C
:10D5C00000325AA00000000300000000000000D458
:10D5D0000000000300000004000000500000000EE6
:10D5E0000000000200000001726567756C61746FD5
:10D5F000722D317038760000000000030000000F2B
:10D6000000000000726567756C61746F722D677041
:10D61000696F00000000000300000010000000958A
:10D6200073642D6275732D696F2D706F776572004D
:10D630000000000300000004000000A4001B77406D
:10D640000000000300000004000000BC00325AA0EB
:10D650000000000300000010000000E8001B7740FD
:10D660000000000100325AA000000000000000038A
:10D670000000000C000000EF0000000D00000001A1
:10D680000000000000000003000000040000005043
:10D690000000000F00000002000000016D6D63300B
:10D6A00040313038303830303000000000000003A6
:10D6B000000000040000000B000000010000000357
:10D6C000000000040000001A000000000000000339
:10D6D0000000001E00000000616C74722C6167691C
:10D6E0006C6578352D73643668630063646E732CE3
:10D6F0007364366863000000000000030000000847
:10D700000000003F108080000000100000000003B7
:10D71000000000100000005F0000000A000000216F
:10D720000000000A000000300000000300000008B4
:10D73000000000F562697500636975000000000370
:10D7400000000004000001010000080000000003C8
:10D75000000000080000010C0000000800000005A7
:10D760000000000300000005000000666F6B617997
:10D770000000000000000003000000000000011392
:10D78000000000030000000800000121000020004C
:10D790000000FF0000000003000000000000013155
:10D7A000000000030000000000000138000000033A
:10D7B000000000000000014300000003000000041E
:10D7C000000001540000000E0000000300000004EF
:10D7D000000001600000000F0000000300000004D2
:10D7E0000000016D0BEBC200000000030000000808
:10D7F0000000017B000000000000C80000000003E2
:10D800000000000400000186007800000000000312
:10D8100000000004000001A681A4004000000003F5
:10D8200000000004000001CA00A000FE0000000388
:10D8300000000004000001E82800000100000003CF
:10D84000000000040000020700780001000000034F
:10D85000000000040000022781A400400000000333
:10D86000000000040000024B100000010000000353
:10D87000000000040000026A000001010000000333
:10D88000000000040000028B000A000100000003F9
:10D8900000000004000002AE007800040000000355
:10D8A00000000004000002D180A40040000000033A
:10D8B00000000004000002F804000004000000035F
:10D8C00000000004000003193800000100000003FC
:10D8D000000000040000033BF1C1800C00000003C5
:10D8E00000000004000003610002000000000003CB
:10D8F000000000040000038A000001010000000392
:10D9000000000004000003AE000900050000000351
:10D9100000000004000003D4110000010000000317
:10D9200000000004000003F8007800040000000379
:10D93000000000040000041D004D4D000000000325
:10D94000000000040000044081A400400000000327
:10D950000000000400000469F1C180000000000321
:10D960000000000400000491000900000000000312
:10D9700000000004000004BC0000010100000003DE
:10D9800000000004000004E2000A0001000000039F
:10D99000000000180000005800000007000000060A
:10D9A000000000070000000F000000070000000753
:10D9B000000000030000001E0000006D636F6D6238
:10D9C0006F7068790073646D6D632D6F63700073A1
:10D9D0006468632D726573657400000000000002C6
:10D9E000000000016E616E644031306238303030CA
:10D9F00030000000000000030000000A00000000EA
:10DA000063646E732C6E616E64000000000000039E
:10DA1000000000100000003F10B8000000010000EE
:10DA20001084000000001000000000030000000946
:10DA30000000050A7265670073646D6100000000F4
:10DA400000000003000000040000000B00000001C3
:10DA500000000003000000040000001A00000000A5
:10DA600000000003000000080000005F0000000A42
:10DA70000000002D0000000300000010000000580E
:10DA8000000000070000000500000007000000067D
:10DA9000000000030000000400000514000012DE76
:10DAA0000000000300000009000000666469736163
:10DAB000626C65640000000000000001666C617328
:10DAC0006840300000000003000000040000003F38
:10DAD0000000000000000003000000040000000B34
:10DAE0000000000100000003000000040000001A14
:10DAF0000000000100000002000000020000000120
:10DB00007273746D6772403130643131303030007F
:10DB100000000003000000040000052800000001D0
:10DB2000000000030000000D00000000616C747232
:10DB30002C7273742D6D67720000000000000003EA
:10DB4000000000080000003F10D11000000010008D
:10DB50000000000300000004000005350000002460
:10DB60000000000300000004000000500000000757
:10DB700000000002000000017379736D677240318C
:10DB800030643132303030000000000300000014F7
:10DB900000000000616C74722C7379732D6D6772D4
:10DBA00000737973636F6E000000000300000008CB
:10DBB0000000003F10D1200000000500000000031D
:10DBC00000000004000000500000000900000002F6
:10DBD0000000000174696D6572304031306330338C
:10DBE0003030300000000003000000120000000090
:10DBF000736E70732C64772D6170622D74696D651E
:10DC00007200000000000003000000080000003F58
:10DC100010C03000000001000000000300000008F8
:10DC2000000000580000000700000026000000036C
:10DC3000000000080000005F0000000A0000002251
:10DC40000000000300000006000000F574696D6527
:10DC500072000000000000030000000500000066E4
:10DC60006F6B6179000000000000000200000001FD
:10DC700074696D657231403130633033313030005A
:10DC8000000000030000001200000000736E7073BB
:10DC90002C64772D6170622D74696D6572000000CF
:10DCA00000000003000000080000003F10C0310029
:10DCB0000000010000000003000000080000005800
:10DCC000000000070000002700000003000000081B
:10DCD0000000005F0000000A0000002200000003B6
:10DCE00000000006000000F574696D657200000018
:10DCF0000000000300000005000000666F6B617902
:10DD000000000000000000020000000174696D6561
:10DD10007232403130643030303030000000000367
:10DD20000000001200000000736E70732C64772DE9
:10DD30006170622D74696D6572000000000000035F
:10DD4000000000080000003F10D0000000000100AB
:10DD50000000000300000008000000580000000759
:10DD60000000002400000003000000080000005F25
:10DD70000000000A0000000300000003000000068D
:10DD8000000000F574696D6572000000000000037A
:10DD900000000005000000666F6B61790000000064
:10DDA000000000020000000174696D6572334031AB
:10DDB00030643030313030000000000300000012C9
:10DDC00000000000736E70732C64772D6170622DFB
:10DDD00074696D6572000000000000030000000817
:10DDE0000000003F10D0010000000100000000030F
:10DDF0000000000800000058000000070000002597
:10DE000000000003000000080000005F0000000A9E
:10DE1000000000030000000300000006000000F501
:10DE200074696D65720000000000000300000005C9
:10DE3000000000666F6B61790000000000000002C6
:10DE40000000000173657269616C304031306330ED
:10DE500032303030000000000000000300000011EC
:10DE600000000000736E70732C64772D6170622D5A
:10DE700075617274000000000000000300000008DB
:10DE80000000003F10C0200000000100000000035F
:10DE9000000000040000054800000002000000032C
:10DEA0000000000400000552000000040000000310
:10DEB00000000008000000580000000700000030CB
:10DEC0000000000300000005000000666F6B617930
:10DED0000000000000000003000000080000005FD8
:10DEE0000000000A000000220000000300000004FF
:10DEF0000000055F05F5E1000000000200000001E0
:10DF00007761746368646F674031306430303230F9
:10DF100030000000000000030000000C00000000C2
:10DF2000736E70732C64772D7764740000000003A7
:10DF3000000000080000003F10D0020000000100B7
:10DF40000000000300000008000000580000000767
:10DF50000000002000000003000000080000005F37
:10DF60000000000A0000000300000003000000059C
:10DF7000000000666F6B6179000000000000000285
:10DF8000000000017364724031383030303030307E
:10DF90000000000000000003000000160000000068
:10DFA000696E74656C2C7364722D63746C2D61677B
:10DFB000696C65783500000000000003000000086F
:10DFC0000000003F180000000040000000000003B7
:10DFD0000000000800000058000000070000004694
:10DFE00000000002000000017370694031303864A5
:10DFF0003230303000000000000000030000000E4E
:10E000000000000063646E732C717370692D6E6F75
:10E010007200000000000003000000040000000B7C
:10E020000000000100000003000000040000001ACE
:10E030000000000000000003000000100000003F8E
:10E04000108D200000000100109000000010000062
:10E0500000000003000000040000056F00000080C5
:10E0600000000003000000040000057F0000000421
:10E0700000000003000000040000058F0000000005
:10E0800000000003000000040000005F0000001119
:10E090000000000300000005000000666F6B61795E
:10E0A0000000000000000001666C617368403000F1
:10E0B00000000003000000040000000B000000014D
:10E0C00000000003000000040000001A000000012E
:10E0D000000000030000000E000000006A65646597
:10E0E000632C7370692D6E6F7200000000000003D6
:10E0F000000000040000003F0000000000000003DA
:10E1000000000004000005A405F5E1000000000384
:10E1100000000000000005B600000003000000043D
:10E12000000005C50000010000000003000000041D
:10E13000000005D4000000100000000300000004EF
:10E14000000005E4000000320000000300000004AD
:10E15000000005F20000003200000003000000048F
:10E16000000006000000000400000003000000049E
:10E170000000060E00000004000000030000000480
:10E180000000061C00000004000000030000000462
:10E190000000062D00000004000000020000000244
:10E1A00000000001736F63667067612D6363752DF6
:10E1B000636F6E66696700000000000300000014D2
:10E1C00000000000696E74656C2C736F6366706785
:10E1D000612D647472656700000000030000000494
:10E1E0000000000B0000000100000003000000041C
:10E1F0000000001A0000000100000001695F636375
:10E20000755F636169753040316330303030303074
:10E210000000000000000003000000080000003FB4
:10E220001C00000000001000000000030000012C92
:10E230000000063E000003C4000000000707077747
:10E240000000041400018000FFFFFFFF000004181D
:10E2500000000000000000FF00000410C0E0020009
:10E26000C1F03E1F000004240001D000FFFFFFFFAB
:10E270000000042800000000000000FF000004204F
:10E28000C0800400C1F03E1F0000044400020000F2
:10E29000FFFFFFFF0000044800000000000000FF37
:10E2A00000000440C1100006C1F03E1F00000454ED
:10E2B00000040000FFFFFFFF000004580000000002
:10E2C000000000FF00000450C1200006C1F03E1F06
:10E2D0000000046400080000FFFFFFFF0000046866
:10E2E00000000000000000FF000004740040000077
:10E2F000FFFFFFFF0000047800000000000000FFA7
:10E3000000000470C1600006C1F03E1F00000484DC
:10E3100000800000FFFFFFFF0000048800000000F5
:10E32000000000FF0000049404000000FFFFFFFF56
:10E330000000049800000000000000FF00000490AE
:10E34000C1A00006C1F03E1F000004A408000000A8
:10E35000FFFFFFFF000004A800000000000000FF16
:10E360000000000200000001695F6363755F6E6377
:10E370006169753040316330303130303000000039
:10E3800000000003000000080000003F1C00100017
:10E3900000001000000000030000012C0000063EF9
:10E3A000000003C400000000070707770000040412
:10E3B00000010000FFFFFFFF000004080000000054
:10E3C000000000FF00000400C0F00000C1F03E1F8C
:10E3D0000000041400018000FFFFFFFF000004188C
:10E3E00000000000000000FF00000410C0E0020078
:10E3F000C1F03E1F0000044400020000FFFFFFFFC9
:10E400000000044800000000000000FF000004407D
:10E41000C1100006C1F03E1F0000045400040000BB
:10E42000FFFFFFFF0000045800000000000000FF95
:10E4300000000450C1200006C1F03E1F000004642B
:10E4400000080000FFFFFFFF00000468000000005C
:10E45000000000FF0000047400400000FFFFFFFF09
:10E460000000047800000000000000FF00000470BD
:10E47000C1600006C1F03E1F00000484008000005F
:10E48000FFFFFFFF0000048800000000000000FF05
:10E490000000049404000000FFFFFFFF0000049848
:10E4A00000000000000000FF00000490C1A0000672
:10E4B000C1F03E1F000004A408000000FFFFFFFFA2
:10E4C000000004A800000000000000FF000000029F
:10E4D00000000001695F6363755F6E636169753198
:10E4E0004031633030323030300000000000000333
:10E4F000000000080000003F1C0020000000100089
:10E5000000000003000000540000063E000003C4A9
:10E5100000000000070707770000046400080000FF
:10E52000FFFFFFFF0000046800000000000000FF84
:10E530000000048400800000FFFFFFFF000004884B
:10E5400000000000000000FF000004A4080000001C
:10E55000FFFFFFFF000004A800000000000000FF14
:10E560000000000200000001695F6363755F6E6375
:10E570006169753240316330303330303000000033
:10E5800000000003000000080000003F1C003000F5
:10E590000000100000000003000000540000063ED0
:10E5A000000003C4000000000707077700000464B0
:10E5B00000080000FFFFFFFF0000046800000000EB
:10E5C000000000FF0000048400800000FFFFFFFF48
:10E5D0000000048800000000000000FF000004A408
:10E5E00008000000FFFFFFFF000004A8000000007B
:10E5F000000000FF0000000200000001695F63638B
:10E60000755F6E636169753340316330303430302B
:10E610003000000000000003000000080000003F80
:10E620001C00400000001000000000030000007803
:10E630000000063E000003C4000000000707077743
:10E640000000041400018000FFFFFFFF0000041819
:10E6500000000000000000FF00000410C0E0020005
:10E66000C1F03E1F0000046400080000FFFFFFFF30
:10E670000000046800000000000000FF00000484A7
:10E6800000800000FFFFFFFF000004880000000082
:10E69000000000FF000004A408000000FFFFFFFFCF
:10E6A000000004A800000000000000FF00000002BD
:10E6B00000000001695F6363755F6463653040312A
:10E6C00063303035303030000000000300000008B7
:10E6D0000000003F1C00500000001000000000037C
:10E6E000000000540000063E000003C400000000CB
:10E6F000070707770000046400080000FFFFFFFF22
:10E700000000046800000000000000FF0000048416
:10E7100000800000FFFFFFFF0000048800000000F1
:10E72000000000FF000004A408000000FFFFFFFF3E
:10E73000000004A800000000000000FF000000022C
:10E7400000000001695F6363755F64636531403198
:10E750006330303630303000000000030000000825
:10E760000000003F1C0060000000100000000003DB
:10E77000000000540000063E000003C4000000003A
:10E78000070707770000046400080000FFFFFFFF91
:10E790000000046800000000000000FF0000048486
:10E7A00000800000FFFFFFFF000004880000000061
:10E7B000000000FF000004A408000000FFFFFFFFAE
:10E7C000000004A800000000000000FF000000029C
:10E7D00000000001695F6363755F646D69304031FB
:10E7E0006330303730303000000000030000000894
:10E7F0000000003F1C00700000001000000000033B
:10E80000000000240000063E00000300000000019C
:10E8100000000003000003000000000300000003EC
:10E82000000003080000000C0000001F00000002B0
:10E8300000000001695F6363755F646D693040319A
:10E840006330303830303000000000030000000832
:10E850000000003F1C0080000000100000000003CA
:10E86000000000240000063E00000300000000013C
:10E87000000000030000030000000003000000038C
:10E88000000003080000000C0000001F0000000250
:10E890000000000200000001736F63667067612D65
:10E8A0006669726577616C6C2D636F6E666967006F
:10E8B000000000030000001400000000696E746591
:10E8C0006C2C736F63667067612D6474726567008A
:10E8D00000000003000000040000000B0000000125
:10E8E00000000003000000040000001A0000000106
:10E8F000000000016E6F635F66775F6C345F706568
:10E90000724031306432313030300000000000039A
:10E91000000000080000003F10D210000000008C32
:10E9200000000003000001500000063E000000004F
:10E9300001010001010100010000000C01010001C2
:10E9400001010001000000100101000101010001AE
:10E950000000001C0101030101010301000000206F
:10E960000101030101010301000000240101030171
:10E97000010103010000002801010301010103015D
:10E980000000002C01010001010100010000003025
:10E99000010100010101000100000034010100013A
:10E9A000010100010000004001010001010100011E
:10E9B00000000044010103010101030100000048BF
:10E9C00001010301010103010000005001010301E5
:10E9D00001010301000000540101030101010301D1
:10E9E0000000005801010301010103010000005C67
:10E9F00001010301010103010000006001010301A5
:10EA00000101030100000064010103010101030190
:10EA10000000006801010301010103010000006C16
:10EA20000101030101010301000000700101030164
:10EA30000101030100000074010103010101030150
:10EA40000000007801010301010103010000007CC6
:10EA5000010100010101000100000080010100012D
:10EA60000101000100000084010100010101000119
:10EA70000000008801010301010103010000000200
:10EA8000000000016E6F635F66775F6C345F7379BF
:10EA90007340313064323131303000000000000307
:10EAA000000000080000003F10D211000000009894
:10EAB00000000003000001740000063E0000000892
:10EAC00001010001010100010000000C0101000131
:10EAD000010100010000001001010001010100011D
:10EAE00000000014010100010101000100000018F4
:10EAF00001010001010100010000001C01010001F1
:10EB000001010001000000200101000101010001DC
:10EB10000000002C01010001010100010000003093
:10EB200001010001010100010000003401010001A8
:10EB30000101000100000038010100010101000194
:10EB4000000000400101000101010001000000443B
:10EB50000101000101010001000000480101000164
:10EB6000010100010000004C010100010101000150
:10EB700000000054010100010101000100000058E3
:10EB800001010001010100010000005C0101000120
:10EB90000101000100000060010103010101030106
:10EBA000000000640101030101010301000000688D
:10EBB00001010301010103010000006C01010301D7
:10EBC00001010301000000700101030101010301C3
:10EBD000000000740101030101010301000000783D
:10EBE00003010001030100010000007C0101030199
:10EBF0000101030100000080010100010101000189
:10EC000000000084010100010101000100000088F2
:10EC1000010100010101000100000090010100015B
:10EC20000101000100000094010100010101000147
:10EC300000000002000000016E6F635F66775F6C8A
:10EC400077736F633266706761403130643231339D
:10EC50003030000000000003000000080000003F0A
:10EC600010D2130000000004000000030000000C9C
:10EC70000000063E000000000FFE03010FFE03012E
:10EC800000000002000000016E6F635F66775F7333
:10EC90006F633266706761403130643231323030D8
:10ECA0000000000000000003000000080000003F1A
:10ECB00010D2120000000004000000030000000C4D
:10ECC0000000063E000000000FFE03010FFE0301DE
:10ECD00000000002000000016E6F635F66775F74E2
:10ECE000637540313064323134303000000000034D
:10ECF000000000080000003F10D2140000000004D3
:10ED0000000000030000000C0000063E00000000B0
:10ED100001010001010100010000000200000002E9
:10ED200000000001736F63667067612D6363752D6A
:10ED30006464722D696E7465726C656176696E6764
:10ED40002D6F666600000000000000030000001444
:10ED500000000000696E74656C2C736F63667067E9
:10ED6000612D6474726567000000000300000004F8
:10ED70000000000B00000001000000030000000480
:10ED80000000001A0000000100000001695F6363D9
:10ED9000755F6361697530403163303030303030D9
:10EDA0000000000000000003000000080000003F19
:10EDB0001C000000000010000000000300000030F4
:10EDC0000000063E000003C0000000030000001F1A
:10EDD0000000046081300006C1F03E1F0000048086
:10EDE00081700006C1F03E1F000004A081B0000643
:10EDF000C1F03E1F0000000200000001695F636374
:10EE0000755F6E6361697530403163303031303029
:10EE10003000000000000003000000080000003F78
:10EE20001C00100000001000000000030000003073
:10EE30000000063E000003C0000000030000001FA9
:10EE40000000046081300006C1F03E1F0000048015
:10EE500081700006C1F03E1F000004A081B00006D2
:10EE6000C1F03E1F0000000200000001695F636303
:10EE7000755F6E63616975314031633030323030B7
:10EE80003000000000000003000000080000003F08
:10EE90001C002000000010000000000300000030F3
:10EEA0000000063E000003C0000000030000001F39
:10EEB0000000046081300006C1F03E1F00000480A5
:10EEC00081700006C1F03E1F000004A081B0000662
:10EED000C1F03E1F0000000200000001695F636393
:10EEE000755F6E6361697532403163303033303045
:10EEF0003000000000000003000000080000003F98
:10EF00001C00300000001000000000030000003072
:10EF10000000063E000003C0000000030000001FC8
:10EF20000000046081300006C1F03E1F0000048034
:10EF300081700006C1F03E1F000004A081B00006F1
:10EF4000C1F03E1F0000000200000001695F636322
:10EF5000755F6E63616975334031633030343030D2
:10EF60003000000000000003000000080000003F27
:10EF70001C004000000010000000000300000030F2
:10EF80000000063E000003C0000000030000001F58
:10EF90000000046081300006C1F03E1F00000480C4
:10EFA00081700006C1F03E1F000004A081B0000681
:10EFB000C1F03E1F0000000200000001695F6363B2
:10EFC000755F646365304031633030353030300018
:10EFD00000000003000000080000003F1C0050007B
:10EFE0000000100000000003000000300000063E9A
:10EFF000000003C0000000030000001F00000460C8
:10F0000081300006C1F03E1F0000048081700006C0
:10F01000C1F03E1F000004A081B00006C1F03E1FF9
:10F020000000000200000001695F6363755F6463B4
:10F03000653140316330303630303000000000033D
:10F04000000000080000003F1C00600000001000ED
:10F0500000000003000000300000063E000003C076
:10F06000000000030000001F000004608130000663
:10F07000C1F03E1F0000048081700006C1F03E1FF9
:10F08000000004A081B00006C1F03E1F0000000295
:10F090000000000200000001736F63667067612D5D
:10F0A0006363752D6464722D696E7465726C65613D
:10F0B00076696E672D6F6E0000000003000000147B
:10F0C00000000000696E74656C2C736F6366706776
:10F0D000612D647472656700000000030000000485
:10F0E0000000000B0000000100000003000000040D
:10F0F0000000001A0000000100000001695F636366
:10F10000755F636169753040316330303030303065
:10F110000000000000000003000000080000003FA5
:10F120001C00000000001000000000030000003080
:10F130000000063E000003C0000000010000001FA8
:10F140000000046081200006C1F03E1F0000048022
:10F1500081600006C1F03E1F000004A081A00006EF
:10F16000C1F03E1F0000000200000001695F636300
:10F17000755F6E63616975304031633030313030B6
:10F180003000000000000003000000080000003F05
:10F190001C00100000001000000000030000003000
:10F1A0000000063E000003C0000000010000001F38
:10F1B0000000046081200006C1F03E1F00000480B2
:10F1C00081600006C1F03E1F000004A081A000067F
:10F1D000C1F03E1F0000000200000001695F636390
:10F1E000755F6E6361697531403163303032303044
:10F1F0003000000000000003000000080000003F95
:10F200001C0020000000100000000003000000307F
:10F210000000063E000003C0000000010000001FC7
:10F220000000046081200006C1F03E1F0000048041
:10F2300081600006C1F03E1F000004A081A000060E
:10F24000C1F03E1F0000000200000001695F63631F
:10F25000755F6E63616975324031633030333030D1
:10F260003000000000000003000000080000003F24
:10F270001C003000000010000000000300000030FF
:10F280000000063E000003C0000000010000001F57
:10F290000000046081200006C1F03E1F00000480D1
:10F2A00081600006C1F03E1F000004A081A000069E
:10F2B000C1F03E1F0000000200000001695F6363AF
:10F2C000755F6E636169753340316330303430305F
:10F2D0003000000000000003000000080000003FB4
:10F2E0001C0040000000100000000003000000307F
:10F2F0000000063E000003C0000000010000001FE7
:10F300000000046081200006C1F03E1F0000048060
:10F3100081600006C1F03E1F000004A081A000062D
:10F32000C1F03E1F0000000200000001695F63633E
:10F33000755F6463653040316330303530303000A4
:10F3400000000003000000080000003F1C00500007
:10F350000000100000000003000000300000063E26
:10F36000000003C0000000010000001F0000046056
:10F3700081200006C1F03E1F00000480816000066D
:10F38000C1F03E1F000004A081A00006C1F03E1F96
:10F390000000000200000001695F6363755F646341
:10F3A00065314031633030363030300000000003CA
:10F3B000000000080000003F1C006000000010007A
:10F3C00000000003000000300000063E000003C003
:10F3D000000000010000001F000004608120000602
:10F3E000C1F03E1F0000048081600006C1F03E1F96
:10F3F000000004A081A00006C1F03E1F0000000232
:10F400000000000200000001736F63667067612DE9
:10F41000736D6D752D7365637572652D636F6E66A3
:10F4200069670000000000030000001400000000F5
:10F43000696E74656C2C736F63667067612D64749C
:10F440007265670000000003000000040000000B6C
:10F450000000000100000003000000040000001A8A
:10F460000000000100000001695F7379735F6D6740
:10F47000745F7379736D67725F6373724031306468
:10F48000313230303000000000000003000000087E
:10F490000000003F10D12000000005000000000324
:10F4A000000000780000063E0000017C0000000023
:10F4B0000000003F00000180000000000000003F4D
:10F4C00000000184000000000000003F00000188EF
:10F4D000000000000000003F00000190000000005C
:10F4E0000000003F00000194000000000000003F09
:10F4F00000000198000000000000003F0000019C97
:10F50000000000000000003F000001A0000000001B
:10F510000000003F000001A4000000000000003FC8
:10F52000000000020000000200000001736F63662B
:10F530007067612D6E6F632D66772D6D7066652D1A
:10F54000637372000000000300000014000000005C
:10F55000696E74656C2C736F63667067612D64747B
:10F560007265670000000003000000040000000B4B
:10F570000000000100000003000000040000001A69
:10F580000000000100000001695F6E6F635F667735
:10F590005F6D7066655F6373724031383030306420
:10F5A0003030000000000003000000080000003FB1
:10F5B00018000D00000001000000000300000024FE
:10F5C0000000063E000000000000000100010101F3
:10F5D000000000040000000100010101000000081B
:10F5E0000000000100010101000000020000000213
:10F5F000000000017077726D677240313064313401
:10F600003030300000000003000000120000000055
:10F61000616C74722C706D67722D6167696C6578AE
:10F620003500000000000003000000080000003F5B
:10F6300010D14000000001000000000200000002A4
:10F6400000000001616C69617365730000000003D4
:10F6500000000015000006542F736F632F73797339
:10F660006D6772403130643132303030000000005C
:10F6700000000003000000160000065B2F736F639C
:10F680002F73657269616C304031306330323030D5
:10F6900030000000000000030000001200000663BC
:10F6A0002F736F632F73706940313038643230309C
:10F6B0003000000000000002000000016D656D6F69
:10F6C0007279000000000003000000070000002C19
:10F6D0006D656D6F7279000000000003000000107E
:10F6E0000000003F000000000000000000000000DB
:10F6F0000000000000000003000000040000000BF8
:10F700000000000200000003000000040000001AD6
:10F7100000000002000000020000000163686F7337
:10F72000656E000000000003000000110000066884
:10F7300073657269616C303A3131353230306E3810
:10F740000000000000000003000000350000067407
:10F750002F736F632F6D6D63304031303830383028
:10F760003030002F736F632F73706940313038640D
:10F77000323030302F666C6173684030002F6D6519
:10F780006D6F7279000000000000000200000002AE
:10F7900000000009636F6D70617469626C6500231D
:10F7A000616464726573732D63656C6C730023739D
:10F7B000697A652D63656C6C73006D6F64656C00B0
:10F7C0006465766963655F747970650072616E6700
:10F7D0006573007265670023636C6F636B2D6365EF
:10F7E0006C6C73007068616E646C65007265736543
:10F7F000747300636C6F636B7300737461747573FF
:10F800000072657365742D6E616D65730067706954
:10F810006F2D636F6E74726F6C6C6572002367700E
:10F82000696F2D63656C6C7300726567756C6174CC
:10F830006F722D6E616D6500726567756C61746FB6
:10F84000722D6D696E2D6D6963726F766F6C7400C9
:10F85000726567756C61746F722D6D61782D6D695D
:10F8600063726F766F6C7400726567756C61746F2C
:10F87000722D616C776179732D6F6E007374617492
:10F880006573006770696F7300636C6F636B2D6ED7
:10F89000616D6573006669666F2D646570746800DC
:10F8A000696F6D6D75730073642D7568732D736466
:10F8B000723130340073646863692D636170732D35
:10F8C0006D61736B006E6F2D6D6D630064697361A4
:10F8D000626C652D7770006361702D73642D6869AB
:10F8E0006768737065656400766D6D632D73757000
:10F8F000706C790076716D6D632D737570706C79B5
:10F90000006D61782D6672657175656E637900733F
:10F91000646863692D636170730063646E732C7037
:10F9200068792D6471732D74696D696E672D6465D6
:10F930006C61792D73642D64730063646E732C7035
:10F9400068792D676174652D6C70626B2D637472BC
:10F950006C2D64656C61792D73642D647300636430
:10F960006E732C7068792D646C6C2D736C61766588
:10F970002D6374726C2D73642D64730063646E73F5
:10F980002C7068792D64712D74696D696E672D64B2
:10F99000656C61792D73642D64730063646E732CE0
:10F9A0007068792D6471732D74696D696E672D644B
:10F9B000656C61792D73642D68730063646E732CBC
:10F9C0007068792D676174652D6C70626B2D63743E
:10F9D000726C2D64656C61792D73642D687300639E
:10F9E000646E732C7068792D64712D74696D696E05
:10F9F000672D64656C61792D73642D687300636491
:10FA00006E732C6374726C2D68727331362D736C47
:10FA10006176652D6374726C2D73642D6873006359
:10FA2000646E732C6374726C2D68727330372D742E
:10FA3000696D696E672D64656C61792D73642D68DD
:10FA4000730063646E732C7068792D6471732D7408
:10FA5000696D696E672D64656C61792D656D6D6387
:10FA60002D7364720063646E732C7068792D676106
:10FA700074652D6C70626B2D6374726C2D64656C93
:10FA800061792D656D6D632D7364720063646E73AF
:10FA90002C7068792D646C6C2D736C6176652D63A8
:10FAA00074726C2D656D6D632D7364720063646E8A
:10FAB000732C7068792D64712D74696D696E672D72
:10FAC00064656C61792D656D6D632D73647200637F
:10FAD000646E732C6374726C2D68727330392D747C
:10FAE000696D696E672D64656C61792D656D6D63F7
:10FAF0002D7364720063646E732C6374726C2D6872
:10FB0000727331302D6C70626B2D6374726C2D6466
:10FB1000656C61792D656D6D632D7364720063642E
:10FB20006E732C6374726C2D68727331362D736C26
:10FB30006176652D6374726C2D656D6D632D7364D4
:10FB4000720063646E732C6374726C2D6872733010
:10FB5000372D74696D696E672D64656C61792D65EB
:10FB60006D6D632D7364720063646E732C706879BD
:10FB70002D64712D74696D696E672D64656C617992
:10FB80002D656D6D632D68733230300063646E7364
:10FB90002C7068792D6471732D74696D696E672D91
:10FBA00064656C61792D656D6D632D6873323030DD
:10FBB0000063646E732C7068792D646C6C2D736CAB
:10FBC0006176652D6374726C2D656D6D632D687340
:10FBD0003230300063646E732C7068792D67617405
:10FBE000652D6C70626B2D6374726C2D64656C6135
:10FBF000792D656D6D632D68733230300063646EEE
:10FC0000732C6374726C2D68727330392D74696D46
:10FC1000696E672D64656C61792D656D6D632D6806
:10FC2000733230300063646E732C6374726C2D68B1
:10FC3000727331302D6C70626B2D6374726C2D6435
:10FC4000656C61792D656D6D632D687332303000A0
:10FC500063646E732C6374726C2D68727331362D0D
:10FC6000736C6176652D6374726C2D656D6D632D9B
:10FC700068733230300063646E732C6374726C2D61
:10FC800068727330372D74696D696E672D64656CA9
:10FC900061792D656D6D632D68733230300072654A
:10FCA000672D6E616D65730063646E732C626F61A6
:10FCB00072642D64656C61792D70730023726573B5
:10FCC00065742D63656C6C7300616C74722C6D6F60
:10FCD000647273742D6F6666736574007265672D48
:10FCE0007368696674007265672D696F2D77696442
:10FCF000746800636C6F636B2D6672657175656EF9
:10FD000063790063646E732C6669666F2D64657039
:10FD100074680063646E732C6669666F2D7769641E
:10FD200074680063646E732C747269676765722D02
:10FD300061646472657373007370692D6D61782DF1
:10FD40006672657175656E6379006D3235702C660B
:10FD50006173742D726561640063646E732C7061ED
:10FD600067652D73697A650063646E732C626C6FCE
:10FD7000636B2D73697A650063646E732C747368AA
:10FD8000736C2D6E730063646E732C7473643264D1
:10FD90002D6E730063646E732C74636873682D6ECC
:10FDA000730063646E732C74736C63682D6E7300E0
:10FDB0007370692D74782D6275732D77696474681A
:10FDC000007370692D72782D6275732D7769647474
:10FDD0006800696E74656C2C6F66667365742D734C
:10FDE000657474696E6773007379736D67720073FD
:10FDF000657269616C300073706930007374646F90
:10FE000075742D7061746800752D626F6F742C733A
:0EFE1000706C2D626F6F742D6F7264657200DE
:00000001FF
