:100000000A0000141F2003D500002080000000001B
:10001000C0AC0200000000000000F09F00000000E3
:10002000D006F09F0000000062020014414238D563
:100030003F2000F16C000054E0000054AB0100547C
:1000400000113ED5000C40B200111ED55F111ED527
:100050000A00001401113CD5C10010B721007BB289
:1000600001111CD5E07F86D240111CD5030000147D
:100070000006A0D2401018D5FF4403D5404238D521
:100080001F2000F14C01005440000054AB0000540C
:10009000000438D5000C7492E00000B50400001490
:1000A000000438D5001C7892600000B52004005888
:1000B00000E01BD5DF3F03D504000094120000943C
:1000C000BF4100D56F050094FD031EAA000038D57E
:1000D00000FC44D3002C40921F0C34F1000100546A
:1000E000000038D500FC44D3002C40921F1C34F192
:1000F00080000054FE031DAAC0035FD6FEFFFF1759
:10010000FDFFFF17FD031EAAFE031DAAC0035FD655
:10011000C0035FD6C0035FD6290100F029211991E1
:10012000200500A9220D01A9C1FFFF170000000052
:1001300000C2EB0B0000000000008052C0035FD63D
:10014000FD7BBDA902008052010100D0FD0300919A
:1001500021843D91F30B00F9F30300AAE0830091A1
:1001600033380094E1830091E00313AAB93200947C
:10017000F30B40F9FD7BC3A8C0035FD61F9C0F7132
:1001800089020054FD7BBEA9017D8052FD030091D0
:10019000F30B00F91308C11A000100D000A83D912B
:1001A000E103132A4C38009450000094000042B937
:1001B000BF3F03D5BF3F03D54C000094130002B9E5
:1001C00000008052F30B40F9FD7BC2A8C0035FD64C
:1001D000A0028012C0035FD6FD7BBFA9FD03009182
:1001E00042000094010042B9BF3F03D5007D805218
:1001F000FD7BC1A8207C001BC0035FD6FD7BBDA991
:10020000020100D001008012FD030091F35301A907
:10021000422C3E91540A40F9E00314AA892D00941F
:100220004000F8364A320094F303002AE103002A22
:10023000E00314AA952F009460FFFF342201009080
:10024000E483009142343491E103132AE00314AAB9
:1002500003008052FC30009460FEFF35200100F066
:10026000E11340F9013803F9F35341A9FD7BC3A819
:10027000C0035FD6FD7BBEA9000100F0008405919C
:10028000FD0300917C490094A000F8B6000100D065
:1002900000603E91103800942D320094E10300AAD2
:1002A000E2630091E0098052CD470094E103002A07
:1002B000A0000034000100D000043F9106380094F3
:1002C000F6FFFF17E00F40F91F440094210100F0F2
:1002D000203403F9FD7BC2A8C0035FD6200100F0E3
:1002E000003843F9C0035FD6200100F0003443F921
:1002F000C0035FD6200100F0003C43F9C0035FD685
:10030000FD7BBBA9410100B021E03A91FD030091C2
:10031000E2830091F30B00F9F303002AE00380521B
:100320004D470094A0000034000080D2F30B40F948
:10033000FD7BC5A8C0035FD6E01340F9E1A300919F
:10034000F32300F9C13C009400FFFF37E0A30091C4
:10035000313D009401F87A923F9800B160FEFF545D
:100360001F1400B141FEFF54F0FFFF17FD7BBEA933
:10037000C0038052FD030091F30B00F9137D80D27E
:10038000E0FFFF970108D39A000100D000A03F9141
:10039000D137009400048052DAFFFF970108D39A06
:1003A000000100D000F03F91CB37009460008052F4
:1003B000D4FFFF970108D39A000100F00044009198
:1003C000C537009420048052CEFFFF970108D39ACE
:1003D000000100F000980091BF3700944004805263
:1003E000C8FFFF970108D39A000100F000EC0091CC
:1003F000B937009400068052C2FFFF970108D39AD4
:10040000000100F0F30B40F900400191FD7BC2A810
:10041000B13700145F1C0072FD7BB8A9E2079F1A78
:10042000081C0012000C0853022C022AFD03009144
:10043000602814530000012AE87700B9089080D2A0
:100440004200002A6814A2F2094888D2A51C0012B2
:1004500011F111D11E5111D10E0102D1F35301A995
:1004600014029852138111D1F55B02A915E111D143
:1004700040000432F76303A9170698D26C0080523B
:100480000D7D80D2E901A0F21785A0F22A008052EA
:100490001485A072F96B04A9FB7305A9E06F00B97C
:1004A000E43F00F965030034C00340B9BF3F03D502
:1004B00000001812E07300B9BF3F03D5A10200B9D4
:1004C000BF3F03D5AAFA03B9027D8052000140B9AB
:1004D000BF3F03D5400F0035DF3F03D524E03BD5B8
:1004E00000E03BD5007C0D9B0008C99A0000048BFE
:1004F00000040091DF3F03D524E03BD59F0000EBD3
:10050000A3FFFF544204007121FEFF542000001499
:100510003FFC1F71281800546014A2D2040040B997
:10052000BF3F03D5841000120B7D80528004001160
:1005300002008052001000126F0240B9BF3F03D585
:100540001F000F6B6105005462000035BF3F03D5EB
:10055000CA0100B9DF3F03D52FE03BD502E03BD510
:10056000427C0D9B4208C99A42000F8B42040091C5
:10057000DF3F03D52FE03BD5FF0102EBA3FFFF5484
:100580006B0500712200805281FDFF54A00D801286
:100590001FFC077104184B7AE1010054DF3F03D5BB
:1005A00024E03BD502E03BD50BFA80D2427C0B9B8A
:1005B0004208C99A4200048B42040091DF3F03D5F0
:1005C00024E03BD59F0002EBA3FFFF548C05007194
:1005D000A1F6FF54F35341A9F55B42A9F76343A980
:1005E000F96B44A9FB7345A9FD7BC8A8C0035FD67E
:1005F000BF3F03D58400140BE26F40B9846C7ED3F7
:10060000820000B9BF3F03D57014A2D20B00805204
:10061000000200B97F000B6B81000054BF3F03D57F
:10062000CA0100B9A9FFFF17E23F40F90404001115
:10063000841000120F7D805256D86BB80200805291
:10064000780240B9BF3F03D59F00186B6102005488
:1006500062000035BF3F03D5CA0100B9DF3F03D5B3
:1006600038E03BD502E03BD5427C0D9B4208C99A5D
:100670004200188B42040091DF3F03D538E03BD5A0
:100680001F0302EBA3FFFF54EF050071220080520D
:1006900081FDFF54BEFFFF17BF3F03D50000140BC1
:1006A000006C7ED3160000B9BF3F03D56B05001167
:1006B000E003042A040200B9D7FFFF17BF3F03D5A8
:1006C0001F0100B925010034C00340B9BF3F03D565
:1006D000E27340B9000018121F00026BA0088012DC
:1006E00000009F1AABFFFF17220240B9BF3F03D59E
:1006F000800480D26014A2F2000040B9BF3F03D54D
:100700005F00006B20EEFF54E042228B00F47ED3AA
:10071000000040B9BF3F03D542040011420C001253
:10072000BF3F03D5047C1C53220200B99F04007113
:10073000C1ECFF54EB7740B9046C58D37F01046BD4
:1007400041ECFF54E60100B4CB0040B9DF0000B932
:10075000960480D2194888D27614A2F21A069852CA
:100760000F584CD3DB8200D1187D80D2F901A0F262
:100770001A85A072AF0000350028001285FFFF1710
:100780000B008052F3FFFF1710FA80D2C40240B969
:10079000BF3F03D59F00026BE1010054DF3F03D54B
:1007A0003CE03BD504E03BD5847C189B8408D99A77
:1007B00084001C8B84040091DF3F03D53CE03BD5D3
:1007C0009F0304EBA3FFFF54100600F101FEFF544A
:1007D0006FFFFF1744001A0B846C7ED3900040B962
:1007E000BF3F03D542040011EF050051420C001237
:1007F000BF3F03D5620300B9EBFBFF34C40040B92F
:100800006B050051F07824B8C40040B9840400118D
:10081000C40000B9D8FFFF17A00280125DFFFF17C8
:10082000FD7BBEA9FD030091F35301A9BF3F03D592
:10083000930180D2742080527314A2F2E00313AAB1
:1008400014C41FB8BF3F03D57FC21FB8BF3F03D535
:100850001F7804B925008052070080D2E003052AE2
:10086000060080D2040080D2030080520200805231
:1008700041008052E8FEFF9760000035BF3F03D57E
:10088000740200B9F35341A9FD7BC2A8C0035FD62F
:10089000070080D2060080D205008052040080D27A
:1008A0000300805202008052610680522000805274
:1008B000D9FEFF17FD7BBDA9070080D2060080D2BC
:1008C000FD03009105008052040080D20300805295
:1008D000020080524106805220008052F30B00F942
:1008E000CDFEFF976002003520008052E7A3009103
:1008F000E6B3009105008052040080D203008052CC
:100900000200805261078052E02F00B9C2FEFF97BB
:10091000F303002AA0000035E02B40B918FEFF9732
:10092000F303002A20020034DAFFFF970F000014BF
:10093000D8FFFF97F303002A80010035070080D21B
:10094000060080D205008052040080D2030080524D
:10095000020080524106805220008052AEFEFF9776
:10096000F303002A20FCFF34E003132AF30B40F9C1
:10097000FD7BC3A8C0035FD6FD7BBEA923008052C8
:10098000070080D2FD030091E4730091060080D23D
:100990000500805202008052A10B8052E01F00B976
:1009A000E003032A9CFEFF97FD7BC2A8C0035FD62D
:1009B0009FFDFF17FD7BBFA9FD03009148FEFF9738
:1009C000000040B9BF3F03D5004C1F120044101275
:1009D000FD7BC1A8C0035FD6FD7BBEA9FD030091CE
:1009E000F30B00F9F4FFFF97F303002A0002003431
:1009F000010100F021940191F3010836020100F099
:100A000042AC0191000100F00024029132360094C2
:100A1000617A1E7261010054F30B40F9200100B0AD
:100A2000FD7BC2A800A81091BC110014010100F0C8
:100A300021DC0191220100B042AC1091F2FFFF17BE
:100A4000A0FF9F527F02006A81030054217C101393
:100A5000220280523F1C007261000054217C081366
:100A6000422000113F0C40F261000054217C04132D
:100A7000421000113F0440F261000054217C021337
:100A8000420800113F0040F24214821A4004005113
:100A90001F3C00716D010054010100F042440051FF
:100AA00021F00191F30B40F9000100F0FD7BC2A899
:100AB000006C02910836001422008052E6FFFF17F6
:100AC000010100F04224005121140291F6FFFF17AA
:100AD000816A8852E129A9721F00016BE00300546A
:100AE00068020054212B88528189A8721F00016B73
:100AF000400300546801005481EA8952E149A87218
:100B00001F00016BA0020054616A89528169A872BA
:100B10001F00016BE0079F1A00040011C0035FD69D
:100B200021E8885201CAA872FAFFFF1701AB8A5266
:100B3000A109AA721F00016B00010054A1498A5249
:100B40008168AA721F00016B8000005421498A52FB
:100B5000A108AA72EFFFFF1720008052F0FFFF17D5
:100B6000FD7BBFA9E30300AAE20301AAFD030091F4
:100B7000000040B9BF3F03D5D6FFFF97400000B942
:100B80001F08007141010054600040B9BF3F03D508
:100B90000008C05ACFFFFF971F080071400000B93E
:100BA000E0139F5AFD7BC1A8C0035FD600008052AE
:100BB000FDFFFF17FD7BBEA9E40300AAFD03009122
:100BC000E1730091E7FFFF9720010035800440B9F1
:100BD000BF3F03D5E11F40B93F04007141000054FD
:100BE0000008C05A00400051007C0253FD7BC2A89F
:100BF000C0035FD6FD7BBEA9E50301AAE40300AAFA
:100C0000FD030091E603022AE1730091D5FFFF97EF
:100C100000020035810040B9BF3F03D5811040B9C3
:100C2000BF3F03D5E21F40B95F040071810000544B
:100C30002108C05AA10000B902000014C2FFFF340D
:100C400084500091220080525F00066B63000054C4
:100C5000FD7BC2A8C0035FD6810040B9A5100091FA
:100C6000BF3F03D5E31F40B97F04007181000054EA
:100C70002108C05AA10000B902000014C3FFFF34CC
:100C80004204001184100091F0FFFF1700B09ED2C3
:100C9000E000A0F2020040B9BF3F03D5618889524D
:100CA0006169AA725F00016B616A89528169A872E9
:100CB00081010054BF3F03D5010401B802400291F5
:100CC000010040B92108C05A014400B81F0002EBDE
:100CD00081FFFF5400B29ED2E000A0F2C0035FD6B5
:100CE0005F00016B80FFFF54000080D2FCFFFF1704
:100CF000FD7BBEA980C19ED2E000A0F2FD03009161
:100D0000F30B00F9130040B9BF3F03D5BF3F03D534
:100D100076FDFF97130402B974FDFF97000442B9F2
:100D2000BF3F03D5F30B40F9FD7BC2A8C0035FD6DC
:100D300000809052E0FAA272C0035FD6FD7BBEA98C
:100D400000C29ED2E000A0F2FD030091F30B00F977
:100D5000130040B9BF3F03D5BF3F03D563FDFF97E5
:100D6000130802B961FDFF97000842B9BF3F03D5E0
:100D7000F30B40F9FD7BC2A8C0035FD6FD7BBEA983
:100D8000FD030091F35301A9F30300AAD14000949D
:100D9000F40300AAE00313AA6B4100941F0400B1FE
:100DA00021010054610640F9000100F000C40291E5
:100DB0004935009440028012F35341A9FD7BC2A83B
:100DC000C0035FD6800200F900008052FBFFFF17CE
:100DD000434238D5630C02537F0C0071C1000054AC
:100DE000200040B9BF3F03D5400000B90000805249
:100DF000C0035FD6FD7BBFA9FD030091010440F94C
:100E0000000100F00030039133350094800B801214
:100E1000FD7BC1A8C0035FD6434238D5630C0253A3
:100E20007F0C0071A1000054BF3F03D50000805229
:100E3000220000B9C0035FD6FD7BBFA9FD0300916E
:100E4000010440F9000100F00048049122350094AB
:100E5000800B8012FD7BC1A8C0035FD6FD7BBEA9BD
:100E6000FD030091F30B00F920FDFF97002053B91B
:100E7000BF3F03D51F040071F3179F1A1BFDFF9797
:100E8000736E1C53005453B9BF3F03D51F04007148
:100E9000410000547302183214FDFF97002853B923
:100EA000BF3F03D51F04007141000054730210328C
:100EB0000EFDFF97002C53B9BF3F03D51F040071EF
:100EC0004100005473020832BF3F03D507FDFF976E
:100ED000136C00B905FDFF97000053B9BF3F03D560
:100EE0001F040071F3179F1A00FDFF97000453B908
:100EF000BF3F03D51F040071410000547302183234
:100F0000FAFCFF97000853B9BF3F03D51F040071D7
:100F10004100005473021032BF3F03D5F3FCFF972A
:100F2000137000B9F30B40F9FD7BC2A8C0035FD674
:100F3000FD7BBAA900029ED2E000A0F2FD03009161
:100F4000F35301A9F55B02A9F76303A9180080D246
:100F5000F96B04A9FB2B00F917FFFF97F703002A91
:100F600000349ED2E000A0F213FFFF97FF02006B57
:100F7000F503002AF322801A00669ED2E000A0F258
:100F80000DFFFF97F603002A007E9ED2E000A0F23C
:100F900009FFFF97DF02006BF403002AC122801AC9
:100FA000000C80523F00136B2120931AFF820171C5
:100FB000F792801A00029ED221F47ED3E203172A10
:100FC000213C0091E000A0F221787C92FF6321CBCC
:100FD000F30300917A120091E10313AA06FFFF9731
:100FE000FF02186B08060054BF820171791200914C
:100FF000000C8052170080D21A2682D2B592801A35
:1010000000349ED2E203152AE10313AAE000A0F205
:10101000F9FEFF97BF02176B68050054DFB200713D
:101020007812009180058052150080D2196082D21A
:10103000D692801A00669ED2E203162AE10313AA12
:10104000E000A0F2ECFEFF97DF02156BC80400542D
:101050009F82017177120091000C8052150080D29E
:10106000188082D29492801A007E9ED2E203142AC3
:10107000E10313AAE000A0F2DFFEFF979F02156BC9
:1010800068050054BF030091F35341A9F55B42A9E1
:10109000F76343A9F96B44A9FB2B40F9FD7BC6A874
:1010A000C0035FD65B7B78B8BF3F03D5797A78B849
:1010B0008EFCFF97180B0091390740913B6B20B8CD
:1010C000C8FFFF173B7B77B8BF3F03D5787A77B867
:1010D00086FCFF97F70A009118031A8B1B6B20B848
:1010E000CDFFFF17BFA200F18101005460A240B9FB
:1010F0001F000771E10000541A7B75B8BF3F03D58C
:10110000777A75B879FCFF97F702198BFA6A20B8DD
:10111000B50A0091CDFFFF17BFAA00F1E1FEFF5411
:1011200060AA40B91F100771F3FFFF17F97A75B86D
:10113000BF3F03D5767A75B86CFCFF97B50A00916E
:10114000D602188BD96A20B8CDFFFF17FD7BBEA948
:10115000FD030091F30B00F976FFFF9740FFFF9727
:1011600062FCFF9713F041B9BF3F03D500008A52DC
:101170007302002ABF3F03D55CFCFF9713F001B94F
:10118000F30B40F9FD7BC2A8C0035FD6BF3F03D578
:10119000010082D260008052011AA2F2200000B940
:1011A00020E21BD50000801200E21BD50000805217
:1011B000C0035FD6FD7BB9A9010100D021180691BB
:1011C000FD030091F35301A9F30300AAF55B02A903
:1011D000F76303A9F96B04A9FB2B00F9590A40F93D
:1011E000E00319AA95280094F30300B5F35341A92D
:1011F000F55B42A9F76343A9F96B44A9FB2B40F9BE
:10120000FD7BC7A8C0035FD694060011800600517D
:1012100061DA74B860DA60B83F00006B60FFFF54B9
:10122000D80CF836010100B0000100D021AC349197
:10123000003806912834009420008052600200B9E2
:101240009F02006B4DFDFF5400018052600600B903
:101250009F0A0071C0FCFF5480008052600A00B9F0
:10126000E3FFFF17F803002A34008052E8FFFF175E
:10127000DF02146B6B020054010100B0000100D0CA
:10128000E203142A21AC349100D006911234009468
:10129000F6FAFF35F35341A9010100B0F55B42A90D
:1012A00021AC3491F76343A9000100D0F96B44A944
:1012B00000140991FB2B40F9FD7BC7A806340014EC
:1012C000E00319AA5D280094F503002A6004F837AA
:1012D0005B0A40F9E103002AE2A301916009805210
:1012E000B2430094A0050034E2A30191E103152A62
:1012F000A00E8052AD43009480050034E2A301911A
:10130000E103152AA0098052A84300942005003467
:10131000E103152AE0031BAA030080D2020100D0DA
:1013200042700791BF270094F50300AA600100B442
:10133000010100F021B42091462E009400030034F6
:10134000010100B0000100D0E20315AA2190329102
:1013500000A00791E0330094F7060011E103182A7A
:10136000E303172AE2031AAAE00319AA040080D2B1
:10137000F5280094E10300AAC0F7FFB596F3FF3506
:10138000B7F8FF35010100B0000100D021AC349165
:1013900000680891A8FFFF172000805260DA36B875
:1013A000D6060011EDFFFF1700018052FCFFFF176A
:1013B00080008052FAFFFF171A0100D017008052F8
:1013C0005A13089116008052E5FFFF17FD7BBEA956
:1013D000010100D0E0098052FD030091E263009119
:1013E00021BC099157430094C0000034E103002A56
:1013F000000100D000280A91B7330094D42D009446
:10140000FD7BC2A8C0035FD6000082D2201AA2F2E0
:10141000000040B9BF3F03D5004C1F1200441072BA
:10142000E0179F1AC0035FD6FD7BBEA9FD030091A4
:10143000FF4403D5740000948901009440000034F7
:10144000C32D00948CFBFF976DFBFF9740FFFF9728
:101450004FFFFF97F3FCFF970000805247FDFF9777
:10146000E263009101008052E0038052284300941F
:1014700080FEFF352F020094600F009457FDFF9708
:10148000BBFBFF97010100D021D00A91E2630091DC
:10149000E00980522B430094E103002AA0000034AD
:1014A000000100D0001C0B918B330094E5FFFF1767
:1014B000010100D021A40B91E2630091E009805268
:1014C00020430094E103002A80000034000100D092
:1014D00000040C91F5FFFF17E263009101008052B8
:1014E000E00B80520A430094C0FAFF35E26300919A
:1014F00001008052800C80520543009420FAFF3591
:10150000BF3F03D5003284D261068052201AA2F276
:10151000010000B9E8FCFF97018398D28111A2F283
:10152000200040B900781F12200000B9FD7BC2A83E
:10153000C0035FD600E03BD5C0035FD6DF3F03D5D5
:1015400020E03BD5408E00B9C0035FD6030000D435
:10155000E40340F9800400A9820C01A9E40740F9E2
:10156000A40000B4890040F93F0500F14100005497
:10157000860400F9C0035FD6020000D4E40340F9FA
:10158000800400A9820C01A9E40740F9A40000B47A
:10159000890040F93F0500F141000054860400F93C
:1015A000C0035FD6E14FBFA9F30300AA600640A9BC
:1015B000620E41A9641642A9661E43A9682644A981
:1015C0006A2E45A96C3646A96E3E47A9704648A9C1
:1015D000030000D4F30340F9600600A9620E01A9DC
:1015E000641602A9661E03A9682604A96A2E05A925
:1015F0006C3606A96E3E07A9704608A9FF4FC1A820
:10160000C0035FD6FD7BBDA94201009042000C9152
:10161000FD030091F51300F9350100D0F35301A942
:10162000340100F0A08246B994C21291530014CB49
:1016300076FFFF97A08206B91F040071627E409278
:10164000200100D00020199161010054E10300AA9B
:10165000E00314AAEC2D0094A08246B9F35341A9EB
:1016600000040011A08206B9F51340F9FD7BC3A860
:10167000C0035FD6E10314AAF7FFFF1700000000C4
:10168000400300581FEC7C92E00300919705009402
:101690001F000091F20300AA98050094000080D278
:1016A00062FFFF97B00100941F0000F11210929AA0
:1016B000E10300911F0000F10010819A1F000091CA
:1016C000E0F74FF000000091E1F74FF021401B914F
:1016D0001F8400F81F0001EBC3FFFF54E00312AAB0
:1016E000412640F9FA00001400E006000000000066
:1016F000FD7BBCA963008052FD030091410240F9CB
:10170000223440F9E20B00F9223840F9E21700F9DF
:10171000223C40F9E20F00F9224040F9E21B00F9B7
:10172000228448A9E21300F9E11F00F9E2A3009125
:10173000E143009117060094FD7BC4A8C0035FD667
:10174000C0035FD6C0035FD60100018BFEFFFF1709
:10175000FD7BBEA9240100D0FD030091F35301A934
:10176000F40300AA80201991028440A9030C40F9D7
:10177000802443F9A80D0094F303002A600000358B
:10178000840D0094800200F9E003132AF35341A969
:10179000FD7BC2A8C0035FD6FD7BBFA9FD030091FE
:1017A000000C40F900003FD6FD7BBFA9000084D2A9
:1017B000FD030091409200F9EB2B0094C00000352E
:1017C000200080529040009460000035FD7BC1A84D
:1017D00088400014FD7BC1A8C0035FD6C0035FD65C
:1017E000400400B4FD7BBEA9FD030091F30B00F99A
:1017F000F30300AA8C2400940001F8362B280094EF
:10180000E10300AAF30B40F9000100D0FD7BC2A860
:1018100000A00C91B0320014E00313AA0100805222
:10182000A7060094E0000035000100D000D80C911C
:1018300001008052F30B40F9FD7BC2A8A6320014D0
:10184000E00313AAABFFFF97E103002A80000034F6
:10185000000100D0006C0D91F7FFFF17F30B40F96A
:10186000FD7BC2A8C0035FD6C0035FD6200100F095
:10187000014C42F940688AD220ABA9F23F0000EB4C
:10188000A1000054200100F000A01291000040F9D6
:10189000C0035FD600008092FEFFFF17000080D2D9
:1018A000C0035FD6C0035FD60104B0D20000018B35
:1018B000C0035FD6A0028012C0035FD6A0028012D0
:1018C000C0035FD6450040B9E4A4805224C3AA7285
:1018D000BF00046B61000054E10302AAF8FFFF1788
:1018E000FD7BBFA9030880D2FD030091F2FFFF97A3
:1018F0001F000071A10280120000811AFD7BC1A8A7
:10190000C0035FD6FD7BBCA9FD030091F35301A981
:10191000F30302AAF40300AAE0078092F55B02A990
:10192000F60304AAF71B00F9F70301AA010880D205
:10193000DEFFFF97640240F9F50300AA60224079B8
:10194000E30315AAE10316AA02FC0091E00300CB11
:101950004200008AE00313AA80003FD61FFC0071FA
:101960000C01005495008012F35341A9E003152A9D
:10197000F55B42A9F71B40F9FD7BC4A8C0035FD605
:10198000A10240B900BA8152C0BFBD723F00006BD6
:1019900041010054F71B40F9E30315AAE20316AA1C
:1019A000E10313AAF55B42A9E00314AAF35341A98A
:1019B000FD7BC4A80B020014E20315AAE10317AAD9
:1019C000E00314AAC0FFFF97F503002AE0FCFF35EF
:1019D000830A40F960224079822E40B96122407921
:1019E000040400D18400028B630002CB2104005167
:1019F000823240B9E00300CB81C021CB4200048B8E
:101A0000640240F92100008A420001CB6300018B8F
:101A10004200008AC102018BE00313AA80003FD676
:101A2000A000F837813240B93F00006BE9F9FF545C
:101A3000CDFFFF17F503002ACCFFFF1700008052EF
:101A4000C0035FD6400240F9800000B5200100D0FD
:101A500000201A91400200F9C0035FD6FD7BBFA9A8
:101A6000FD03009151FFFF9780000035411A40F9B6
:101A7000210071B2411A00F9FD7BC1A8C0035FD6F5
:101A8000401A40F9C0007836401A40F9000076B29A
:101A9000401A00F900008052C0035FD6FD7BBFA949
:101AA000FD03009141FFFF97A0000035401A40F967
:101AB000000076B2401A00F900008052FD7BC1A8F8
:101AC000C0035FD600008052C0035FD6FD7BB2A981
:101AD000820280D2010100B0FD030091F55B02A9F2
:101AE000F5E3019121200E91E00315AAF35301A91A
:101AF000F76303A9F96B04A9FB7305A9C22C009431
:101B0000D1FFFF9700F4B3D2010AA0D2E10D0094F7
:101B1000401A40F9020077B2421A00F980005037AB
:101B2000D8FFFF9740000034092C009498FDFF97E0
:101B30009A0C0094A0000034000100D000E40D9144
:101B4000760D0094F9FFFF1701088052E02F143240
:101B50001E0C0094A00400B4AB790094F6DD9752FB
:101B600076F9FF97B6D5BB7201008052020A80D287
:101B7000E04302918A2C0094E00315AAF6BB00B959
:101B80008DFDFF97540100B0410100B0400100B04D
:101B90002100069100E00791130001CBE0F301B2B0
:101BA000605595F21A0100D073FE4393940206919A
:101BB0005ADB0E91180080D2737E009B0003805286
:101BC00057028012737E209B9302138BB97A78B8E8
:101BD0003F03166BC00900541B0100D0FC0314AA7C
:101BE0007B3B0F9142000014000100D000580E9181
:101BF000D4FFFF17800B40B97C0000B43F03006B9B
:101C00004107005426FFFF97E10300AA400000B5FA
:101C1000810340F9E0031AAAAF310094800B40B968
:101C2000E1A30191E06B00B9E0430291FF3B00F9B1
:101C3000820B40F940003FD6F703002A000500352B
:101C4000E1A30191E04302919FFFFF97F703002A70
:101C500060040035F9BB00B9E0430291DCFDFF9759
:101C6000E0430291DEFEFF97E06342391F6400719A
:101C700061050054E05B40F9130000B073B2269197
:101C8000D8FEFF9701088052E02F1432C40B009455
:101C9000F40300AAA00400B424040094E00314AAEE
:101CA00067FFFF97E103002A80000034000100D0A5
:101CB000008C109188310094280C0094E103002AD4
:101CC00080000034000100D0003011918231009476
:101CD000F5FEFF97E043029160023FD6E103172A29
:101CE000E0031BAA7C3100949C6300919F0313EBDB
:101CF00021F8FF54000100D01807009100640F91F3
:101D0000753100941F1700F121F6FF5477FAFF3464
:101D1000000100D000E00F918AFFFF171300009030
:101D200073621E91D8FFFF1721008012E0FFFF179A
:101D3000FD7BBFA9004098522000A072FD030091D6
:101D4000407600B920640094401A40F9000065B262
:101D5000401A00F9000100D000E41191FD7BC1A8F8
:101D6000EE0C0014000080D2C0035FD6FD7BBCA93E
:101D7000FD030091F35301A9F403022AE20301AA2F
:101D8000F55B02A9F30303AAE3F30091011440B940
:101D9000000040F923250094A00200B4E23F40B9BE
:101DA000417C4093210400D11600018B02020034D3
:101DB00001686138C101003515008052BF02146B03
:101DC0008B000054600200F90000805209000014EA
:101DD00001008052B52B0094000400911F0016EB07
:101DE00008010054B5060011F5FFFF17A00280128C
:101DF000F35341A9F55B42A9FD7BC4A8C0035FD69C
:101E0000C0008012FBFFFF17FD7BBDA9FD03009101
:101E1000E3A30091F35301A9F30300AAD4FFFF97B2
:101E2000A0010035600240F9611240B9F41740F991
:101E3000E20314AA69240094E000F836E203002AC1
:101E4000E10314AA000100D000B4129122310094E1
:101E5000A0028012F35341A9FD7BC3A8C0035FD643
:101E6000FD7BB8A9FD030091F35301A9F303032AF5
:101E7000F55B02A9F50302AAF60304AAF76303A916
:101E8000F70300AAF80301AAF92300F9E103032AE2
:101E9000540040F9E2A30191E00314AA570600940C
:101EA00060020034C00A40F9000200B5020080D28E
:101EB000E103132AE00314AA06240094E10300AA14
:101EC000000100D00038139103310094000D8012FE
:101ED000F35341A9F55B42A9F76343A9F92340F9FC
:101EE000FD7BC8A8C0035FD6E03700F9E26301912B
:101EF000E103132AE00314AA6E06009440010034A3
:101F0000E2630191E103132AE00314AA5706009447
:101F100020030035A10640F9E05B40B90000010B49
:101F2000E05B00B9E2730191E103132AE00314AA14
:101F30007206009420030035E05F40B904040051AC
:101F400000030035E103132A020080D2E00314AA43
:101F5000E0230094010100B0E20300AA21F03491D3
:101F6000000100D000F01391DB300094000080529B
:101F7000D8FFFF17E3830191E2C30191E103132A24
:101F8000E00314AA2506009440080034000100D0A4
:101F900000881491610C009420008012CDFFFF177F
:101FA000E2224079007C4093E15B40B9E03300F9E4
:101FB000400400510000010AE303024BF53740F9E9
:101FC0004200000B4200040B2100030AE40240F926
:101FD0004200030AB5FE009101C3218BB5E67A9257
:101FE000197C4093E30315AA427C4093E00317AAAF
:101FF00080003FD6E13340F91F0001EBE3040054B9
:10200000B502198B020080D2E103132AE00314AA5F
:10201000B0230094E10300AA000100B000F814917D
:10202000AD300094420A40F9E30315AAE43340F9C5
:10203000E103132AE00314AA81060094200300346C
:10204000000100B000941591340C0094E20346A9FD
:10205000E10315AA872B0094B6F8FFB4E03740F9E6
:10206000C00A00F9E03340F9C03200B9E2E301915F
:10207000E103132AE00314AAE40500941F00007191
:10208000E03F40F900009FDAC00E00F9B8FFFF17EB
:10209000F53B40F9DCFFFF17800080128DFFFF1732
:1020A000000080128BFFFF17FD7BB7A9FD03009195
:1020B000F35301A9F30300AAF55B02A9F60301AAF1
:1020C000F50303AAF71B00F9010100B0F70302AA08
:1020D00021A41591143040B902008052000840F943
:1020E0009402008BE00303AAF42B00F947FFFF974B
:1020F0000002F836420A40F9020300B4420440B933
:10210000E00314AA741200F94208C05A410A40F9C7
:102110003D2B0094F55B42A901008452601240F906
:10212000F35341A9F71B40F9FD7BC9A864040014CF
:10213000E303002AE4030191E20315AAE10317AACD
:10214000E00316AA47FFFF978000F837E02B40F91D
:10215000601200F9F0FFFF17F35341A9F55B42A9A4
:10216000F71B40F9FD7BC9A8C0035FD6C0035FD64B
:10217000FD7BBEA9217C021B000880D2FD030091DB
:10218000F30B00F9337C409361FE009121E47A92D5
:10219000CD0E0094A00100B5E10313AA000100B028
:1021A00000B415914C300094000100B0005016911D
:1021B00049300094E10313AA000080D2F30B40F9E8
:1021C000FD7BC2A8B9FDFF17F30B40F9FD7BC2A848
:1021D000C0035FD600008052C0035FD6C0035FD645
:1021E000FFC304D1FD7B01A9FD430091F35302A974
:1021F000F30300AAF55B03A9F76304A9F70301AA97
:10220000F80302AAF96B05A9FB7306A9600440B99B
:102210000008C05A000C001100747E92D4FFFF9792
:10222000E2224079010C009121F47E92E16B00F9E9
:1022300041040051E203024B2100000B2100020A7D
:1022400022008052357C4093E00315AAC9FFFF9716
:10225000600100B59A008012FD7B41A9E0031A2AB3
:10226000F35342A9F55B43A9F76344A9F96B45A968
:10227000FB7346A9FFC30491C0035FD6E40240F993
:10228000F40300AAE30300AAE20315AAE10318AAD3
:10229000E00317AA80003FD6E0FDFFB4F46700F921
:1022A000CDFFFF97A0180037E00314AACCFFFF97DB
:1022B000F50300AAE06700F955090094E0DF00B9D2
:1022C000F403002A6000F836BA028012E3FFFF1719
:1022D000020080D2E103002AE00315AAFD22009447
:1022E000E10300AA000100B000DC1691FA2F00946F
:1022F000E103142AE00315AAA7080094F403002AB6
:10230000600000341A008012D4FFFF17000100B0F3
:1023100000941591810B0094E00315AA010100B00F
:10232000217C179145240094E0DB00B9E0FCFF37E5
:10233000E023039102008052010100B0211C399179
:10234000B2FEFF97F603002A2001F836E02303913E
:1023500002008052010100B0219C1791ABFEFF9753
:10236000F603002A00FDFF3734008052E40313AA6D
:10237000E303162AE2230391E10318AAE00317AA54
:10238000B8FEFF97FA03002A80F6FF35622200911B
:10239000E103162AE00315AA05050094C0010034E4
:1023A0002002805260220039E3230391E20318AA3D
:1023B000E10317AAE00313AA3CFFFF97FA03002AE0
:1023C0000001F836602240391F44007161F4FF5467
:1023D00004000014602240391F44007160FEFF5465
:1023E000190100B0000100B0399F179100541F91EE
:1023F000E04300F9000100F000B00D91E04700F962
:10240000E203142AE10319AAE0230391FFFF023932
:102410007EFEFF97FB03002AE00BF837DF02006B1C
:102420006100005494060011F6FFFF17E303002A31
:10243000E4830391E2230391E10318AAE00317AABE
:10244000FF7B00F987FEFF97FA03002A1F00007147
:102450000007801244B3407A20010054E3031A2A93
:10246000E203142A01010090000100B021383691E6
:1024700000C41791982F009478FFFF17E2FF029194
:10248000E1031B2AE00315AAC9040094E0FF4239C6
:102490001F44007101010054E3230391E20318AAD1
:1024A000E10317AAE083039100FFFF97E08340F95F
:1024B000601200F9600E40F91F0400B1A100005441
:1024C000E07F40F91F0400B140000054600E00F9A5
:1024D0007A1240F99AFAFFB4E3030391E203142A53
:1024E000E10319AAE023039121FEFF97C0F9FF370A
:1024F000E203142AE10319AAE023039143FEFF97A4
:10250000FC174FA9FB03002AE24340F9E103002A2C
:10251000E41341B9030080D2E06340F9E03F00F9E1
:10252000E00315AAE55300F9E4AF00B93D23009498
:10253000E24740F9E60300AAE1031B2AE00315AADB
:10254000030080D2E64F00F936230094E70300AA87
:10255000E1031B2AE00315AA030080D2020100B0A8
:1025600042941891E74B00F92E230094E00300F900
:10257000E71B49A9E3031CAAE23F40F9E103142A3F
:10258000E55340F9E0031AAAE4AF40B9E20200942F
:10259000A5FFFF17600E40F9000400D11F0C00B129
:1025A00069000054600A40F9600E00F9604240B9C9
:1025B00000001F32604200B91A00805227FFFF1747
:1025C00040008052C0035FD6E00301AAC0035FD67B
:1025D000FEFFFF17FFFFFF1700D44139001443D35C
:1025E0001F1C007100109F1AC0035FD6FBFFFF176E
:1025F000FD7BBBA9FD030091F35301A9F55B02A983
:10260000F60301AAF76303A9F70300AAF80302AAD5
:10261000F92300F9F90304AA200040B91F0400714E
:1026200080020054000800511F0400716902005428
:1026300055028012000100B000A81891262F0094C6
:10264000F4F74FD0800240F9C00100B5E003152A2D
:10265000EB4C0094F303002A80030034E103002ACA
:10266000000100B0003419911B2F009421000014C8
:1026700015008052F3FFFF1735008052F1FFFF175E
:10268000994E0094000440B9BF02006B01FEFF5454
:10269000800240F9C10240B9CAFFFF971F080071CC
:1026A000600600541F0C0071200400541F040071C8
:1026B00080050054000100B0B302801200B01B91ED
:1026C000960A00940B000014E003152A714E009442
:1026D000800200F9C00100B553028012E103152AFF
:1026E00042028012000100B000DC1991FA2E009421
:1026F000F55B42A9E003132AF35341A9F76343A909
:10270000F92340F9FD7BC5A8C0035FD63D4B00947B
:10271000F303002AE0FBFF34E103002A9F0200F9E3
:10272000000100B000941A91D0FFFF17800240F919
:10273000AFFFFF97F303002A800240F96A4E00942E
:10274000E103132AE8310094F303002AA0000034C7
:10275000000100B000281B91700A0094E5FFFF17EC
:10276000800240F9E10319AA9BFFFF97800240F91C
:102770005D4E0094E20300AAF35341A9E40318AAB2
:10278000F92340F9E10316AAF55B42A9E00317AA71
:10279000F76343A923008052FD7BC5A8B500001450
:1027A000040080D203008052020100B0421C1C9140
:1027B00090FFFF17FD7BBCA9FD030091F35301A916
:1027C000F55B02A9FF3F00B9400500B4F503012AFB
:1027D000010100B0218C1C91F40300AA172300947E
:1027E000E103002AE000F83613008012F55B42A9ED
:1027F000E003132AF35341A9FD7BC4A8C0035FD6AD
:10280000E2F30091E00314AA160100F0F220009414
:10281000D6B20D91F303002A93FEFF37E03F40B993
:102820001F0000712DFEFF541F040071E0000054D2
:10283000E103132AE2F30091E00314AAE6200094D6
:10284000F303002AF5FFFF17E20316AAE103132A98
:10285000E00314AA030080D272220094A0FEFFB409
:10286000560100941F00156B41FEFF54E0FFFF1757
:1028700013018012DEFFFF17FD7BBCA9FD03009151
:10288000F35301A9F40301AA01008052F71B00F9D8
:10289000F7F74FD0F3220091F55B02A9F50300AAE8
:1028A000F60302AAE00313AA023080D23C29009466
:1028B000602080D2432080D20006A0F2E00600F91A
:1028C000E0F74FD000E00091600600F9E0F74FD04C
:1028D00000600391600A00F9202080D20303A0F277
:1028E000000BA0F2606A00F9A078805260E200B9A3
:1028F000E0F74FD000400191600E00F9E0F74FD0B3
:1029000000000291601200F9202080D2631A00F9C1
:10291000000BA0F2632600F92000C0F2603E00F92F
:10292000756E00F9768200F9A00038D5003C40921F
:10293000604A00F920798052633200F9744200F94C
:10294000608A00B9E0F74FD000A00191601600F94D
:10295000E00313AAF35341A9F55B42A9F71B40F921
:10296000FD7BC4A8C0035FD6C4FFFF17FD7BBDA9D4
:10297000FD030091E2A30091F35301A9F30300AA20
:10298000F403012AA1030094A0000034E2A3009103
:10299000E103142AE00313AA98030094F35341A916
:1029A000E01740F9FD7BC3A8C0035FD6FD7BBDA93E
:1029B00041038052FD030091F35301A9F40300AADF
:1029C000F51300F9151040F9E00315AA7AFFFF97F7
:1029D000A002F837E103002AE00315AAE4FFFF97FD
:1029E000F30300AA21028052E00315AA72FFFF97A9
:1029F000E103002AC001F837E00315AADCFFFF97C6
:102A0000E10300AA940E40F9E00313AA020080D269
:102A1000D6FFFF970178805221421BD5010080D25A
:102A200080023FD6130080D2EFFFFF170104B0D21F
:102A3000F5FFFF17FD7BBEA9E50301AAE10303AA89
:102A4000FD030091000440F9E4630091E30302AA4E
:102A5000E20305AAC0790094017C40931F00007135
:102A6000E00F40F9FD7BC2A82010809AC0035FD61A
:102A7000FD7BBAA9FD030091F55B02A9F5F74FD0E4
:102A8000F60300AAE00302AAA28A41B9F35301A9FE
:102A9000F40304AAF71B00F9F70301AA8203003527
:102AA000E103032A09780094F303002AC0020034EA
:102AB000E203002A01010090000100B021F03291F0
:102AC00000BC1C91042E00943301F83601010090E3
:102AD000000100B0E303132AE20314AA2130359168
:102AE00000281D91BF8A01B9FB2D0094F55B42A916
:102AF000E003132AF35341A9F71B40F9FD7BC6A855
:102B0000C0035FD620008052A08A01B90000009067
:102B100000D02891E0D304A900088052E22301915B
:102B2000E10317AA040080D2030080D2E0B3007949
:102B3000E00316AA74FBFF97F303002AE3FFFF17D5
:102B4000FD7BBEA9FD030091F30B00F9F30302AA7C
:102B5000000440F900C840F9115900941F000071A9
:102B600060029F9AF30B40F9FD7BC2A8C0035FD6B9
:102B70000080A052C0035FD600008052C0035FD621
:102B800000008052C0035FD6FD7BBBA9FD0300910E
:102B9000F35301A9F40301AAF30300AAF51300F902
:102BA000F6FFFF97F503002AF6FFFF9702488852C9
:102BB000E103002A63008452E003152AE201A072B7
:102BC000FC580094200100B5000100B000C01D9128
:102BD0005209009440028012F35341A9F51340F9C1
:102BE000FD7BC5A8C0035FD60100009021002D9198
:102BF000E18303A921008052E1930079DDFFFF9773
:102C0000E103002A000100B0000C1E916F3F009408
:102C1000E2E30091E403002AE10314AAE00313AA0B
:102C2000030080D238FBFF97ECFFFF17FD7BBEA9A6
:102C3000E00303AA0340B0D2FD0300912100038BFF
:102C4000F30B00F9F30302AA6F280094E00313AA20
:102C5000F30B40F9FD7BC2A8C0035FD6FD7BBCA986
:102C60000340B0D2FD030091F35301A9F40301AA7C
:102C700001BA8152620040B9C1BFBD725F00016BF1
:102C8000E0010054F30300AAF9FAFF97E20300AA57
:102C90001F0400B1A1000054010880D2E007809217
:102CA00002FBFF97E20300AAE10314AAE00313AAC0
:102CB000F35341A9FD7BC4A803FBFF17010000905B
:102CC00021B03091E1FF02A921008052020080D2A0
:102CD000E1730079E1A3009142FDFF97F35341A90D
:102CE000FD7BC4A8C0035FD6E12784920000018B5E
:102CF00000EC7C92C0035FD6FD7BBEA9022880D287
:102D000001008052FD030091F30B00F9F30300AAC8
:102D10007302059122280094538E00F9F30B40F9B9
:102D2000FD7BC2A8C0035FD6410240F9421240F9C0
:102D3000020400F9223440F9020800F9223840F96F
:102D4000020C00F9223C40F9021000F9224040F93F
:102D5000021400F9224440F9021800F9214840F910
:102D6000011C00F9C0035FD6FD7BBEA9FD030091E5
:102D7000F35301A9F30300AAF40302AA600240B9C5
:102D80006000F8360000801207000014600640F969
:102D9000000100B4E10314AAA6270094A0000035A6
:102DA000600240B9F35341A9FD7BC2A8C0035FD6BE
:102DB00073620091F2FFFF17E20300AA010100B065
:102DC0000001009021E0389100800891E7FFFF1793
:102DD000FD7BBCA9FD030091F35301A9F403042A70
:102DE000F30301AA01008052F55B02A9F50300AAD2
:102DF000F76303A9F70302AAF80303AA4C2400947B
:102E0000F603002A01008052E00315AA552400941D
:102E100001741E53C6761E53050080D2217C409358
:102E2000C27C409326C0268B9F02056B2C01005468
:102E30009F02007180A29F1AF35341A9F55B42A93A
:102E4000007C061BF76343A9FD7BC4A8C0035FD6C3
:102E5000A7F07DD3E17A65F8E46A67B8DF0A00710C
:102E600021050054210CC0DA61020039233C0853CB
:102E700063060039235C1053630A0039237C18531E
:102E8000630E0039239C60D36312003923BC68D3DE
:102E90006316003923DC70D321FC78D3631A003920
:102EA000611E0039017B65F86402028B076B67B80D
:102EB0001F080071E1020054210CC0DA616A223857
:102EC000233C085383040039235C105383080039E2
:102ED000237C1853830C0039239C60D38310003962
:102EE00023BC68D38314003923DC70D321FC78D34E
:102EF00083180039811C00397302068BA5040091E8
:102F0000CAFFFF178108C05A610200B9E6FFFF1728
:102F1000E108C05A616A22B8F8FFFF17FD7BBDA91E
:102F2000FD030091F35301A9F40302AAF55B02A982
:102F3000F50300AAF603012A282000941F0400319B
:102F4000A1000054E20314AAE103162AE00315AA23
:102F5000D4230094F303002A2001F836532200946E
:102F6000E30300AA01010090000100D0E20314AACB
:102F700021C03791008C0191D72C0094F55B42A9B8
:102F8000E003132AF35341A9FD7BC3A8C0035FD616
:102F9000FD7BB7A9FD030091F35301A9F55B02A9DD
:102FA000F503032AF76303A9F92300F97F100071E1
:102FB0000D02005413008012E203152A8300805290
:102FC00001010090000100D02134329100BC019138
:102FD000C12C0094F55B42A9E003132AF35341A9E5
:102FE000F76343A9F92340F9FD7BC9A8C0035FD665
:102FF000F40300AAF60301AAF70302AA8A1E0094AA
:10300000F303002A2001F83628220094E20300AAE4
:10301000E10000F0000100B021343291009C0191E8
:10302000AD2C0094ECFFFF17180100B018B72091E9
:10303000E20318AAE00314AA01008052B8FFFF9728
:10304000F303002A80FCFF371901009039730791C0
:10305000E30318AAE103002AE20319AAE00314AA71
:10306000E400805239230094F803002AC004F836A3
:103070000E220094F303182AE20300AAE10319AA1E
:10308000000100B000140391932C0094D2FFFF17AD
:1030900084040091BF02046BAD000054C07A64F850
:1030A00080FFFFB5E07A64F840FFFFB50403003409
:1030B000E30317AAE20316AAE1430191E00314AA6D
:1030C000150100B043FFFF97B5363491E403002AA1
:1030D000E103132AE3430191E20315AAE00314AAD2
:1030E0001A230094F303002A2001F836EF210094FC
:1030F000E20300AAE10315AA000100B00014039145
:10310000C8FFFF17040080D2E3FFFF1713008052AF
:10311000B1FFFF17FD7BB9A9FD030091F35301A98E
:10312000F40300AAF55B02A9F60303AAF50305AAB6
:10313000F76303A9F80306AAF70307AAF96B04A922
:10314000F903042AFA3B40F9FB2B00F9FB0302AA1E
:10315000351E00942002F836F303002AD321009490
:10316000E10000F0E20300AA21883691000100B0DE
:10317000009C0191582C0094F55B42A9E003132AAE
:10318000F35341A9F76343A9F96B44A9FB2B40F919
:10319000FD7BC7A8C0035FD6E00314AA020100901C
:1031A0000100805242901C915DFFFF97F303002ABB
:1031B00040FEFF37E103002AE2031BAAE00314AA42
:1031C00057FFFF97F303002A80FDFF37D60EC0DAC2
:1031D000E103002A02010090E3A3019142542491EB
:1031E000E00314AA04018052F63700F9D7220094B4
:1031F000BF0600B140010054B50EC0DA020100B0B4
:10320000E3A3019142900391E103132AE00314AA7E
:1032100004018052F53700F9CC220094390BC05AD2
:10322000020100B0E3A3019142980491E103132A43
:10323000E00314AA84008052F96B00B9C322009401
:10324000580100B4E00318AAA226009402010090DD
:1032500004040011E30318AA42541F91E103132A46
:10326000E00314AAB9220094570100B4E00317AA9E
:1032700098260094020100D004040011E30317AA69
:1032800042B00D91E103132AE00314AAAF22009487
:103290005AF7FFB4E0031AAA8E260094E3031AAA91
:1032A00004040011E103132AE00314AA02010090B0
:1032B00042941891A5220094B0FFFF17C00600B4F5
:1032C000FD7BBCA9FD030091F35301A9F40300AAFF
:1032D000F303012AF55B02A9EE1E0094F603002A0F
:1032E00015008052BF02166B6B0000540300805221
:1032F0000D000014E3E30091E2C30091E103152AFD
:10330000E00314AAD61E0094E01B40F99F0200EBD4
:1033100021030054E103152AE00314AA412200947A
:1033200023008052E0098252822240B97302000BCE
:10333000800E40B94208C05A812E00120008C05ABF
:103340000000020B7302000B7302010B734E141288
:103350007302014B600AC05A800600B903010035B0
:10336000E003132AF35341A9F55B42A9FD7BC4A8EE
:10337000C0035FD6B5060011DBFFFF17E203132A77
:10338000E10314AAE00314AA0A220094A0FEFF3667
:10339000F5FFFF1700008052C0035FD6FD7BADA98B
:1033A000FD030091F55B02A9F50300AAE0C30291B9
:1033B000F35301A9F30307AAF76303A9F80307AAC4
:1033C000F70305AAF96B04A9190080521A0080526C
:1033D000FB7305A9E66B00B9E10F07A90100805254
:1033E000E2131029021080D26D260094B60A40B96B
:1033F0001F030039C00AC05A16008012E05B0C2976
:10340000E03381B9FF6F00B9E04700F90007009190
:10341000E04B00F9FFAB00B9FBAB40B9E2A302916E
:10342000E00315AAE1031B2A941D0094F403002A6B
:10343000E06F40B9FCAB40B91F000071841A497AB3
:10344000E11600549F0E00714009005428010054F9
:103450009F060071200D00549F0A00714013005414
:103460000000805207000014FB6700B9EBFFFF1754
:103470009F120071C00B00549F260071E0179F1A25
:10348000E16740B91F0000712018413A011400544F
:10349000E16B40B95F0300714013417AAC01005405
:1034A00042070051E36340B9487C7D93E1CE228B13
:1034B000E86A68B8210440B90101010B2100034BFF
:1034C0003F001B6B610000541B01034BFA03022AEF
:1034D0001F000071640B413AA0010054E06B40B939
:1034E0005F03006B0A010054417F7D93E26340B9A2
:1034F000E0CE3A8B87031B4B6203020BE26A21B8D2
:10350000070400B95A0700111B0080129F260071A2
:10351000C1FAFF54A12640B9E0AB40B92108C05A16
:103520001F00016BC10F0054E16B40B95F03016BD9
:10353000CA010054417F7D93E36340B9E2CE3A8BE8
:1035400000001B4B7603030BF66A21B8E13B41B93F
:10355000400400B9A1000034A12240B92108C05A9A
:103560000000010B400400B9400700110C000014DA
:10357000E1031B2A020080D2E00315AAF71E009483
:10358000010840B9E00315AA2108C05A321E009470
:10359000E10300AA400200B540018012F35341A9A3
:1035A000F55B42A9F76343A9F96B44A9FB7345A9ED
:1035B000FD7BD3A8C0035FD6E03F40F9E14F00F99F
:1035C00000787CF89C070091A2250094E14F40F917
:1035D00080000035FC031B2AAAFFFF171C0080D2C5
:1035E000E08740B91F001C6B8CFEFF543F07007141
:1035F000E0D79F1AF8FFFF17D6060011DF8200718F
:10360000C0FCFF54E1031B2AE2B30291E00315AAB8
:10361000301E0094E10300AA760000350000403916
:10362000E0070035E2AF80B9600218CB4208009194
:103630004200008BE04740F95F0000EBCA060054EF
:10364000E04B40F97F0200EB60000054E00580523F
:1036500060160038E00313AA78250094E0AF80B923
:103660003F0700719C139B1A020080D27302008BEB
:10367000E0C3029119D836B8E08340B91F00026B4D
:103680008C000054B9010035FC031B2A75FFFF179D
:10369000E03B40F9E10318AAE24F00F9007862F834
:1036A0006C250094E24F40F94204009160FEFF3522
:1036B000590080520200001439070051E003192A12
:1036C00070FFFF17B6F6FF37E0C30291C106005145
:1036D00002D876B87F0218EB8900005460FE5F388C
:1036E0001FBC007181FFFF547F020039E003192ADB
:1036F000F603012AF903022A3F04003121ECFF54AA
:1037000021008052E16F00B95EFFFF17FB6740B9EF
:1037100070FFFF1740008012A1FFFF1760018012A9
:103720009FFFFF17FD7BBDA9FD030091F35301A986
:10373000F30303AAF40302AAE3B30091B91E0094B1
:10374000E00100B4E22F40B9050080D2040080D22D
:10375000437C0213BF0003EBA10100545F20007102
:1037600009020054FF8344EBC0010054000100B083
:10377000E10314AA00A80391D72A00940000801244
:10378000F35341A9FD7BC3A8C0035FD6017865B898
:10379000A50400912108C05A248004AAEEFFFF1757
:1037A00000008052640200F9F6FFFF17FD7BBDA9FF
:1037B000FD030091E3B30091F30B00F9F30302AAB8
:1037C000020100D042B00D91961E0094000100B499
:1037D0007AFDFF97011C001200008052610200393F
:1037E000F30B40F9FD7BC3A8C0035FD6E11F8052F5
:1037F00000008012FAFFFF17E30302AA0201009003
:1038000042542491C8FFFF17E30302AA020100B04B
:1038100042900391C4FFFF17FD7BBDA9FD030091FA
:10382000F35301A9F40302AAF30303AA020100B0AF
:10383000E3B30091422C27917A1E0094800200F994
:10384000E00000B4E12F80B900008052610200F96D
:10385000F35341A9FD7BC3A8C0035FD6010080D20A
:1038600000008012FAFFFF17FD7BBEA9030080D283
:10387000FD030091F30B00F9F30302AA020100B06B
:10388000421C0491671E0094000100B4000040B97E
:103890000008C05A600200B900008052F30B40F9E2
:1038A000FD7BC2A8C0035FD620008012FCFFFF177B
:1038B000FD7BBEA9030080D2FD030091F30B00F94C
:1038C000F30302AA020100B0424C0491551E009479
:1038D000000100B4000040B90008C05A600200B9FD
:1038E00000008052F30B40F9FD7BC2A8C0035FD6F5
:1038F00020008012FCFFFF17FD7BBEA9030080D2D1
:10390000FD030091F30B00F9F30302AA020100B0DA
:1039100042840491431E0094000100B4000040B9A9
:103920000008C05A600200B900008052F30B40F951
:10393000FD7BC2A8C0035FD620008012FCFFFF17EA
:10394000FD7BBDA9FD030091F30B00F9F30302AA6F
:10395000E3B30091020100B042AC0491311E009427
:10396000600200F91F0000F1E0139F5AF30B40F9C9
:10397000FD7BC3A8C0035FD6FD7BBDA9FD030091FD
:10398000F35301A9F40302AAF30303AA020100B04E
:10399000E3B3009142740791221E0094800200F963
:1039A000E00000B4E12F40B900008052610200B98C
:1039B000F35341A9FD7BC3A8C0035FD60100805229
:1039C00000008012FAFFFF17FD7BBCA9FD030091E8
:1039D000F35301A9F40300AAF30304AAE00302AA23
:1039E000F55B02A9F503012AF60303AAE1E30091BE
:1039F000250A00940002F837E01F40F9E20316AAF6
:103A0000E103152A040840F9031840B9E00314AA99
:103A100080003FD6E01F40F9000840B9600200B9BD
:103A200000008052F35341A9F55B42A9FD7BC4A875
:103A3000C0035FD600008012FBFFFF17FD7BAFA91C
:103A4000FD030091F55B02A9F50303AA030100D071
:103A500063AC1091F60304AAE33F00F923008052FF
:103A6000E40302AAE5B30191E20315AAF35301A905
:103A7000F40300AAF76303A9F703012AF96B04A969
:103A8000FB7305A9E36F00B9E30316AA4002009493
:103A9000A0030034000100B01300805200C0049164
:103AA000E03F00F9F53F40F9E103132A020080D21C
:103AB000E00314AA071D0094F30300AAE103172AE8
:103AC000020080D2E00314AA021D0094E20313AAAC
:103AD000E30300AAE10315AA000100B00014089155
:103AE000FD29009400008052F35341A9F55B42A9DF
:103AF000F76343A9F96B44A9FB7345A9FD7BD1A8E2
:103B0000C0035FD6E103172AE00314AA180100B02E
:103B1000190100B05C1C009418DF0D91F303002A1A
:103B2000392B05911B0100B0F300F8367F220031DC
:103B3000641A4B3AA10D0054000100B000A4079193
:103B400015000014E103132A020080D2E00314AA36
:103B5000E01C0094FA0300AAE00318AA5D24009474
:103B6000E20300AAE10318AAE0031AAA422400947F
:103B700020090035E2030291E103132AE00314AAAD
:103B8000FF3F00F96FFFFF97A0000034000100B075
:103B900000500591E03F00F9C3FFFF17FC4340F9D7
:103BA000000100B000EC1891E1031CAACA2900949E
:103BB000020100B0E343029142C40591E103132ADC
:103BC000E00314AA971D0094000200B4E19340B9E9
:103BD0003F100071A1010054000040B960010034A1
:103BE000000100B000F80591BB290094608F079197
:103BF0004A050094E103132AE00314AA2F1C009441
:103C0000F303002AC9FFFF17E3D30191E2230291D6
:103C1000E103132AE00314AA58FFFF978000003441
:103C2000000100B000200691DBFFFF17FA3F03916F
:103C3000E4C301915AE77A92E2031CAAE3031AAAA9
:103C4000E103162AE00315AA60FFFF978000003405
:103C5000000100B000980691CFFFFF17E2034E2944
:103C60005F00006B80000054000100B00004079169
:103C7000C9FFFF17E14740F9427C4093E0031AAACD
:103C80009424009440FBFF34000100B000500791E1
:103C9000C1FFFF17E06F40B9E0FAFF34E00319AA53
:103CA0000C240094E10319AAE20300AAE0031AAA73
:103CB000F123009400FAFF35440A40F9E6E301914C
:103CC000E30316AAE20315AAE103132AE00314AAE8
:103CD000050080127E010094A0F8FF34000100B0BE
:103CE00000980791C3FFFF17200080527FFFFF1746
:103CF000FD7BBDA9FD030091F35301A9F40300AAC4
:103D0000130080D2F55B02A935010090B5821C91A9
:103D100060EA7BD3B66A60F8E00316AAED2300944C
:103D2000E10314AAE20300AAE00316AAD223009436
:103D3000A0010035E00316AAE6230094806A6038EB
:103D40001FB0007101010054A016138BF35341A959
:103D5000F55B42A9FD7BC3A8C0035FD6330080D2C8
:103D6000ECFFFF17D3FFFFB4000080D2F8FFFF176E
:103D7000FD7BBDA981058052FD030091F35301A98C
:103D8000F51300F9C9230094E00000B5130080D2B8
:103D9000F51340F9E00313AAF35341A9FD7BC3A82F
:103DA000C0035FD614040091330100D0350100D068
:103DB00073020C91B5E20D917F0215EB82FEFF5468
:103DC000600240F9E10314AAA223009420FEFF340C
:103DD00073A20091F9FFFF17FD7BBDA9FD030091C0
:103DE000F35301A9F51300F9E00000B5130080D2E8
:103DF000F51340F9E00313AAF35341A9FD7BC3A8CF
:103E0000C0035FD6F50300AA330100F0340100F0CF
:103E10007382049194C204917F0214EB82FEFF54DA
:103E2000600240F9E10315AA8A23009420FEFF34C2
:103E300073420091F9FFFF17FD7BBAA9FD030091C2
:103E4000F35301A9F30300AAF55B02A9F50301AA44
:103E5000F76303A9F80305AAF96B04A9200440B984
:103E60000100A2520008C05A1F00016B89010054D2
:103E7000000100B03600805200300991A00000F926
:103E8000F35341A9E003162AF55B42A9F76343A95E
:103E9000F96B44A9FD7BC6A8C0035FD6F703022ACD
:103EA000FA0303AAF903042AE2630191E103172A42
:103EB000E00315AAA3FEFF97F603002AC000003412
:103EC000000100B00050059116008012000300F9B7
:103ED000ECFFFF17E103172AE00315AA030080D2C5
:103EE000020100B042840991CE1C0094F40300AAA0
:103EF000600000B5140100B0940E0991020F80D249
:103F000001008052E00313AAA5230094E103172ABD
:103F1000030080D2E00315AA020100B042A4099177
:103F2000C01C0094600600F9E02F40F9750E00F9FE
:103F3000772200B9601600F96EFFFF97601A00F94A
:103F4000E02F40F98BFFFF97602200F9E00314AAED
:103F5000A2FFFF97601E00F9620640F97A2600F979
:103F6000E12F40F9795200B9000100B000DC09915D
:103F7000D9280094601A40F9600000B4602240F92A
:103F800000F8FFB5000100B000F40991CFFFFF1762
:103F9000E50300AAE00303AA830000B404008052F2
:103FA0005F00046B4C000054C0035FD6260080B94C
:103FB000840400112120009163400091A600068B2B
:103FC00066001FF826C05FB866801FB8F5FFFF17B0
:103FD000FD7BA4A9FD030091F35301A9F40305AAF5
:103FE000F30303AAF55B02A9F50300AAF603042A6A
:103FF000F76303A9F703012AE103022AF96B04A975
:10400000020080D2FB7305A9FF4300D1B11B0094CD
:104010009F0200F9E50314AAE403162AE30313AA96
:10402000E203172AE10315AAA03700F9A0030291C1
:1040300082FFFF9760010035A3C30191A2E30191C4
:10404000E103172AE00315AA4CFEFF97F603002AA6
:10405000A00100340001009000200691800200F9C8
:1040600000008012BF030091F35341A9F55B42A900
:10407000F76343A9F96B44A9FB7345A9FD7BDCA851
:10408000C0035FD6A3D30191E103172AE00315AA69
:104090000201009042640A91621C0094F30300AA9A
:1040A000600100B4B87780B91800188BE00313AA38
:1040B0001C0080521F0018EBE30000545C01003527
:1040C0000001009000980A91E5FFFF17180080D2C8
:1040D000F7FFFF17011440383F0000719C179C1A2E
:1040E000F5FFFF17530100B4A07740B91F0000711E
:1040F000ED0000540004005160CA603880000034B4
:104100000001009000180B91D5FFFF179F930171DC
:104110008D0000540001009000D00B91D0FFFF17DC
:10412000807F7D931A010090003C00915A6F0C91A2
:1041300000EC7C921B008052FF6320CBF94300917E
:104140007F0218EBA30000545B03003700010090CE
:1041500000AC0C91C2FFFF1733DB36F8E0031AAA5C
:10416000DC220094E20300AAE10313AAE0031AAAE6
:10417000C122009420010035603E40391FBC00710F
:10418000C1000054A13740F960420091B12200946F
:104190001F0000717B179F1AE00313AACD22009421
:1041A00000040091D60600117302008BE5FFFF1793
:1041B000F6008052A7E30391E2031C2AE10319AA47
:1041C000967F161B84008052E30000B063002D919F
:1041D000C0520011D64E0011E603162A007C7D93D2
:1041E000003C009100EC7C92FF6320CB00198052D0
:1041F000F8430091E50318AAE00300B9E00315AA0B
:10420000FF0B00B966FCFF97F303002A1F00007143
:104210008A00005400010090003C0D9190FFFF17B0
:10422000810000540001009000B00D918CFFFF1739
:10423000DF02006B8C0000540001009000F00D9133
:1042400087FFFF1702010090E103172A42480E91F1
:10425000E00315AA030080D2F21B0094400100B4D1
:10426000637E7D93A10E40B902CF338B730600119C
:104270002108C05A016B23B8000440B90008C05A95
:10428000400400B9FFD333CBE10318AAE743009100
:10429000E203132AE30307AAE00315AA3DFFFF97F1
:1042A000A06340F9E10307AAA33F40F9051040F9D4
:1042B000A0030291A47340B9A0003FD640EDFF34A3
:1042C0000001009000840E9165FFFF17FD7BB2A9ED
:1042D000FD030091DF0000F9F35301A9F40300AAE4
:1042E000F30306AAF55B02A9F503012AF60303AA64
:1042F000E30304AAE403052AE50306AAF71B00F971
:10430000F70302AAE203012AE10300AAE0A3019154
:10431000CAFEFF9740010035E3330191E24301916A
:10432000E103152AE00314AA94FDFF97400100342D
:104330000001009000200691600200F90000801248
:10434000F35341A9F55B42A9F71B40F9FD7BCEA8C9
:10435000C0035FD6E05740F9F72F00F9E32B40F98F
:10436000F66300B9051040F9E1630191E44F40B9EB
:10437000E0A3019122008052A0003FD620FEFF342E
:104380000001009000840E91ECFFFF17FD7BB7A9A0
:10439000FD030091F35301A9F40300AA2000805209
:1043A000F55B02A916010090D62A0591F76303A9CF
:1043B000F50304AAF803012AF96B04A9F70305AA77
:1043C00001008052FB7305A9A00000B9E00304AA14
:1043D000E20F07A9E20316AA001B0094A001F83718
:1043E000E103002A1A010090E00315AA1B010090C6
:1043F000251A00945A2B0F91F303002A7B9B0791F7
:1044000019008052B300F83659000034FF0200B999
:104410000000805230000014E2031AAAE103132ABC
:10442000E00315AA030080D27E1B0094400A00B46A
:10443000E10000F021642B9106220094C0090035B0
:10444000000100B000AC1091E103182AE04700F928
:10445000E00314AA0C1A0094FC03002AA004F83606
:104460001F20003104184B3A4102005416010090FD
:10447000D6A60791E1031C2A020080D2E00314AA09
:10448000941A0094E103182AF70300AA020080D2CC
:10449000E00314AA8F1A0094E30300AAE20317AA08
:1044A00000010090E10316AA001408918A270094E5
:1044B000020080D2E103132AE00315AA851A0094B2
:1044C000E10300AA00010090004C0F9182270094A4
:1044D00000008012F35341A9F55B42A9F76343A999
:1044E000F96B44A9FB7345A9FD7BC9A8C0035FD63E
:1044F000020080D2E1031C2AE00314AA751A00947A
:1045000001088052E03700F9E8210094E00300B58B
:10451000E00316AAEF210094E20300AAE10316AA21
:10452000E03740F9D421009460010035E20F47A93B
:10453000E6230291E40315AAE1031C2AE00314AA6E
:104540000500801262FFFF97E0000034E0031BAA21
:10455000F2020094E1031C2AE00314AAD719009484
:10456000BEFFFF173907001100010090008C079172
:10457000EA020094E103132AE00315AACF1900947C
:10458000F303002AA0FFFF1716010090D6D60E9164
:10459000B9FFFF17FD7BB8A9020080D2FD0300918F
:1045A000F35301A9F40300AAF55B02A9F603012A5B
:1045B000F76303A9F96B04A9FB7305A9550A40F930
:1045C000441A009401088052F30300AAB721009412
:1045D000E00000B400010090E10313AA00F40F9181
:1045E0003D270094000080120A000014170100907B
:1045F000F72A0591E20317AAE00315AA01008052E9
:10460000761A0094F303002A2001F8360000805245
:10461000F35341A9F55B42A9F76343A9F96B44A998
:10462000FB7345A9FD7BC8A8C0035FD6E103002A40
:1046300002010090E00315AA428C1091030080D281
:10464000F81A0094A00800B4E10000F021F01F91D6
:10465000802100941F000071FA079F1AE103132ABA
:10466000E00315AA88190094F303002A00010090C2
:1046700000280F911900805218008052E03300F991
:104680000001009000980791E03700F9930AF8378D
:10469000E23340F9E103132AE00315AA030080D2B4
:1046A000E01A0094A00A00B40101009021C4109106
:1046B00068210094200A00350001009000D8109174
:1046C00039070011E103162AE03F00F9E00314AABC
:1046D0006D190094FB03002A4004F8361F200031B6
:1046E00004184B3A810000540001009000A4079187
:1046F000E03F00F9FC3F40F9E1031B2A020080D2B1
:10470000E00314AAF3190094FB0300AAE103162A9C
:10471000020080D2E00314AAEE190094E2031BAA5F
:10472000E30300AAE1031CAA00010090004C1191D0
:10473000E92600943A060034E103132AE00315AA9F
:10474000020080D2E3190094E10300AA0001009066
:10475000004C0F91A3FFFF173A008052C0FFFF17D4
:10476000E1031B2A020080D2E00314AAD9190094A5
:10477000FC0300AAE00317AA56210094E20300AA52
:10478000E10317AAE0031CAA3B2100946001003555
:10479000E5E30191E403132AE30315AAE203162AD1
:1047A000E1031B2AE00314AA0AFEFF97E00000348D
:1047B000E03740F959020094E1031B2AE00314AAF0
:1047C0003E190094C4FFFF17000100901807001164
:1047D000008C0791510200941A0100353F030071CB
:1047E000001B407A41F1FF54000100900018129123
:1047F000B92600947CFFFF17E103132AE00315AAF2
:104800002E190094F303002AA1FFFF17FD7BBBA91B
:1048100001010090216C0C91FD030091F35301A95B
:10482000F40300AAF55B02A9F76303A9031B009434
:10483000A003F837E33301910201009042EC12919A
:10484000F303002AE103002AE00314AA751A009476
:1048500018010090E103132AF60300AA180F139120
:10486000E00314AA08190094F303002A350080120B
:10487000D301F837E3330191E20318AAE103132AC5
:10488000E00314AA671A0094F70300AAA00100B578
:10489000E10000D00001009021503391003C1391C1
:1048A0008D260094B5028012F35341A9E003152A26
:1048B000F55B42A9F76343A9FD7BC5A8C0035FD69A
:1048C000560100B4020080D2E103132AE00314AAC7
:1048D00080190094E10300AAE00316AADD200094E9
:1048E0001F000071B512931AE00317AA15EEFF9787
:1048F000C0000034E103132AE00314AAEF18009467
:10490000F303002ADBFFFF17F503132AE7FFFF1766
:10491000220C4039240440B9230C4039210000CB3B
:104920004200040B210400D14200038B4100018BA3
:10493000021C4039200080520020C21A000400519D
:10494000007C4093200000AA000003CB00040091EB
:10495000C0035FD6FD7BBBA95F000071FD03009122
:10496000F35301A9F55B02A9F603002A6000805207
:10497000F76303A94210801A20008052549640F930
:104980001820C21A0220C21AF703012A93220091AA
:10499000F50303AA840A40B98400138B800400D174
:1049A0000000028BE20302CB0000028A000004EB4D
:1049B0002001005401200051E323019102008052A4
:1049C00000008052E4FFFF97C0020035840A40B91E
:1049D0008400138BF3060051800E40B97302180B4C
:1049E000F803184B7302180A737E4093730214CBBA
:1049F0007302048B1F0013EBE2010054E103172A3A
:104A00000001009000CC139133260094810A4129C3
:104A100000010090004014912F2600946003801242
:104A2000F35341A9F55B42A9F76343A9FD7BC5A8F0
:104A3000C0035FD6800A40B9D6020532E203172AC6
:104A4000010080529802008B966A20B8D67E1853D7
:104A5000170700B90003168BD1200094930A00B900
:104A600000008052B80200F9EEFFFF17459640F9AA
:104A7000A50300B4A1184039A20840B95F00016B3A
:104A800029030054E703002AA100218BE603022A30
:104A9000C10200B4200040B9005C00121F00076B87
:104AA00040020054FD7BBFA9FD03009105000014E6
:104AB000200040B9005C00121F00076BE0000054AA
:104AC000E00305AA93FFFF971F0006EB22010054A5
:104AD000A100008BE1FEFFB5E00301AAFD7BC1A8A8
:104AE000C0035FD6010080D2E00301AAC0035FD6F5
:104AF000010080D2F9FFFF17FD7BBDA9E903002A61
:104B0000E803022AFD030091EA03032AF30B00F9EC
:104B1000F30301AAD6FFFF97E01700F9C00100B424
:104B2000E8000035E01740F9600200F9000080520B
:104B3000F30B40F9FD7BC3A8C0035FD6010440B965
:104B40003F00086B00FFFF54600200F980038012F1
:104B5000F8FFFF17E3A30091E2030A2AE103082A02
:104B6000E003092A7CFFFF97E0FDFF34F1FFFF1708
:104B7000FD7BBFA9E80301AAFD030091BCFFFF97DD
:104B8000A00000B4010440B9010100B9010C403992
:104B90000000018BFD7BC1A8C0035FD6FD7BBEA9D1
:104BA000E903012AFD030091E1730091F1FFFF97F2
:104BB00089000034E11F40B93F00096B00009F9A53
:104BC000FD7BC2A8C0035FD6FD7BBEA9E203012A1C
:104BD00003008052FD030091E1630091C7FFFF973E
:104BE000C0000035E00F40F9010C40390000018B96
:104BF000FD7BC2A8C0035FD6000080D2FDFFFF1777
:104C00003F5C007169040054FD7BBDA9FD03009168
:104C1000F35301A9F30300AAF55B02A91F0840F2B0
:104C2000C1030054F403032AF503012AF603022A00
:104C300001008052020380D259200094200080524B
:104C40006016003900038052601A003960219652C4
:104C50009F020071E041A972600200B90003805216
:104C60007F120039600A00B9600080529412801AE5
:104C7000741E003975DA012900008052539600F93C
:104C8000F35341A9F55B42A9FD7BC3A8C0035FD6DE
:104C900060038012C0035FD6A0018012F9FFFF17E6
:104CA000FD7BBEA9FD030091F30B00F9F30300AAFD
:104CB000020040B960219652E041A9725F00006B8A
:104CC00081040054601640391F040071A103005490
:104CD000600E40B9A0030034610000341F00016B76
:104CE00048030054610A40B91F00016B23030054BC
:104CF000601A40391F600071C1020054E00313AA1A
:104D00008C200094611240392000200B021C0012FC
:104D10003F00206B000100540001009000B414918A
:104D20006D25009480008012F30B40F9FD7BC2A832
:104D3000C0035FD600008052539600F9FBFFFF17B7
:104D4000800B8012F9FFFF1740038012F7FFFF1757
:104D500020008012F5FFFF17FD7BBEA9FD03009127
:104D6000F30B00F9539640F9E00313AA610A40B926
:104D700070200094611240392000200B601200392D
:104D800000008052F30B40F9FD7BC2A8C0035FD640
:104D9000409640F9C0035FD6FD7BBEA9FD0300919C
:104DA000E0630091FF0F00F96AF2FF97E000003521
:104DB000401A40F9000069B2401A00F90000805220
:104DC000FD7BC2A8C0035FD6010084D222008012FE
:104DD000E100A0F20001009000001591E10F00F940
:104DE0003D250094E00F40F90300805202008052FC
:104DF0000100825283FFFF9740FEFF35EDFFFF1752
:104E0000401A40F94000B837E4FFFF170000805215
:104E1000C0035FD63F0000F1612196D2E141A9F2C3
:104E20002100C0F2400041FAA1020054FD7BBDA95F
:104E300001008052FD030091F30B00F9F30300AA77
:104E4000E00303AA97FFFF97E903002A000100355A
:104E5000E1B300912000805246FFFF971F0013EB43
:104E600060000054890080125F9600F9F30B40F94E
:104E7000E003092AFD7BC3A8C0035FD68900801226
:104E8000E003092AC0035FD6010040F93F1440F255
:104E9000A1000054010041A93F0000EBE0179F1A58
:104EA000C0035FD600008052FEFFFF17FD7BBEA946
:104EB000FD030091F35301A9F30300AAF40304AA2C
:104EC000010400A9810400D12100028B020800F92D
:104ED000032000B92108C49A217C049B010C00F92D
:104EE000A0003FD660010035610E40F9E00314AA2E
:104EF00075030094600600F9000200B4612240B915
:104F000081000036610240F9620A40F9BE1F009438
:104F1000610E40F9600640F921FC009121E47A928B
:104F20002100008B08F2FF9700008052F35341A943
:104F3000FD7BC2A8C0035FD660018012FCFFFF1793
:104F400005000090040880D2A5203A91D8FFFF17F1
:104F5000FD7BBEA9FD030091F30B00F9F30300AA4A
:104F6000002040B9E0000836610E40F9600640F9C3
:104F700021FC009121E47A922100008BF1F1FF974E
:104F8000600640A93F0000EBE0000054622240B9F7
:104F900062000836620A40F99B1F0094600640F9DF
:104FA000FB000094F30B40F900008052FD7BC2A887
:104FB000C0035FD6427640F9001C00120201F8B728
:104FC00043040091437600F9030086D24108C39A56
:104FD0002188039B21B8419120000039C0035FD68E
:104FE000E40300AA407640F94000F8B6C0035FD65B
:104FF0008000403940000035C0035FD6FD7BBFA96B
:10500000FD03009184040091EBFFFF97800040397D
:10501000A0FFFF35FD7BC1A8C0035FD6C2F74FF0EC
:1050200042A0079140D860F8022040F9F00302AA9C
:1050300000021FD6FD7BBDA9FD030091F35301A91A
:10504000F303002AF51300F9401A40F9400308362B
:10505000C0F74FF000A00791351C0012F40302AA1C
:1050600000D873F8010040B9A1011036003040F9B2
:105070004D3000941FBC0171E0179F1ABF02006BF6
:10508000A1010054F51340F9E10314AAE003132A27
:10509000F35341A9FD7BC3A8E1FFFF170020009156
:1050A000010100B021B00791EA1E00941F000071B9
:1050B000F2FFFF17F35341A9F51340F9FD7BC3A895
:1050C000C0035FD6920200B4041C0012401A40F9DB
:1050D0006000D837E003042AB7FFFF17E000083666
:1050E000C0F74FF0E103042A00F840F9021C40F930
:1050F000F00302AA00021FD6FD7BBFA9E003042A29
:10510000FD030091ACFFFF97FD7BC1A8E003042ADB
:105110000E570014C0035FD6F20100B4411A40F9E3
:105120004100D837AFFFFF17E50300AA810008361A
:10513000E10300AA20008052B9FFFF17FD7BBFA941
:10514000FD030091A7FFFF97FD7BC1A8E00305AA1F
:1051500003570014C0035FD60C0686D2FF632CCB26
:10516000050086D2E40312AAE2A30091030080D2D4
:10517000FD7B00A9FD030091F30B00F9537640F984
:105180007F0205EB73A2859A730E40D1817440F9BA
:105190003F0013EBCC0100545F682338010080927C
:1051A000817400F91F04007120020054E00302AA78
:1051B000DAFFFF97537600F90C0686D2FD7B40A9F3
:1051C000F30B40F9FF632C8BC0035FD6610AC59ACD
:1051D00021CC059B7306009121B8419121004039F3
:1051E0004168233863040091E9FFFF1701008052F2
:1051F00091FFFF97F0FFFF17FD7BBFA9FD03009113
:10520000401A40F9000065B2401A00F900008052CF
:10521000D2FFFF9700008052FD7BC1A8C0035FD67C
:10522000FD7BBDA9C1F74FF0FD030091F51300F917
:10523000D5F74FF0F35301A9B3EA40F921F040F953
:105240001400138B3F0014EB08020054C1F74FF019
:1052500021EC40F93F0014EB83010054A000F8B6A4
:10526000E20300CB01008052E00314AACC1E00949C
:10527000E00313AAB4EA00F9F35341A9F51340F986
:10528000FD7BC3A8C0035FD600008092FBFFFF1721
:10529000E20301AAC1F74FF00400028B20F000F9ED
:1052A000C1F74FF024EC00F9C1F74FF020E800F906
:1052B00001008052BA1E0014FD7BBDA9FD030091C0
:1052C000F51300F9150100D0B5C21D91F35301A9E2
:1052D000A10A40F9340440F994F67E92937E3F91FE
:1052E000730200CB73CE7492730640D17FFE3FF100
:1052F0000D030054000080D2CAFFFF97A10A40F9B5
:105300002100148B1F0001EB41020054E00313CB7A
:10531000C4FFFF971F0400B161020054000080D257
:10532000C0FFFF97A20A40F9010002CB3F7C00F1C9
:105330000D010054030100D0210040B2410400F9E6
:1053400063B043F9000003CBC3F74FF0608C01B9A1
:1053500000008052F35341A9F51340F9FD7BC3A827
:10536000C0035FD6A00A40F9C1F74FF0940213CBF7
:10537000940240B2140400F9208C41B90000134B90
:10538000208C01B920008052F3FFFF17411A40F929
:10539000E1094836C00900B406805FF8034000D137
:1053A000040100D084C01D91C1F87F92C6004092D4
:1053B0006500018B870840F9A20440F942F47E920F
:1053C000BF0007EB610200542200028BE60000B52B
:1053D00000005FF8630000CB4200008B610041A930
:1053E000200C00F9010800F9400040B2600400F907
:1053F000000100D0830800F900B443F95F0000EB1E
:1054000063060054C0F74FF000E440F9ABFFFF170C
:10541000A20400F9860100B500005FF8060100D083
:10542000C6001E91630000CB2100008B600840F98C
:105430001F0006EBE0040054660C40F9060C00F96E
:10544000C00800F900008052A600028BC60440F993
:10545000660100372100028BA20840F9E003003505
:10546000060100D0C6001E915F0006EB61030054E8
:10547000830C02A920008052620801A9220040B2D8
:10548000620400F9616821F8200200353FFC07F151
:10549000C802005421FC43D322008052207C021316
:1054A000210400114220C01A21781F53800440F9C2
:1054B00081CC218B000002AA800400F920045FF84F
:1054C000600401A9230800F9030C00F9C0035FD6AA
:1054D00020008052DDFFFF17A50C40F9450C00F9B4
:1054E000A20800F9E6FFFF1722FC49D33FFC27F191
:1054F0006802005420FC46D300E0001102040011B1
:1055000042781F5382CC228B45045FF85F0005EB85
:1055100041040054007C0213210080522120C01A53
:10552000800440F9000001AA800400F9650801A97F
:10553000430800F9A30C00F9E5FFFF175F5000F1E5
:1055400068000054406C0111EDFFFF175F5001F13E
:105550008800005420FC4CD300B80111E8FFFF176D
:105560005F5005F18800005420FC4FD300DC01118E
:10557000E3FFFF1720FC52D35F5415F100F0011137
:10558000C20F80520030821ADDFFFF17A50840F9D4
:105590005F0005EBA0000054A00440F900F47E92E7
:1055A0003F0000EB43FFFF54A20C40F9E0FFFF1760
:1055B000421A40F94200483749020014E10300AAA8
:1055C000C2F74FF0C0F74FF042EC40F900F040F95D
:1055D000000002AA600100B5000080D2C0035FD6BF
:1055E000000080D2F35341A9F55B42A9F76343A9B8
:1055F000F96B44A9FB2B40F9FD7BC6A8C0035FD61D
:105600003F0050F1A8FEFF54FD7BBAA9215C009138
:105610003FB800F1FD030091F35301A9140100D03C
:1056200094C21D91F55B02A9F76303A9F96B04A964
:10563000FB2B00F92903005435EC7C92BFDE07F107
:10564000A8050054A1FE43D32204001142781F5341
:1056500082CE228B434000D1400440F91F0003EB6F
:1056600081000054400C40F95F0000EBA0010054A1
:10567000018C40A9020C40F921F47E92620C00F9E1
:105680000100018B430800F9220440F9420040B2B6
:10569000220400F916000014150480D2EAFFFF1757
:1056A00021080011801240F9050100D0A5001E91CB
:1056B0001F0005EB600B0054020440F942F47E9297
:1056C000440015CB9F7C00F1ED0700540300158BBF
:1056D000A10240B2010400F9810040B2830E02A988
:1056E000619400A9650C00F9046822F8004000915B
:1056F000BDFFFF17A0FE49D3000500B41F1000F145
:1057000048020054A1FE46D321E0001122040011FA
:1057100042781F5382CE228B424000D1400C40F988
:105720001F0002EBE0000054030440F963F47E9292
:10573000650015CBBF7C00F14D03005421040051DE
:1057400021040011D8FFFF171F5000F1680000541A
:10575000016C0111EEFFFF171F5001F1880000548A
:10576000A1FE4CD321B80111E9FFFF171F5005F12D
:1057700088000054A1FE4FD321DC0111E4FFFF1784
:10578000A1FE52D31F5415F121F00111C00F805218
:105790002130801ADEFFFF17E1078052DCFFFF1780
:1057A000040C40F9C500F8B7010840F9240C00F9D1
:1057B000810800F90100038BB4FFFF17E00304AA7E
:1057C000D8FFFF17851602A9C400F8B70200028BA4
:1057D000410440F9210040B2410400F9C4FFFF1721
:1057E000870640F95FFC07F1280C005442FC43D3C4
:1057F00023008052447C02134204001142781F535C
:105800006320C41A630007AA830600F982CE228BA4
:1058100043045FF8030801A9400800F9600C00F98F
:10582000207C0213220080524220C01A800640F9D8
:105830001F0002EB030400541F0002EAC1000054E1
:1058400021741E1242F87FD3211000111F0002EABA
:10585000A0FFFF54E901809223040011E603012A0E
:1058600063781F5323CD238B8302038BE70303AAA3
:10587000E00C40F91F0007EBC10D0054C6040011F5
:10588000E7400091DF0440F241FFFF543F0440F243
:10589000C1100054800640F90000228A800600F9F9
:1058A000800640F942F87FD31F0002EB430000540A
:1058B000021100B5980A40F9170740F9F7F67E92F1
:1058C000E20215CB5F7C00F1EC150054C0F74FF0FD
:1058D0001B0100D01A03178B13E440F960B343F99E
:1058E000B302138B1F0400B1810F00547382009127
:1058F000E00313AA4BFEFF97F60300AA1F0400B1B2
:10590000601300545F0300EB690000541F0314EBA5
:10591000E1120054D9F74FF0208F41B90000130B6A
:10592000208F01B95F0316EB010E0054800A40F985
:10593000F302138B730240B2130400F9C1F74FF066
:10594000208F81B922E040F91F0002EB490000548A
:1059500020E000F9C1F74FF022DC40F91F0002EB14
:105960006910005420DC00F98100001444FC49D384
:105970005FFC27F14802005443FC46D363E000116A
:105980006404001184781F5384CE248B86045FF84E
:105990009F0006EB21040054637C02132200805216
:1059A0004220C31A420007AA820600F9061001A984
:1059B000800800F9C00C00F99AFFFF179F5000F112
:1059C00068000054836C0111EEFFFF179F5001F136
:1059D0008800005443FC4CD363B80111E9FFFF1762
:1059E0009F5005F18800005443FC4FD363DC011144
:1059F000E4FFFF1743FC52D39F5415F163F00111EC
:105A0000C40F80526330841ADEFFFF17C60840F9C6
:105A10009F0006EBA0000054C30440F963F47E929B
:105A20007F0002EB48FFFF54C40C40F9E0FFFF1772
:105A3000040440F984F47E92880015CB1F7D00F1A8
:105A4000CD010054030840F9A10240B2010400F95D
:105A50000200158B010C40F9610C00F9230800F9D4
:105A6000010140B2820A02A9419400A9450C00F943
:105A7000086824F81EFFFF174801F8B70400048BDC
:105A8000810440F9210040B2810400F9010C40F981
:105A9000020C41F8410C00F9220800F9D2FEFF1770
:105AA000000C40F974FFFF1760045FF821040051F7
:105AB0001F0003EBC0EEFF547AFFFF172110001107
:105AC00042F87FD31F0002EAA0FFFF5463FFFF17D5
:105AD000E103062AFCFFFF17E00382D27302008B6A
:105AE00073CE749283FFFF1761B343F93F0400B193
:105AF0006105005476B303F9C00E40F280000054F3
:105B0000010280D2200000CBD602008BD302138B7F
:105B1000000013CB73FE3F9173CE74927302008B1F
:105B2000E00313AABFFDFF971F0400B10002005459
:105B3000218F41B9000016CB0000138B960A00F9A3
:105B40002100130B000040B2218F01B9C00600F9FB
:105B50001F0314EB40EFFF54FF7E00F18802005456
:105B6000800A40F9210080D2010400F9800A40F93E
:105B7000020440F942F47E92420015CB5F7C00F1B2
:105B80000DD3FF54800A40F9A10240B2010400F98C
:105B90000100158B810A00F9BDFEFF17DA021ACB4E
:105BA00000001A0B208F01B9D4FFFF17000740F93E
:105BB000F76200D1F7EE7C92210180D20000409282
:105BC000000017AA000700F90003178B018C00F8EA
:105BD000010400F9FF7E00F129EBFF54004300911E
:105BE000EBFDFF9756FFFF17FD7BBCA9FD0300915E
:105BF000F55B02A9157C019BF60300AA000100D009
:105C0000F71B00F9F35301A917C043F9E00315AAE4
:105C1000F40640F967FEFF973605F8B7F30300AACC
:105C2000200300B4411A40F9A1004837E20315AA45
:105C3000010080525A1C00941300001401805FF888
:105C4000034000D182F67E927F0017EB21F47E9212
:105C5000420041FA4230819A422000D15F2001F196
:105C600088FEFF545F9C00F1A90000541F7C00A92E
:105C70005FDC00F148010054004000911F7C00A946
:105C80001F0800F9F55B42A9E00313AAF35341A9E9
:105C9000F71B40F9FD7BC4A8C0035FD61F7C01A998
:105CA0005F2001F16000005400800091F4FFFF17B5
:105CB00000C000917F7E02A9F1FFFF17130080D280
:105CC000F1FFFF17FD7BBCA9FD030091F35301A970
:105CD000F55B02A9F71B00F93F0050F108060054DC
:105CE000421A40F9C2004837F35341A9F55B42A973
:105CF000F71B40F9FD7BC4A87B000014F40300AA45
:105D0000F70301AA1F4000F1E8000054F35341A932
:105D1000E00301AAF55B42A9F71B40F9FD7BC4A88B
:105D200024FEFF17000480D2215C00919F0200EB4B
:105D300036EC7C929422809A3FB800F1D682809A09
:105D40008002008B0000168B1AFEFF97E20300AA68
:105D5000400300B5E00317AA16FEFF971508D49A72
:105D6000F30300AAB582149BD50100B488FDFF9708
:105D7000950215CBE002158B0EFEFF97E20300AAF9
:105D8000E00000B40108D49A2180149B810201CB69
:105D9000BF0201EB220100547DFDFF97130080D26A
:105DA000F55B42A9E00313AAF35341A9F71B40F99D
:105DB000FD7BC4A8C0035FD64008D49A534000D1ED
:105DC0000088149B800300B4E003144B950600D1B7
:105DD0005500158B007C4093B502008AB54200D176
:105DE000A00213CB1F7C00F148000054B502148BB5
:105DF000610640F9A30213CB21F47E92210003CB6C
:105E0000200040B2A102018BA00600F9200440F955
:105E1000000040B2200400F9E00302AA610640F944
:105E200021004092210003AA610600F9F30315AA9C
:105E300057FDFF97610640F921F47E92210016CBB1
:105E40003F7C00F14D0100546002168B210040B2EE
:105E50000040009101801FF8610640F92100409246
:105E6000210016AA610600F949FDFF9773420091CF
:105E7000CCFFFF17458E40F9227C4093432641B961
:105E8000E20302CB63C0218BA10400D16300018B2C
:105E9000010005CB6300028A422241B92100038B35
:105EA0003F4022EB29010054FD7BBFA9E00000F038
:105EB00000901591FD03009107210094000080D20D
:105EC000FD7BC1A8C0035FD6211C0011E00303AA1B
:105ED00021701D12412601B9C0035FD621008052F6
:105EE000E5FFFF17E20300AAE00301AAE103022A8B
:105EF000E1FFFF17419E40F9610000B421E000D1AD
:105F0000410000B5C0035FD61F0001EB60000054E4
:105F1000211C40F9F9FFFF17032040F902E000912E
:105F2000011C40F9610000F9410000B4230400F9AC
:105F30001F1C00F95F0400F9F3FFFF17FD7BBDA9EB
:105F4000FD030091F35301A9F30300AAF40302AA8D
:105F5000F55B02A9F50303AAF60301AAE6FFFF9782
:105F6000020A80D2010080528D1B0094765600A94F
:105F7000000080D2740A00F9081C0094600E00F939
:105F800061E20091E00312AA429E40F9621E00F90C
:105F9000420000B4410400F9019C00F900E00491C2
:105FA000200400F9F35341A9F55B42A9FD7BC3A886
:105FB000C0035FD6920700B4411A40F94107883701
:105FC000FD7BBCA921006FB2FD030091F35301A931
:105FD000F55B02A9F76303A9539E40F9411A00F942
:105FE000330500B4F50000F073E200D1B53216912C
:105FF000177182D238008052730400B4761E40F9C3
:10600000000080D2E51B0094F40300AA601A40F956
:106010009F0200EB24030054600A40F9610240F93A
:106020000000148B601A00F9E00313AA20003FD689
:10603000601640F900040091601600F9000080D25B
:10604000D61B0094020014CB601240F90000028BB2
:10605000601200F95F0017EB09010054602241391A
:10606000C0000037610640F9E00315AA03718252AF
:106070009920009478220139760000B4D3E200D14F
:10608000DEFFFF17401A40F900F86E92401A00F93F
:10609000F35341A9F55B42A9F76343A9FD7BC4A86B
:1060A000C0035FD6C0035FD6000840B91F00036B72
:1060B0004C010054FD7BBFA9FD030091200040B9B5
:1060C000400000B9E00301AAB1FCFF970000805234
:1060D000FD7BC1A8C0035FD600008012C0035FD65D
:1060E000FD7BBEA9FD030091F30B00F9F30301AAA8
:1060F000E10302AAE203032A600240B9621A009493
:10610000600200B900008052F30B40F9FD7BC2A889
:10611000C0035FD6FD7BBEA9800080D2FD03009145
:10612000F30B00F9F30301AA22FDFF971F0000B94A
:10613000600200F900008052F30B40F9FD7BC2A819
:10614000C0035FD6000840B91F00036BCC010054A8
:10615000FD7BBEA9FD030091F30B00F9F30301AA37
:10616000E10302AAE00313AACA110094E00313AAF0
:1061700087FCFF97F30B40F900008052FD7BC2A81B
:10618000C0035FD600008012C0035FD6FD7BBFA9AD
:10619000E00301AAE10302AAFD030091E203032A3E
:1061A000B911009400008052FD7BC1A8C0035FD6E6
:1061B000FD7BBEA9000D80D2FD030091F35301A920
:1061C000F30301AAFBFCFF97F40300AA64090094FF
:1061D000740200F900008052F35341A9FD7BC2A86C
:1061E000C0035FD6000840B91F00036BCC01005408
:1061F000FD7BBEA9FD030091F30B00F9F30301AA97
:10620000E10302AAE00313AACC080094E00313AA56
:106210005FFCFF97F30B40F900008052FD7BC2A8A2
:10622000C0035FD600008012C0035FD6FD7BBFA90C
:10623000E00301AAE10302AAFD030091E203032A9D
:10624000BB08009400008052FD7BC1A8C0035FD64C
:10625000FD7BBEA9000D80D2FD030091F35301A97F
:10626000F30301AAD3FCFF97F40300AAD60200941B
:10627000740200F900008052F35341A9FD7BC2A8CB
:10628000C0035FD6FD7BBCA9FD030091F35301A9B8
:10629000140100B094023E91F55B02A9F50300AA37
:1062A000F60301AA130080D2F71B00F9170780D26A
:1062B000607E179B816A60F8E00315AA651A009456
:1062C00020010035737E379B7302148BD30200F9D3
:1062D000F35341A9F55B42A9F71B40F9FD7BC4A824
:1062E000C0035FD6730600917F0E00F121FEFF54BC
:1062F000800B8012F7FFFF17FD7BBCA9FD03009107
:10630000F35301A9130100B073023E91F55B02A99A
:10631000F50300AAF60301AAF71B00F9F70313AA75
:1063200014008052610240F9E00315AA491A009452
:1063300060010035611240F9210100B4010780526B
:10634000945E219BD40200F9F35341A9F55B42A965
:10635000F71B40F9FD7BC4A8C0035FD6940600116B
:1063600073E200919F0E0071E1FDFF54800B8012DB
:10637000F6FFFF17FF0308D1E30300AA25FC43D370
:1063800020FC44D3E6230091020080D2800100B5B6
:10639000670040F97F0000F9640040F9E40400B4AC
:1063A000E4230091210080D2670000F9BF0001EBD7
:1063B00068010054FF030891C0035FD604F07DD349
:1063C000676864F8C77822F8E70320AA42040091BE
:1063D00000FC4193676824F8EDFFFF174204005169
:1063E00026F07DD321F87FD387D862F8676826F836
:1063F000EFFFFF1780F07DD342040051696860F819
:1064000006D962F8666820F8E60324AA84F87FD3E8
:10641000DF0009EB60010054BF0004EBC9FCFF542E
:106420004204005181F07DD384F87FD306D962F80D
:10643000666821F8F9FFFF17E8230091240080D255
:10644000BF0004EB88FDFF54E00301AA670000F9D8
:10645000D9FFFF17FD7BBAA9FD030091F35301A9F2
:10646000F40301AAF55B02A9F60303AAF76303A9E3
:10647000F80301AA210C0091F96B04A9FB7305A98B
:106480001A1840F91B27403820E05F385C5F41292B
:106490000000005233F05F3859001C4B3703174B94
:1064A0001300332AE2120051F70E0051E00318AA3C
:1064B000731E0012427C4093861A009401CB7738F9
:1064C000F503002A420F80B900C3378B7B03012AF2
:1064D00000040091410B40F973021B2A731E001245
:1064E0007C1A0094B502002AB502132AF501003582
:1064F000E10316AA827F409380C2398B751A0094FB
:106500001F000071810180120000811AF35341A91C
:10651000F55B42A9F76343A9F96B44A9FB7345A94D
:10652000FD7BC6A8C0035FD6A0028012F8FFFF174C
:10653000FD7BB6A9FD030091F35301A9F55B02A908
:10654000F76303A9F96B04A9FB2B00F9172440F9A1
:10655000240FF837F60301AAE103042AF40300AA82
:10656000FB0302AAF503032AF303042AE00317AA94
:10657000030080D2E20000D042AC049129130094C1
:10658000E10300AA400100B5A0018012BF03009101
:10659000F35341A9F55B42A9F76343A9F96B44A9F9
:1065A000FB2B40F9FD7BCAA8C0035FD6801640F9DB
:1065B000A8190094A0FEFF35E103132A03008052BE
:1065C000E00317AAE20000D0422017916F16009452
:1065D000E103132A03008052E20000D042541791D5
:1065E000A09700B9E00317AA68160094A09300B919
:1065F000A3B30191E103132AE00317AAE20000D03C
:106600004290179107130094A04700F9800000B44E
:10661000A06F40B91F1C007148000054BF4700F92B
:10662000E103132A030080D2E00317AA1801805265
:10663000E20000D042C41791B89B00B9F91200944F
:10664000E103132A030080D2E20000D042F4179144
:10665000A04300F9E00317AAF2120094A03F00F94A
:10666000A19740B921F9FF34A24340F9E2F8FFB401
:10667000C0F8FFB4802240F9F7030091824E43A98D
:10668000190840B95B0500B4DF0200F1441840FA74
:10669000E0040054D30400B4210CD81A3F00156B59
:1066A00021020054BF020871E8010054E003152ADA
:1066B0005A0840B9003C0091A2C3019100707C923D
:1066C00001008052FF6320CB80098052F8030091C3
:1066D0008F2E0094E0000034E00000D0002C1891D0
:1066E000FD1E0094A0028012FF020091A8FFFF1778
:1066F000A03B40F9E4030091A3E30191E203152AD2
:10670000E1031BAA865E009400FFFF35650640F991
:10671000E4031A2AE30316AAE203192AE10318AADA
:10672000E00314AAA0003FD6F0FFFF1780008012FC
:10673000EEFFFF170001801295FFFF17FD7BB4A944
:10674000FD030091F35301A9F55B02A9F50300AA2B
:10675000F60301AAF76303A901008052F70302AA16
:10676000F96B04A9E20000D0F803032A192440F9C8
:1067700042280591E00319AA18120094E007F8379F
:10678000A45240B99F04003160010054F35341A961
:10679000E303182AF96B44A9E20317AAF76343A994
:1067A000E10316AAE00315AAF55B42A9FD7BCCA87C
:1067B00060FFFF17A30640F9F403002A810C80D282
:1067C000E0630191E20000D042DC1891711E009458
:1067D000E2630191E103142AE00319AAFF11009476
:1067E000E303182AE403002AFA03002AE20317AAA3
:1067F000E10316AAE00315AA4EFFFF97F303002A50
:10680000E0020034FF5700B9E103142AE25301917A
:10681000E00319AAF0100094F403002A0002F837EC
:10682000E05740B91F000071AD0100541F04007112
:10683000C1FEFF549F021A6B80FEFF54E403142A2A
:10684000E303182AE20317AAE10316AAE00315AA34
:1068500038FFFF97F303002A80FDFF35F55B42A95F
:10686000E003132AF35341A9F76343A9F96B44A941
:10687000FD7BCCA8C0035FD633008012F8FFFF1762
:10688000FD7BBDA9FD030091F35301A9F30300AA09
:10689000F40303AAF51300F9F503042A002040F9D4
:1068A000030840B9607C4093003C009100EC7C926E
:1068B000FF6320CB601A40F9040840B97F00046BE5
:1068C000EA000054A0028012BF030091F35341A9D3
:1068D000F51340F9FD7BC3A8C0035FD6040C40F953
:1068E000E3030091000040F980003FD6C0FEFF376F
:1068F000E303152AE20314AAE1030091E00313AABB
:106900008FFFFF97F1FFFF1702008052030080D234
:10691000040040B99F00026B48000054C0035FD6DA
:10692000050440F9245862B8A55862B8840005CB24
:106930008300038B235822B84204001163FC609348
:10694000F4FFFF17EA0302AAE80303AA0300805238
:10695000020040B95F00036BC8000054020040B958
:10696000070080525F00076B28020054C0035FD607
:106970003F5823B863040011F6FFFF17CC7C7ED389
:10698000225866B8C60400114200048B04696CB832
:106990006409A49B020440F942686CB82215A29BCA
:1069A0004540248B256823B80E000014FD7BBFA949
:1069B000FD030091220040B9260080524B5967B870
:1069C000040140B9030440F9090440B96409A49BD7
:1069D000650040B9827C4092297D041B2509A59B56
:1069E000C3040051020040B984FC60D3A5FC60D30D
:1069F00063F47ED3DF00026B23FCFF548400058B1D
:106A0000246823B8FF8344EB40000054BFFFFF9786
:106A1000020040B9E70400115F00076BC8FCFF5497
:106A2000FD7BC1A8C0035FD643040051650080927E
:106A300021C8238B030080D2647C059B246864B842
:106A40008408C05A047823B8630400915F00036B84
:106A50004CFFFF54C0035FD6FD7BB4A9FD0300913A
:106A6000F35301A9F55B02A9F76303A9F96B04A924
:106A7000FB7305A9A33B00F9421400B4F603012AF5
:106A8000F50300AA410840F9F40302AA404C432947
:106A9000B3031429010A00B4A0630291020180D259
:106AA000D9180094BC4F40F99C0FC0DABC5F00F9C4
:106AB000D3120034810640F9811200B4860240F9F5
:106AC000461200B4600220511F002071E8110054EA
:106AD000737E0553E203132A776A7ED3E33E009167
:106AE00063647C92FF6323CBFA030091FF6323CBA3
:106AF000F4030091E0031AAAA34300F9B3A300B979
:106B0000BAD30AA9C9FFFF97E00314AAE10306AAB2
:106B1000C6FFFF97C0767E92E10315AA003C009164
:106B200000707C92FF6320CBE003162AF8030091EB
:106B3000E20300AAA04700F9E00318AAB2180094E3
:106B4000F9030091A34340F9E21200D10203028B42
:106B5000FF6323CBFB030091FF6323CBF60300917C
:106B6000FF6323CBF5030091FF6323CBE003009188
:106B700063008092A04300F9000080D2017C039B57
:106B8000416861B82108C05A617B20B800040091B7
:106B90007F02006B48FFFF549C0000B48413C0DAEE
:106BA0009FFC00F1C10100543F030091B402801228
:106BB000BF030091E003142AF35341A9F55B42A9F6
:106BC000F76343A9F96B44A9FB7345A9FD7BCCA8E6
:106BD000C0035FD6FC830032B5FFFF17BC7F00B94E
:106BE0005CFE0736A0830291E30314AAE2031BAA0A
:106BF000E10316AAA43700F953FFFF97A04340F919
:106C0000E20317AAD40780523C0080D27E18009479
:106C1000A43740F99402044BE30316AAE20316AA30
:106C2000E10315AAA0830291B402003546FFFF9745
:106C300073060051E3031BAAE20315AAE10316AA97
:106C400041FFFF97E20317AAE00315AA6E1800940C
:106C5000607E4093A27A60B8417B60B85F00016BB0
:106C6000C302005488000054000400D11F04003106
:106C700021FFFF54200080521100001432FFFF97C3
:106C8000A37F40B98223D49A7F00026AE0000054B7
:106C9000A34340F9E20315AAE10316AA2AFFFF97CE
:106CA00094060051DDFFFF17E20317AAE00316AABE
:106CB00055180094FBFFFF1700008052800000343D
:106CC000E10315AAA083029110FFFF97E10318AA20
:106CD000A05A73B8730600510008C05A204400B887
:106CE0007F06003161FFFF54A03B40F93F03009154
:106CF000A24740F9E10318AA43180094ADFFFF171B
:106D000014018012ABFFFF17B4018012A9FFFF1717
:106D10005F0000714D050054FD7BBCA9FD0300918F
:106D2000F35301A9F30301AAF403022AE1C300917A
:106D3000F55B02A9F50303AA70FDFF97C0020035B9
:106D4000E01B40F9E1E30091021040F940003FD61A
:106D5000200200359406005116008052E00743A936
:106D6000620240F9630A40B9051440F99F02166BAC
:106D7000AC01005424008052A0003FD6C000003572
:106D8000E00743A9E20315AA041840F9030840B933
:106D900080003FD6F35341A9F55B42A9FD7BC4A80F
:106DA000C0035FD60400805273420091A0003FD61A
:106DB00020FFFF35D6060011E9FFFF17A002801261
:106DC000C0035FD6216084D21F7C00A9A1E8ACF289
:106DD0002171D5F2A1F9FDF2010800F9C19F9BD202
:106DE0004117B3F2C18ECAF24106E2F2010C00F97A
:106DF000013E9C52417AB872012000B9C0035FD6AF
:106E0000C2B10034FD7BB5A927338FD226749DD241
:106E1000FD030091859B97D2C43A98D24204005159
:106E20004750ABF226DBADF265E3B1F2444CB9F268
:106E3000F35301A9F55B02A9F76303A9F96B04A950
:106E4000FB7305A9E27300B92200403921000191CA
:106E500023105C382C305C3833705C38432003AA34
:106E600022205C383AB05C3828D05C38624002AAF4
:106E700023505C384C600CAA29105D388209C05A36
:106E8000E2AF00B922405C388C09C05A38305D3816
:106E90003E705D38432003AA22605C3831B05D3813
:106EA00039F05C38624002AA23905C38536013AA20
:106EB000620AC05AE2AB00B922805C38730AC05A39
:106EC000432003AA22A05C38624002AA5A601AAA90
:106ED00022C05C38430BC05A5A0BC05A482008AA3B
:106EE00022E05C38024102AA28005D38596019AAE4
:106EF000220BC05A390BC05A092109AA28205D3833
:106F0000284108AA29505D38186118AA080BC05AF0
:106F1000E8A700B928405D38180BC05A092109AA12
:106F200028605D38284108AA29905D381E611EAA94
:106F3000C80BC05AE8A300B928805D38DE0BC05AE0
:106F4000DE03078B092109AA28A05D38284108AA79
:106F5000116111AA280AC05AE89F00B928C05D38FB
:106F600029D05D3830F05D382F305E38092109AA0C
:106F700028E05D382E705E382B905E38284108AAD4
:106F800029105E38106110AA34D05E38080AC05A41
:106F9000E89B00B928005E3836F05E3835305F383F
:106FA000092109AA28205E382DB05E38284108AA98
:106FB00029505E380F610FAA28405E38EA09C05A8E
:106FC000EF09C05AEF01078B092109AA28605E3832
:106FD000284108AA0E610EAA28805E38C909C05A45
:106FE0000B210BAA28A05E38684108AA2BC05E3886
:106FF0000D610DAAA809C05AAD09C05A6B2114AA87
:1070000034E05E38AD01078B6B4114AA34105F3851
:10701000766116AACB0AC05AEB9700B92B005F38ED
:10702000D60AC05A6B2114AA34205F386B4114AAC7
:1070300034505F38756115AAAB0AC05AEB9300B99A
:107040002B405F38B50AC05A6B2114AA34605F38F0
:107050006B4114AA34705F386B6114AA7409C05A6A
:10706000F47700B934805F386B09C05A37905F38C5
:107070001B704329942217AA37A05F38944217AA9D
:1070800037B05F38976217AAF40AC05AF48F00B974
:10709000F40AC05A37D05F38F43F00F934C05F3883
:1070A000942217AA37E05F38944217AA37F05F3866
:1070B000976217AAF40AC05AF48B00B9F40AC05AAE
:1070C000F44300F9141040B9F46300B9141440B942
:1070D000F46B00B9F43340F9977E7BD3F46340B985
:1070E000947E1B53F70214AA74031C4AFC6B40B92C
:1070F00094021C0A1C1C40B994021C4AFC6340B94F
:10710000F402148B172040B9F740378B9702178B86
:10711000F43740F98C01178BF76B40B9947E62D33A
:10712000F77E0253940217AA770314CA9703170A2B
:107130009C7F0253F7021BCA7B03078BF302138B5E
:10714000171C40B9F740378B7302178B977D1B5381
:10715000F7160CAAF702138BF33340F9737E62D350
:1071600073021CAA9C0213CA9C030C8A9C0314CAB7
:107170009402078B9A031A8B5B031B8BFA7E1B53BB
:107180005A1717AA5A031B8B9B7D02536C7B0CAAC0
:107190007B020CCA7B03178A7B0313CA7302078B1B
:1071A0007903198B3903148B547F1B5394161AAA35
:1071B0009402198BF97E0253377B17AA990117CADB
:1071C00039031A8A39030CCA3803188B597F0253C2
:1071D0001803138B937E1B53397B1AAA731614AAB8
:1071E0007302188BF80219CA1803148A180317CAF5
:1071F00018030C8B6C7E1B531E031E8B987E025350
:10720000187B14AA8C1513AA340318CA8C011E8B80
:107210009402138A940219CA9702178B340AC05A2F
:107220009402078B917D1B53F402148B31160CAA28
:107230003102148B747E0253947A13AA130314CA76
:1072400073020C8A730218CA7702198B130AC05A88
:107250007302078B307E1B53F302138B101611AA97
:107260001002138B937D0253737A0CAA8C0213CAFB
:107270008C01118A8C0114CA8C01188B8F010F8B21
:107280000C7E1B538C1510AA8C010F8B2F7E025382
:10729000F17911AA6F0211CAEF01108AEF0113CA26
:1072A000F401148BCF09C05AEF01078B8E7D1B535D
:1072B0008F020F8BCE150CAACE010F8B0F7E0253BF
:1072C000EF7910AA30020FCA10020C8A100211CAFC
:1072D0001002138B937D02530D020D8BD07D1B5337
:1072E000737A0CAA10160EAA10020D8BED0113CAA8
:1072F000AD010E8ACC02078BAD010FCAAD01118B17
:10730000D17D0253317A0EAAAD010C8B6E0211CAE7
:107310000C7E1B53CE01108A8C1510AACE0113CA05
:107320008C010D8BCE010F8B0F7E0253EF7910AACB
:10733000AD02078BCE010D8B30020FCA8D7D1B5322
:1073400010020C8AAD150CAA100211CAAD010E8BE9
:107350001002138B6E01078B73010A4A10020E8B09
:10736000AE7D1B53CE150DAACE01108B907D02531E
:10737000107A0CAAEC0110CA8C010D8A8C010FCA7C
:107380009101118BEC3F40F98C01078B31020C8B82
:10739000CC7D1B538C150EAA8C01118BB17D025331
:1073A000317A0DAA0D0211CAAD010E8AAD0110CAC3
:1073B000AF010F8BED4340F9AD01078BEF010D8B52
:1073C0008D7D1B53AD150CAAAD010F8BCF7D0253E4
:1073D000EE790EAAEFAF40B96F000F4A6F020F4A65
:1073E000F3FD5FD36F060FAA33020ECA73020C8A35
:1073F000D6020FCA730211CA7302108BF001078BF9
:107400007302108BB07D1B5310160DAA1002138B44
:10741000937D0253737A0CAAEC8F40B99401094A08
:10742000F7B35429F89740B94C000C4AE302034AD9
:107430008C020C4AFB7740B9FA67522994FD5FD35E
:107440008C060CAAD40113CA94020D8AB5020CCA88
:1074500094020ECA9402118B9101078B9402118B36
:10746000117E1B53311610AA3102148BB47D0253C6
:107470008D7A0DAAF48B40B99402084A8302034A1C
:1074800074FC5FD3830603AA74020DCA9402108AA7
:107490006B0103CA940213CA94020E8B6E00078B11
:1074A00094020E8B2E7E1B53CE1511AACE01148B87
:1074B000147E0253947A10AAF0A340B90202024A41
:1074C000C20202CAF6A340B9507C1F53020602AAA8
:1074D000B00114CA1002118A10020DCA1302138BD4
:1074E0005000078B7302108BD07D1B5310160EAA11
:1074F0001002138B337E0253737A11AAF19F40B9A5
:107500003102174AB10211CA357E1F53B10611AAC2
:10751000950213CAB5020ECAB5020D8B2D02068B59
:10752000B5020D8B0D7E1B53AD1510AAAD01158B49
:10753000D57D0253B57A0EAAEE9B40B9CE01164A0C
:107540006E010ECACB7D1F536E050EAA6B0215CAC3
:107550006B0110CA7401148BCB01068B94020B8B48
:10756000AB7D1B536B150DAA6B01148B147E02535C
:10757000947A10AAF03F40F9160202CAF09F40B96F
:107580005001104A0A010A4AD00210CA167E1F533F
:10759000D00610AAB60214CAD6020DCAD602138BA0
:1075A0001302068BD602138B737D1B5373160BAA23
:1075B0007302168BB67D0253D67A0DAAED4340F9BD
:1075C000B70111CAED9B40B92D010D4A0903094AC3
:1075D000ED020DCAF89340B9B77D1F530803084A5E
:1075E000ED060DAA970216CAF7020BCAF702158B11
:1075F000B501068BF702158B757E1B53B51613AAC2
:10760000B502178B777D0253EB7A0BAAF7010ECAEE
:10761000EA020ACA577D1F53EA060AAAD7020BCA12
:10762000F70213CA58000ACAF702148B5401068BDA
:10763000F702148BB47E1B53941615AA9402178B71
:10764000777E0253F37A13AA970110CAE90209CA96
:10765000377D1F53E90609AA770113CAF70215CA35
:10766000F702168B3601068BF702168B967E1B539C
:10767000D61614AAD602178BB77E0253F57A15AA2E
:1076800077000DCAE80208CA177D1F53E80608AA4A
:10769000770215CAF70214CAEB020B8B1701068B8F
:1076A0006B01178BD77E1B53F71616AAF7020B8BAD
:1076B0008B7E0253747914AAEB7740B96B01194A97
:1076C000F98F40B90B030BCA39031A4ADA0108CA09
:1076D000787D1F530B070BAAB80214CA180316CAE9
:1076E0001803138B7301068B1803138BF37E1B5344
:1076F000731617AA7302188BD87E0253167B16AA2C
:10770000380209CA180319CA197F1F53380718AA63
:10771000990216CA390317CABC0118CA3503158B5A
:107720001903068BB502198B797E1B53391713AADF
:107730003903158BF57E0253B77A17AAF58B40B93A
:10774000B5021B4A7B7E0253550315CA7B7B13AAE5
:10775000BA7E1F53550715AADA0217CA5A0313CA6D
:10776000F33F40F95403148BBA02068B94021A8B30
:107770003A7F1B535A1719AA73020FCA5A03148B64
:1077800014020BCA930213CAEF0103CA747E1F537B
:10779000930613AAF4021BCA940219CA9402168B08
:1077A0007602068B9402168B567F1B53D6161AAAA6
:1077B000D602148B347F0253997A19AAF44340F904
:1077C00094020CCA8C0102CA940314CA42000ECA65
:1077D000CE010DCAAD0109CA9C7E1F53940714AA9D
:1077E0007C0319CA9C031ACA1E0114CA9C03178B76
:1077F0009702068B9C03178BD77E1B53F71616AA8E
:10780000F7021C8B5C7F02539A7B1AAA5C0115CA93
:107810008F030FCAFC7D1F538F070FAA3C031ACAA0
:107820009C0316CA9C031B8BFB01068B9C031B8BC2
:10783000FB7E1B537B1717AA7B031C8BDC7E02533A
:10784000967B16AA3C0113CA8C030CCA29010BCAE9
:107850009C7D1F538C070CAA5C0316CA9C0317CA95
:107860009C03198B9901068B9C03198B797F1B5301
:1078700039171BAA39031C8BFC7E02539C7B17AA69
:10788000770011CAD70317CA310210CA10020ACAF8
:107890004A0108CAE37E1F53080118CA770417AAD1
:1078A000C3021CCA63001BCA7A001A8BE302068B50
:1078B0005A03038B237F1B53631419AA63001A8B8B
:1078C0007A7F02535A7B1BAA7B010FCA620302CA4A
:1078D0006B0115CA5B7C1F53620702AA9B031ACA7D
:1078E0007B0319CA7B03168B5600068B7B03168B12
:1078F000767C1B53D61603AAD6021B8B3B7F025302
:10790000797B19AA1B030CCA31021BCA180313CABC
:107910003B7E1F53710711AA5B0319CA7B0303CA7D
:107920007C031C8B3B02068B9C031B8BDB7E1B5357
:107930007B1716AA7B031C8B7C7C0253837B03AAD8
:10794000BC0217CACE011CCAB50214CADC7D1F5383
:107950008E070EAA3C0303CA9C0316CA9C031A8B0B
:10796000DA01068B9C031A8B7A7F1B535A171BAACA
:107970005A031C8BDC7E0253967B16AA7C0202CA39
:1079800010021CCA5E7F0253DE7B1AAA73020FCA62
:107990001C7E1F53900710AA7C0016CA9C031BCAAA
:1079A0009C03198B1902068B9C03198B597F1B535F
:1079B00039171AAA39031C8B7C7F02539B7B1BAAA5
:1079C0009C0211CAAD011CCA94020CCABC7D1F5393
:1079D0008D070DAADC021BCA9C031ACAFA010ECA43
:1079E0008303038BBC01068B63001C8B5A011ACAEC
:1079F0003C7F1B532A031E8A9C1719AAEF0117CA42
:107A00009C03038B437F1F537A041AAA23031EAAE5
:107A100063001B8A63000AAA4A03058B6300168B66
:107A2000367F025363000A8B8A7F1B534A151CAAB8
:107A3000D67A19AA4A01038B830110CA290103CA05
:107A40009903168A8C0102CA237D1F53690409AA6F
:107A5000830316AA63001E8A790019AA2301058BE5
:107A600039031B8BFB020DCA3903038B437D1B5368
:107A700063140AAA08011BCA6300198B997F025379
:107A8000397B1CAA1B7D1F53680708AA5B0119AA32
:107A90007B03168A5C01198A7C031CAA1B01058BD7
:107AA0009C031E8BF70211CA9C031B8B7B7C1B5310
:107AB0007B1703AA7B031C8B5C7D02538A7B0AAA7B
:107AC0005C001ACA8B030BCA7E000A8A42000ECAE7
:107AD0007C7D1F538B070BAA7C000AAA9C03198A82
:107AE0009C031EAA9603168B7C01058BD6021C8B69
:107AF0007C7F1B539C171BAA9C03168B767C02531E
:107B0000C37A03AA360209CA160316CA7E03038A79
:107B1000310210CAD87E1F53160716AA780303AA8B
:107B200018030A8A18031EAA1903198BD802058B99
:107B30003903188B987F1B5318171CAA1803198B2D
:107B4000797F0253397B1BAADB0108CAB5021BCA25
:107B50009E03198ACE010DCABB7E1F53750715AA55
:107B60009B0319AA7B03038A7B031EAA7B030A8B50
:107B7000AA02058B7B030A8B0A7F1B534A1518AA9E
:107B80004A011B8B9B7F02537B7B1CAA1C020BCAE6
:107B900073021CCA1E031B8A10021ACA7C7E1F5362
:107BA000930713AA1C031BAA9C03198A9C031EAAF1
:107BB0009C03038B6302058B9C03038B437D1B5348
:107BC00063140AAA63001C8B1C7F0253987B18AABB
:107BD000BC0116CA94021CCA5E01188AAD0109CA0A
:107BE0009C7E1F53940714AA5C0118AA9C031B8A4D
:107BF0009C031EAA9C03198B9902058B9C03198B6D
:107C0000797C1B53391703AA39031C8B5C7D025303
:107C10008A7B0AAA5C0315CAEF011CCA7E000A8A85
:107C20005A0308CAFC7D1F538F070FAA7C000AAABB
:107C30009C03188A9C031EAA9C031B8BFB01058BCB
:107C40009C031B8B3B7F1B537B1719AA7B031C8B4D
:107C50007C7C02539C7B03AA230113CA8C0103CAB8
:107C60003E031C8A837D1F536C040CAA23031CAAA9
:107C700063000A8A63001EAA7E7F1B536300188B71
:107C80009801058B6300188BDE171BAADE03038B9C
:107C9000237F0253797819AA030114CAF70203CA91
:107CA0007803198A080116CAE37E1F53770417AABE
:107CB000630319AA63001C8A630018AA78010FCA1B
:107CC0006A000A8BE302058B4A01038BC37F1B53B7
:107CD00063141EAA580018CA63000A8B6A7F0253F5
:107CE0005B791BAA027F1F53580418AAC2031BAA60
:107CF0004200198ACA031B8A4A000AAA0203058B9A
:107D00004A011C8BDC7F02534A01028B627C1B53AD
:107D1000421403AA9C7B1EAA42000A8BCA020CCA08
:107D200031020ACA7E001C8AD60213CA2A7E1F5359
:107D3000510511AA6A001CAA4A011B8A4A011EAAFF
:107D40004A01198B3902058B4A01198B597C1B5347
:107D5000391702AA39030A8B6A7C0253437903AAB2
:107D6000AA0217CACA010ACA5E00038A4E7D1F53BF
:107D7000CA050AAA4E0003AACE011C8ACE011EAA79
:107D80005E7C0253CE011B8B5B01058BCE011B8BEE
:107D90003B7F1B537B1719AADE7B02AA7B030E8B4A
:107DA0006E0218CA0E020ECA30031E8A73020FCA70
:107DB000C27D1F534E040EAA22031EAA4200038A4C
:107DC000420010AAD001058B42001C8B4200108B90
:107DD000707F1B5310161BAA1002028B227F0253C6
:107DE000597819AA820211CAA20102CA7C03198A0F
:107DF0004D7C1F53A20502AA6D0319AAAD011E8A6C
:107E0000AD011CAA1C7E1B53AD01038B4300058BE7
:107E1000AD01038B9C1710AA9C030D8BED010ACAC0
:107E20004D030DCA637F02537B781BAAEF0117CA6B
:107E3000A37D1F531A021B8A6D040DAA03021BAAFD
:107E40006300198A63001AAABA01058B63001E8BAE
:107E50009E010ECA63001A8B9A7F1B535A171CAAE5
:107E60005A03038B037E0253707810AA23010BCAB6
:107E7000C30303CA9E03108A6B0115CAB50214CA54
:107E8000697C1F5394020CCA230503AA890310AA14
:107E900029011B8A8C0118CA29011EAA2901198BE4
:107EA0007900058B2901198B597F1B5339171AAAA1
:107EB0003903098B897F02533C791CAAE90202CA63
:107EC000090109CA5E031C8AF70211CA287D1F53E3
:107ED000090509AA48031CAA0801108A08011EAA5C
:107EE00008011B8B3B01058B08011B8B3B7F1B5340
:107EF0007B1719AA7B03088B487F02531A791AAAA9
:107F000008030DCA680108CA3E031A8A18030ACA80
:107F10000B7D1F53680508AA2B031AAA6B011C8A44
:107F20006B011EAA7001108B0B01058B10020B8BCD
:107F30006B7F1B536B151BAA6B01108B307F025399
:107F4000197A19AA300203CAD00210CA31020ECA25
:107F5000167E1F53D00610AA560319CAD6021BCA92
:107F6000DC021C8B1602048B9C03168B767D1B5344
:107F7000D6160BAAD6021C8B7C7F02539B7B1BAAB6
:107F80005C0109CAB5021CCA4A0102CABC7E1F5361
:107F9000950715AA3C031BCA9C030BCA9C031A8BAA
:107FA000BA02048B9C031A8BDA7E1B535A1716AA4B
:107FB0005A031C8B7C7D02539C7B0BAACB0108CA05
:107FC00073020BCACE010DCA6B7E1F53730513AA31
:107FD0006B031CCA6B0116CA6B01198B7902048BE7
:107FE0006B01198B597F1B5339171AAA39030B8B55
:107FF000CB7E0253767916AA4B0010CA8B020BCAAD
:10800000420003CA747D1F538B060BAA940316CA41
:1080100094021ACA9B021B8B7401048B7B03148B82
:10802000347F1B53941619AA94021B8B5B7F025357
:108030007A7B1AAABB0115CAEF011BCAAD0109CA96
:10804000FB7D1F536F070FAADB021ACA7B0319CAF5
:108050007C031C8BFB01048B9C031B8B9B7E1B53A3
:108060007B1714AA7B031C8B3C7F0253997B19AAB4
:108070007C0013CA8C011CCA630008CA9C7D1F5374
:108080008C070CAA5C0319CA9C0314CA9C03168BA8
:108090009601048B9C03168B767F1B53D6161BAA66
:1080A000D6021C8B9C7E02539C7B14AA34010BCA03
:1080B000F40214CA290110CA977E1F53F40614AAA9
:1080C00037031CCAF7021BCAF7021A8B9A02048BE9
:1080D000F7021A8BDA7E1B535A1716AA5A03178B0C
:1080E000777F0253FB7A1BAA17010FCA170317CA1F
:1080F000080115CAF87E1F53170717AA98031BCA51
:10810000180316CA1903198BF802048B3903188B4C
:10811000587F1B5318171AAA1803198BD97E0253BC
:10812000367B16AA19020CCA310219CA100213CAE8
:10813000397E1F53310711AA790316CA39031ACAA7
:108140003C031C8B3902048B9C03198B197F1B5336
:10815000391718AA39031C8B5C7F02539A7B1AAA21
:10816000BC0214CA4A011CCAB5020BCA5C7D1F536B
:108170008A070AAADC021ACA9C0318CA9C031B8B32
:108180005B01048B9C031B8B3B7F1B537B1719AA42
:108190007B031C8B1C7F0253987B18AA7C0217CA96
:1081A000CE011CCA73020FCADC7D1F538E070EAAB4
:1081B0005C0318CA9C0319CA9C03168BD601048B56
:1081C0009C03168B767F1B53D6161BAAD6021C8BDC
:1081D0003C7F0253997B19AA7C0111CA820302CA0F
:1081E0006B010CCA5C7C1F53820702AA1C0319CACC
:1081F0009C031BCA940202CA9C031A8B5A00048B6C
:108200009C031A8BDA7E1B535A1716AA340114CA20
:108210005A031C8B7C7F02539B7B1BAAFC010ACA5E
:10822000AD011CCA897E1F53340514AABC7D1F539F
:108230008902048B8D070DAA3C031BCA9C0316CA36
:10824000F7020DCA9C03188BB801048B9C03188B92
:10825000587F1B5318171AAA170117CA18031C8B2B
:10826000DC7E0253967B16AA9C010ECA7C001CCAB7
:10827000E87E1F53170517AA4A0114CA837F1F53AC
:10828000E802048B7C041CAA630316CA63001ACAA2
:1082900031021CCA7900198B8303048B3903038BC9
:1082A000037F1B53631418AA100211CA6300198BB1
:1082B000597F0253397B1AAAB5020ACADA0219CACF
:1082C000CE0117CA5A0318CA73020ECA5A031B8B6F
:1082D0005A03098B697C1B53291503AA29011A8BA0
:1082E0001A7F02535A7B18AA2D031ACAAD0103CA7A
:1082F000AD01168BAD01088B287D1B53081509AA0B
:1083000008010D8B6D7C0253AD7903AA037E1F53C8
:10831000700410AA43030DCA630009CA1102048B3A
:108320006300198B0A7D02536300118B117D1B536F
:10833000311608AA420010CA3102038B237D025372
:10834000637809AAA97E1F53350515AAA90103CA96
:10835000290108CAB502048B29011A8B487908AA99
:10836000B502098B6A7E1F53297E1B53530513AA3E
:10837000291511AA6A0008CA2901158B6B0102CAC6
:108380004A0111CA7302048B4A010D8B2D7E0253E0
:1083900073020A8BAD7911AA2A7D1B53627D1F538C
:1083A0004A1509AA4B040BAA02010DCA4A01138BF4
:1083B000420009CA6B01048B4200038BE36340B99E
:1083C0006B01028B427D1B5342140AAA29098913AF
:1083D00042000B8B6200020B021000B9E26B40B945
:1083E00042000A0B021400B9021840B92901020B1D
:1083F000021C40B942000D0B09080329022040B9B4
:108400004200080B022000B9E27340B94204005157
:10841000E27300B95F0400318151FF54F35341A965
:10842000F55B42A9F76343A9F96B44A9FB7345A91E
:10843000FD7BCBA8C0035FD6C0035FD6FD7BBBA985
:10844000FD030091F35301A9F40300AAF303022AE8
:10845000F55B02A916088052F50301AAF76303A988
:10846000F92300F9000040F9171440924000000B76
:10847000800200F9F903172AD602174B1F4022EB9E
:1084800082000054800640F900040091800600F943
:10849000FF0200F1C212537AC80100547302015165
:1084A000E10315AA98920091B502168B3303130BC2
:1084B0000003178B170080D2E20316AA5212009411
:1084C000E10318AAE00314AA220080524DFAFF9794
:1084D000627E0653E10315AAE00314AA49FAFF9746
:1084E000621600728001005473667A928092009145
:1084F000F92340F9A102138BF35341A90000178B14
:10850000F55B42A942144092F76343A9FD7BC5A8DD
:108510003D120014F35341A9F55B42A9F76343A947
:10852000F92340F9FD7BC5A8C0035FD642000034A3
:10853000C3FFFF17C0035FD6FD7BBDA9FD030091FC
:10854000F35301A9F40301AAF30300AA010840A907
:1085500023FC5DD3620C02AA030780D24208C05AF2
:10856000E22B00B922F07DD321144092630001CBAD
:108570003FDC00F14208C05AE22F00B9020F80D25E
:10858000420001CB4280839AE10000F021881491DF
:10859000E7FFFF97E1A30091E00313AA02018052D5
:1085A000A7FFFF97604E403980020039602640796E
:1085B00080060039601240B9007C0853800A0039F7
:1085C000601240B9800E0039605E40398012003977
:1085D000602E407980160039601640B9007C08533F
:1085E000801A0039601640B9801E0039606E40392B
:1085F000802200396036407980260039601A40B9FF
:10860000007C0853802A0039601A40B9802E003956
:10861000607E403980320039603E407980360039D2
:10862000601E40B9007C0853803A0039601E40B992
:10863000803E0039608E4039804200396046407982
:1086400080460039602240B9007C0853804A0039D6
:10865000602240B9804E0039F35341A9FD7BC3A885
:10866000C0035FD6FD7BB5A9FD030091F35301A9BB
:10867000F30300AA7442218BE0230191F55B02A968
:10868000F603032AF71B00F9F70302AACEF9FF97B6
:108690007F0214EB23010054E10317AAE0230191A8
:1086A000A6FFFF97F35341A9F55B42A9F71B40F9D9
:1086B000FD7BCBA8C0035FD6950213CBE10313AAC1
:1086C000DF02156BE0230191D532951AE203152ADA
:1086D00073C2358B96FFFF9737F6FF97EDFFFF17B5
:1086E000FD7BB5A9FD030091F35301A9F30300AA93
:1086F0007442218BE0230191F55B02A9F603032A62
:10870000F71B00F9F70302AA150000947F0214EB8F
:1087100023010054E10317AAE02301915D080094AE
:10872000F35341A9F55B42A9F71B40F9FD7BCBA8A8
:10873000C0035FD6950213CBE10313AADF02156BCA
:10874000E0230191D532951AE203152A73C2358BC5
:108750004D08009418F6FF97EDFFFF17E1CC9C52EF
:108760001F7C00292141AD72010800B9A1D09552AA
:10877000E16CB772010C00B9416E9E52C18DA772B7
:10878000011000B941A79E52E1A9B472011400B9C9
:10879000E14F8A52C121AA72011800B981118D528C
:1087A000A160B372011C00B961359B5261F0A372E4
:1087B000012000B921A39952017CAB72012400B9B8
:1087C000C0035FD6C2FE0034FD7BB9A9420400514C
:1087D000FD030091F35301A9F55B02A9F76303A917
:1087E000F96B04A9FB7305A9E26F00B922004039B7
:1087F0002100019123105C3837305C3838705C38C8
:10880000432003AA22205C383AB05C3839F05C3847
:10881000624002AA23505C38576017AA22405C3895
:1088200034305D38F70AC05A33705D38422003AAED
:1088300023605C383EB05D3831F05D38424003AAB9
:1088400023905C38586018AA22805C38180BC05AF4
:10885000422003AA23A05C38424003AA23D05C38FC
:108860005A601AAA22C05C385A0BC05A422003AA86
:1088700023E05C38424003AA23105D38596019AAEE
:1088800022005D38390BC05A422003AA23205D38EC
:10889000424003AA23505D38546014AA22405D3838
:1088A000940AC05A422003AA23605D38424003AABA
:1088B00023905D38536013AA22805D38730AC05A32
:1088C000422003AA23A05D38424003AA23D05D388A
:1088D0005E601EAA22C05D38DE0BC05A422003AA89
:1088E00023E05D38424003AA516011AA22005E389D
:1088F00023105E38310AC05A30305E382F705E382F
:10890000422003AA23205E382EB05E382DF05E3858
:10891000424003AA23505E38506010AA22405E38BD
:108920002B305F38100AC05A2A705F38422003AAE1
:1089300023605E382CB05F3836F05F38424003AABF
:1089400023905E384F600FAA22805E38EF09C05A2C
:10895000422003AA23A05E38424003AA23D05E38F7
:108960004E600EAA22C05E38CE09C05A422003AA29
:1089700023E05E38424003AA23105F384D600DAA01
:1089800022005F38AD09C05A422003AA23205F3875
:10899000424003AA23505F384B600BAA22405F3845
:1089A0006B09C05A422003AA23605F38424003AAE1
:1089B00023905F384A600AAA22805F384A09C05A69
:1089C000422003AA23A05F38424003AA23D05F3885
:1089D0004C600CAA22C05F388C09C05A422003AAFE
:1089E00023E05F38424003AA566016AA021840B935
:1089F000042040B9D60AC05A07184129432C8213D3
:108A00006318C24A6364C24A021C40B94200044A65
:108A1000041840B94200040A042040B94200044A44
:108A200004F385526200020B032440B94451A8723A
:108A30006300040B040C40B94200030B031440B95B
:108A40004200170BF701170B6900020B030840B92E
:108A500065348313A508C34AA558C34A6300042A92
:108A6000041040B96300040A040840B98400060AEF
:108A70006300042A24928852A500030BE426AE72F8
:108A8000A500020B020C43294200034A4200090AD6
:108A90004200034A032040B94200180B6300040B54
:108AA000A43485134200030B232D89136318C94A8C
:108AB0008408C54A6364C94A8458C54A4200030B06
:108AC000031040B96800020B030840B96300052A8F
:108AD0006300060A060840B9C600050A6300062AB4
:108AE000E6799F528400030B031840B98400020BFF
:108AF000021840B906B8B6724200094A4200080A94
:108B00004200034A031C40B942001A0B6300060BE3
:108B1000A600042A4200030B032D88136318C84AD9
:108B2000C600070A6364C84AA700040A4200030B90
:108B3000030C40B9C600072A2701084A7B00020B34
:108B4000833484136308C44AE7001B0A6358C44A89
:108B5000E700094A6300060BA6749B526300020BF0
:108B6000021840B9E700190BA636BD724200060B89
:108B70009500032AE700020B622F9B134218DB4A81
:108B80009C00030A4264DB4AB502050AE700020BB7
:108B9000020840B9B5021C2A4600070B6234831351
:108BA0004208C34A4258C34A4200150B4200070B11
:108BB00007011B4AE700060A7500022AE700084A77
:108BC0007C00020AE700090B694B9852C92AA77278
:108BD0008902090BE700090BC92C86132919C64A1B
:108BE000B502040A2965C64AB5021C2AE700090B2A
:108BF000493482132909C24AA500070B2959C24AE0
:108C00002901150B2901070B6703064AE700050A2E
:108C10005500092AE7001B4A5C00090AE700080B17
:108C2000283E8252283EAB726802080BE700080B10
:108C3000A82C85130819C54AB502030A0865C54A58
:108C4000B5021C2AE700080B283589130809C94A10
:108C50008400070B0859C94A0801150BD500054ABD
:108C6000B502040A0801070BB502064A8754905260
:108C7000B5021B0BE747B272C703070B3B01082A7B
:108C8000B502070B872C8413E718C44A3C01080A75
:108C9000E764C44A7B03020AB502070B0735881351
:108CA000E708C84A7B031C2AE758C84A6300150B2B
:108CB000E7001B0BE700150BB500044AB502030AD9
:108CC0001B01072AB502054A1C01070AB502060B5B
:108CD000A6DA8B528663B5722602060BB502060B26
:108CE000662C8313C618C34A7B03090AC664C34AA9
:108CF0007B031C2AB502060BE6348713C608C74A55
:108D00004200150BC658C74AC6001B0BC600150B00
:108D10009500034AB502020AFB00062AB502044A7E
:108D2000FC00060AB502050B05539552E500BB721F
:108D30000502050BB502050B452C8213A518C24A86
:108D40007B03080AA564C24A7B031C2AB502050BF3
:108D5000C5348613A508C64A2901150BA558C64A6D
:108D6000A5001B0BA500150B7500024AB502090AE8
:108D7000DB00052AB502034ADC00050AB502040B34
:108D800024608B526450A272E401040BB502040B00
:108D9000242D89138418C94A7B03070A8464C94AAD
:108DA0007B031C2AB502040BA43485138408C54A2E
:108DB0000801150B8458C54A84001B0B8400150B51
:108DC0005500094AB502080ABB00042AB502024A46
:108DD000BC00040AB502030BC3B790522386A472E9
:108DE000C301030BB502030B032D88136318C84A94
:108DF0007B03060A6364C84A7B031C2AB502030B83
:108E0000833484136308C44AE700150B6358C44ACB
:108E100063001B0B6300150B3501084AB502070AF6
:108E20009B00032AB502094A9C00030AB502020B03
:108E300062B88F5282A1AA72A201020BB502020B84
:108E4000E22C87134218C74A7B03050A4264C74ACB
:108E50007B031C2AB502020B623483134208C34A07
:108E6000C600150B4258C34A42001B0B4200150BAB
:108E70001501074AB502060A7B00022AB502084A14
:108E80007C00020AB502090B89AE8B52C957AE723B
:108E90006901090BB502090BC92C86132919C64AA9
:108EA0007B03040A2965C64A7B031C2AB502090B09
:108EB000493482132909C24AA500150B2959C24A0F
:108EC00029011B0B2901150BF500064AB502050AFD
:108ED0005B00092AB502074A5C00090AB502080BC3
:108EE000C83F9652C81BB0724801080BB502080B68
:108EF000A82C85130819C54A7B03030A0865C54ACF
:108F00007B031C2AB502080B283589130809C94AB6
:108F10008400150B0859C94A08011B0B0801150BE1
:108F2000D500054AB502040A3B01082AB502064AE3
:108F30003C01080AB502070BE7D48052877BB37265
:108F40008701070BB502070B872C8413E718C44A67
:108F50007B03020AE764C44A7B031C2AB502070BA1
:108F600007358813E708C84A6300150BE758C84A55
:108F7000E7001B0BE700150BB500044AB502030A16
:108F80001B01072AB502054A1C01070AB502060B98
:108F9000862E9E526633B872C602060BB502060BC9
:108FA000662C8313C618C34A7B03090AC664C34AE6
:108FB0007B031C2AB502060BE6348713C608C74A92
:108FC0004200150BC658C74AC6001B0B9B4D8C139D
:108FD000C600150B154B98137B47CC4AB51ED84AD3
:108FE0007B2B4C4AB50E584A7503150BFB00062A1D
:108FF000B502170B9700034AF702020AFC00060AA3
:10900000F702044A7B03080AF702050B25388D5244
:109010006593BC72A502050BF702050B452C821364
:10902000A518C24A7B031C2AA564C24AD801180BA2
:10903000F702050BC5348613A508C64A2901170B8C
:10904000A558C64AA5001B0BDB4E9613A500170BAF
:10905000574B9A137B47D64AF71EDA4A7B2B564A60
:10906000F70E5A4A7703170BDB00052AF702180B95
:109070007800024A1803090ADC00050A1803034AAB
:109080007B03070A1803040BC4F08852C4F7BD72AF
:10909000E402040B1803040B242D89138418C94A15
:1090A0007B031C2A8464C94ABA011A0B1803040BF7
:1090B000A43485138408C54A0801180B8458C54A8E
:1090C00084001B0BBB4E95138400180B384B99136F
:1090D0007B47D54A181FD94A7B2B554A180F594A46
:1090E0007803180BBB00042A18031A0B5A00094A0C
:1090F0005A03080ABC00040A5A03024A7B03060A00
:109100005A03030BC3B8935223F8A1720303030B52
:109110005A03030B032D88136318C84A7B031C2AC8
:109120006364C84A7901190B5A03030B833484130F
:109130006308C44AE7001A0B6358C44A63001B0B58
:10914000FB4E971363001A0B9A4A94137B47D74A36
:109150005A1FD44A7B2B574A5A0F544A7A031A0B88
:109160009B00032A5A03190B3901084A3903070ADD
:109170009C00030A3903094A7B03050A3903020BE1
:10918000823994528281A4724203020B3903020B8A
:10919000E22C87134218C74A7B031C2A4264C74A41
:1091A0005401140B3903020B623483134208C34A7F
:1091B000C600190B4258C34A42001B0B1B4F9813A1
:1091C0004200190B794A93137B47D84A391FD34A77
:1091D0007B2B584A390F534A7903190B7B00022A1B
:1091E0003903140B1401074A9402060A7C00020A90
:1091F0009402084A7B03040A9402090BE98D855204
:1092000029BDA5722903090B9402090BC92C8613E9
:109210002919C64A7B031C2A2965C64A9301130BE8
:109220009402090B493482132909C24AA500140B80
:109230002959C24A29011B0B5B4F9A132901140BB0
:10924000D44B9E137B47DA4A941EDE4A7B2B5A4A44
:10925000940E5E4A7403140B5B00092A9402130BEC
:10926000F300064A7302050A5C00090A7302074A02
:109270007B03030A7302080B48959052884EA9722B
:109280008802080B7302080BA82C85130819C54A1D
:109290007B031C2A0865C54ADE021E0B7302080BFD
:1092A000283589130809C94A8400130B0859C94A8B
:1092B00008011B0B3B4F99130801130B334A911301
:1092C0007B47D94A731ED14A7B2B594A730E514AA8
:1092D0007303130B3B01082A73021E0BDE00054AC1
:1092E000DE03040A3C01080ADE03064A7B03020A85
:1092F000DE03070B873B95520796AB726702070B9D
:10930000DE03070B872C8413E718C44A7B031C2A4F
:10931000E764C44ADE03070B07358813E708C84A29
:1093200063001E0BE758C84AE7001B0B1B4A90134B
:109330007B1FD04AE7001E0B7B0F504A9E4E9413B2
:109340007B03110BDE47D44AB100044ADE2B544A9A
:109350003102030ADE03150B3102054ADE031B0B43
:109360003102060B461B915226DFAE72C603060B76
:109370003102060B662C8313C618C34A1B01072A49
:10938000C664C34A1C01070A3102060BE634871380
:10939000C608C74A7B03090A7B031C2AC658C74A6A
:1093A000C6001B0B4200110BC600110BF1498F13B5
:1093B000311ECF4AFB00062A310E4F4AFC00060A36
:1093C0003102100B704E93131046D34A7B03080AE8
:1093D000102A534A7B031C2A1002170B3102100B70
:1093E0009000034A1002020A1002044A1002050B00
:1093F000452A8A52C507B3722502050B1002050BD8
:10940000452C8213A518C24AA564C24A1002050B56
:10941000C5348613A508C64A2901100BA558C64AAB
:10942000A5001B0BA500100BD0498E13101ECE4AB1
:10943000DB00052A100E4E4ADC00050A10020F0B55
:10944000CF4F9E13EF45DE4A7B03070AEF295E4AA2
:109450007B031C2AEF01180B10020F0B6F00024A4E
:10946000EF01090AEF01034AEF01040BA4CD985262
:109470002406B5720402040BEF01040B242D89139A
:109480008418C94A8464C94AEF01040BA4348513C3
:109490008408C54A08010F0B8458C54A84001B0B79
:1094A00084000F0BAF498D13EF1DCD4ABB00042A7A
:1094B000EF0D4D4ABC00040AEF010E0B2E4E911326
:1094C000CE45D14A7B03060ACE29514A7B031C2A8A
:1094D000CE011A0BEF010E0B4E00094ACE01080A0D
:1094E000CE01024ACE01030B03F984526300B67227
:1094F000E301030BCE01030B032D88136318C84A45
:109500006364C84ACE01030B833484136308C44ADE
:10951000E7000E0B6358C44A63001B0B63000E0B7D
:109520006E498B13CE1DCB4A9B00032ACE0D4B4AAE
:109530009C00030ACE010D0B0D4E9013AD45D04A91
:109540007B03050AAD29504A7B031C2AAD01190B88
:10955000CE010D0B2D01084AAD01070AAD01094AE4
:10956000AD01020BE2F88F5222EBB772C201020B7F
:10957000AD01020BE22C87134218C74A4264C74A66
:10958000AD01020B623483134208C34AC6000D0BBF
:109590004258C34A42001B0B5B498A137B1FCA4ACD
:1095A00042000D0B7B0F4A4AED4D8F137B030B0BD3
:1095B000AD45CF4A0B01074AAD294F4A6B01060A58
:1095C000AD01140B6B01084AAD011B0B6B01090BBC
:1095D000697E815209DCB872A901090B6B01090B84
:1095E000C92C86132919C64A7B00022A2965C64A56
:1095F0007C00020A6B01090B493482132909C24A13
:109600007B03040A7B031C2A2959C24A29011B0B2C
:10961000A5000B0B29010B0B8B498C136B1DCC4A3E
:109620005B00092A6B0D4C4A5C00090A6B010A0BAE
:10963000CA4D8E134A45CE4A7B03030A4A294E4A35
:109640007B031C2A4A01130B6B010A0BEA00064A32
:109650004A01050A4A01074A4A01080BE8289252C2
:10966000E8B4BA726801080B4A01080BA82C8513EC
:109670000819C54A0865C54A4A01080B28358913E7
:109680000809C94A84000A0B0859C94A08011B0B7A
:1096900008010A0BCA4A96134A1DD64A3B01082AFA
:1096A0004A0D564A3C01080A4A010C0BAC4D8D1379
:1096B0008C45CD4A7B03020A8C294D4A7B031C2A28
:1096C0008C011E0B4A010C0BCC00054A8C01040ACC
:1096D0008C01064A8C01070B276A8C5247D9A0726D
:1096E0004701070B8C01070B872C8413E718C44A2A
:1096F000E764C44A8C01070B07358813E708C84A9A
:1097000063000C0BE758C84AE7001B0BE7000C0B83
:10971000AC4A95138C1DD54A1B01072A8C0D554A5E
:109720001C01070A8C01160B764D8B13D646CB4ACB
:109730007B03090AD62A4B4A7B031C2AD602110B4B
:109740008C01160BB600044AD602030AD602054A5B
:10975000D602060BE62C85522685A2728601060BE0
:10976000D602060B662C8313C618C34AC664C34AC6
:10977000D602060BE6348713C608C74A4200160B0A
:10978000C658C74AC6001B0BC600160BF64A9713ED
:10979000D61ED74AFB00062AD60E574AFC00060AF8
:1097A000D602150B554D8A13B546CA4A7B03080AE3
:1097B000B52A4A4A7B031C2AB502100BD602150BA8
:1097C0009500034AB502020AB502044AB502050B28
:1097D000A5508152E5F6A472C502050BB502050B32
:1097E000452C8213A518C24AA564C24AB502050BCE
:1097F000C5348613A508C64A2901150BA558C64AC3
:10980000A5001B0BA500150B154B9813B51ED84AC8
:10981000DB00052AB50E584ADC00050AB502170B15
:10982000974D8C13F746CC4A7B03070AF72A4C4A1C
:109830007B031C2AF7020F0BB502170B7700024AB5
:10984000F702090AF702034AF702040B04278452BD
:1098500064C3A572A402040BF702040B242D891320
:109860008418C94A8464C94AF702040BA4348513D6
:109870008408C54A0801170B8458C54A84001B0B8D
:109880008400170B574B9A13F71EDA4ABB00042AC1
:10989000F70E5A4ABC00040AF702180BD84E96136A
:1098A0001847D64A7B03060A182B564A7B031C2A04
:1098B00018030E0BF702180B5800094A1803080A80
:1098C0001803024A1803030B83BF8D5283A5A972A4
:1098D000E302030B1803030B032D88136318C84A14
:1098E0006364C84A1803030B833484136308C44AAF
:1098F000E700180B6358C44A63001B0B6300180B86
:10990000384B9913181FD94A9B00032A180F594A3C
:109910009C00030A18031A0BBA4E95135A47D54AEE
:109920007B03050A5A2B554A7B031C2A5A030D0B4D
:1099300018031A0B3A01084A5A03070A5A03094A3C
:109940005A03020B62A281520267AA720203020B3F
:109950005A03020BE22C87134218C74A4264C74AD3
:109960005A03020B623483134208C34AC6001A0B1F
:109970004258C34A42001B0B42001A0B9A4A9413E6
:109980005A1FD44A7B00022A5A0F544A7C00020A0A
:109990005A03190BF94E97133947D74A7B03040A28
:1099A000392B574A7B031C2A39030B0B5A03190B1B
:1099B0001901074A3903060A3903084A3903090B12
:1099C000896A8E5249A1AC724903090B3903090B0C
:1099D000C92C86132919C64A2965C64A3903090BB9
:1099E000493482132909C24AA500190B2959C24AD0
:1099F00029011B0B2901190B794A9313391FD34AEB
:109A00005B00092A390F534A5C00090A3903140B19
:109A1000144F98139446D84A7B03030A942A584A51
:109A20007B031C2A94020A0B3903140BF400064A28
:109A30009402050A9402074A9402080B685781525F
:109A400048CDAE722803080B9402080BA82C85138E
:109A50000819C54A0865C54A9402080B28358913B8
:109A60000809C94A8400140B0859C94A08011B0B8C
:109A70000801140BD44B9E13941EDE4A3B01082AA6
:109A8000940E5E4A3C01080A9402130B534F9A133A
:109A90007346DA4A7B03020A732A5A4A7B031C2A5A
:109AA00073020C0B9402130BD300054A7302040AD1
:109AB0007302064A7302070BC72599524738B072E2
:109AC0008702070B7302070B872C8413E718C44A1D
:109AD000E764C44A7302070B07358813E708C84ACE
:109AE0006300130BE758C84AE7001B0B3B4F991361
:109AF000E700130B334A9113731ED14A7B47D94AAF
:109B0000730E514A7B2B594A73021E0BBE00044A46
:109B1000DE03030A7B03160BDE03054A73021B0BED
:109B2000DE03060BA6908552464EB2726602060B05
:109B3000DE03060B662C8313C618C34A1B01072AD3
:109B4000C664C34A1C01070ADE03060BE63487130A
:109B5000C608C74A7B03090A7B031C2AC658C74AA2
:109B6000C6001B0B42001E0BC6001E0B1E4A9013A4
:109B7000DE1FD04AFB00062ADE0F504AFC00060A10
:109B8000DE03110B914E94133146D44A7B03080A2D
:109B9000312A544A7B031C2A3102150BDE03110BB8
:109BA0009100034A3102020A3102044A3102050BD4
:109BB00025149D52E557B472C503050B3102050B00
:109BC000452C8213A518C24AA564C24A3102050B6E
:109BD000C5348613A508C64A2901110BA558C64AE3
:109BE000A5001B0BFB498F137B1FCF4AA500110B50
:109BF0007B0F4F4A714E93137B03100B3146D34AB0
:109C00007000024A312A534A1002090A3102170B26
:109C10001002034A31021B0B1002040B64C98C5260
:109C20004403B5722402040B1002040B242D891383
:109C30008418C94ADB00052A8464C94ADC00050A85
:109C40001002040BA43485138408C54A7B03070A59
:109C50007B031C2A8458C54A84001B0B0801100B87
:109C60008400100BD0498E13101ECE4ABB00042A6C
:109C7000100E4E4ABC00040A10020F0BCF4F9E1369
:109C8000EF45DE4A7B03060AEF295E4A7B031C2A66
:109C9000EF01180B10020F0B4F00094AEF01080AE1
:109CA000EF01024AEF01030B036E91526349B87250
:109CB0000302030BEF01030B032D88136318C84A3B
:109CC0006364C84AEF01030B833484136308C44AF6
:109CD000E7000F0B6358C44A63001B0B63000F0BB4
:109CE000AF498D13EF1DCD4A9B00032AEF0D4D4A5E
:109CF0009C00030AEF010E0B2E4E9113CE45D14A64
:109D00007B03050ACE29514A7B031C2ACE011A0B7C
:109D1000EF010E0B2E01084ACE01070ACE01094AB7
:109D2000CE01020B62348A5282EDB872E201020B5C
:109D3000CE01020BE22C87134218C74A4264C74A7D
:109D4000CE01020B623483134208C34AC6000E0BD5
:109D50004258C34A42001B0B42000E0B6E498B1344
:109D6000CE1DCB4A7B00022ACE0D4B4A7C00020A54
:109D7000CE010D0B0D4E9013AD45D04A7B03040A66
:109D8000AD29504A7B031C2AAD01190BCE010D0BE6
:109D90000D01074AAD01060AAD01084AAD01090BE4
:109DA00029039D524932BA72C901090BAD01090B51
:109DB000C92C86132919C64A2965C64AAD01090B63
:109DC000493482132909C24AA5000D0B2959C24AF8
:109DD00029011B0B29010D0B4D498A13AD1DCA4AE0
:109DE0005B00092AAD0D4A4A5C00090AAD010B0B64
:109DF000EB4D8F136B45CF4A7B03030A6B294F4A08
:109E00007B031C2A6B01140BAD010B0BEB00064A04
:109E10006B01050A6B01074A6B01080B88C480526D
:109E200028D3BA72A801080B6B01080BA82C851364
:109E30000819C54A0865C54A6B01080B28358913FE
:109E40000809C94A84000B0B0859C94A08011B0BB1
:109E500008010B0B8B498C136B1DCC4A3B01082A64
:109E60006B0D4C4A3C01080A6B010A0BCA4D8E135C
:109E70004A45CE4A7B03020A4A294E4A7B031C2AE2
:109E80004A01130B6B010A0BCA00054A4A01040A76
:109E90004A01064A4A01070BA7B08652C781BE7223
:109EA0006701070B4A01070B872C8413E718C44A84
:109EB000E764C44A4A01070B07358813E708C84A14
:109EC00063000A0BE758C84AE7001B0BE7000A0BC0
:109ED000CA4A96134A1DD64A1B01072A4A0D564AFA
:109EE0001C01070A4A010C0BAC4D8D138C45CD4A61
:109EF0007B03090A8C294D4A7B031C2A8C011E0B0B
:109F00004A010C0BAC00044A8C01030A8C01054A7F
:109F10008C01060B060E9452460DA2724601060BEA
:109F20008C01060B662C8313C618C34AC664C34A49
:109F30008C01060BE6348713C608C74A42000C0B97
:109F4000C658C74AC6001B0BC6000C0BAC4A95137B
:109F50008C1DD54AFB00062A8C0D554AFC00060ACA
:109F60008C01160B764D8B13D646CB4A7B03080A21
:109F7000D62A4B4A7B031C2AD602110B8C01160BE6
:109F80009600034AD602020AD602044AD602050BFC
:109F9000C52298528534A3728501050BD602050BA4
:109FA000452C8213A518C24AA564C24AD602050BE5
:109FB000C5348613A508C64A2901160BA558C64AFA
:109FC000A5001B0BA500160BF64A9713D61ED74A01
:109FD000DB00052AD60E574ADC00050AD602150B0F
:109FE000554D8A13B546CA4A7B03070AB52A4A4A21
:109FF0007B031C2AB502100BD602150B7500024A12
:10A00000B502090AB502034AB502040B04818D5258
:10A01000E4C6A372C402040BB502040B242D8913F9
:10A020008418C94A8464C94AB502040BA434851350
:10A030008408C54A0801150B8458C54A84001B0BC7
:10A040008400150B154B9813B51ED84ABB00042A83
:10A05000B50E584ABC00040AB502170B974D8C1375
:10A06000F746CC4A7B03060AF72A4C4A7B031C2A94
:10A07000F7020F0BB502170B5700094AF702080A3F
:10A08000F702024AF702030B83E98E5203E9A47236
:10A09000A302030BF702030B032D88136318C84AAE
:10A0A0006364C84AF702030B833484136308C44A09
:10A0B000E700170B6358C44A63001B0B6300170BC0
:10A0C000574B9A13F71EDA4A9B00032AF70E5A4A97
:10A0D0009C00030AF702180BD84E96131847D64A6D
:10A0E0007B03050A182B564A7B031C2A18030E0B08
:10A0F000F702180B3801084A1803070A1803094A1F
:10A100001803020BA29697520296A672E202020B65
:10A110001803020BE22C87134218C74A4264C74A4D
:10A120001803020B623483134208C34AC600180B9B
:10A130004258C34A42001B0B4200180B384B99137C
:10A14000181FD94A7B00022A180F594A7C00020ABC
:10A1500018031A0BBA4E95135A47D54A7B03040AC3
:10A160005A2B554A7B031C2A5A030D0B18031A0B52
:10A170001A01074A5A03060A5A03084A5A03090BE6
:10A18000699681528923A7720903090B5A03090BA7
:10A19000C92C86132919C64A2965C64A5A03090BD0
:10A1A000A9001A0B45348213A508C24AA558C24A11
:10A1B000A5001B0BA5001A0B9A4A94135A1FD44AE8
:10A1C0005B00052A5A0F544A5C00050A5903190B13
:10A1D000FA4E97135A47D74A7B03030A5A2B574A1A
:10A1E0007B031C2A5A030B0B39031A0BFA00064A8D
:10A1F0005A03090A5A03074A5A03080B4849955259
:10A2000008DBA9722803080B5A03080B282D8913B1
:10A210000819C94A0865C94A5A03080B88001A0B6D
:10A22000A43485138408C54A8458C54A84001B0B8E
:10A230001B4F981384001A0B7A4A93135A1FD34A60
:10A240007B47D84A5A0F534A7B2B584A7B030A0B49
:10A250005A03140B74031A0BDA00094A5A03080A4A
:10A26000BB00042A5A03064ABC00040A4703070B32
:10A27000FA4999529A73AB729A021A0BE7001A0BB9
:10A280001A2D88135A1BC84A7B03020A5A67C84A08
:10A290007B031C2AE7001A0B7A00070B8334841314
:10A2A0006308C44A6358C44A63001B0B6300070B6E
:10A2B000C74B9E13E71CDE4A9B00032AE70C5E4A4D
:10A2C0009C00030AE700130B334F99137346D94AD6
:10A2D0007B03050A732A594A7B031C2A73020C0B61
:10A2E000E700130B3301084A73021A0A7302094A82
:10A2F0007302060B66FE8D52C605AD72E600060BB4
:10A300007302060B462F9A13C618DA4AC664DA4A55
:10A310007302060B4600130B623483134208C34AD0
:10A320004258C34A42001B0B9B4E94137B47D44AAE
:10A330004200130B7B2B544A334A91137B03160BB9
:10A34000731ED14A16011A4A730E514AD602060AE2
:10A3500073021E0BD602084A73021B0BD602090BAE
:10A36000C95D9052E991AE726902090BD602090BE0
:10A37000C92C86132919C64A7B00022A2965C64AB8
:10A380007C00020AD602090B493482132909C24A09
:10A390007B03040A2959C24A7B031C2A29011B0B8F
:10A3A000A500160B2901160B164A9013D61ED04A8B
:10A3B0005B00090AD60E504AD102110BF64C8713E6
:10A3C000D646C74AD62A474AD602150B5503064A2F
:10A3D000B502050A3102160BB5021A4A5600092ABF
:10A3E000B502080BE86D8C52A814AF722802080B56
:10A3F000B502080BA82C85130819C54AD602030A12
:10A400000865C54AD6021B2AB502080B28358913F0
:10A410000809C94A8400150B0859C94A0801160BD6
:10A42000D600054A0801150BF5498F13B51ECF4A12
:10A43000D602040AB50E4F4AD602064AB502100BE0
:10A44000704E93131046D34AD6021A0B102A534A61
:10A450003A01080A1002170B3701082AB502100B3F
:10A4600090028F521099B072B002100BD602100BEE
:10A47000902C8413101AC44AF702020A1066C44AC8
:10A48000F7021A2AD602100B10358813100AC84A90
:10A490006300160B105AC84A1002170B1002160B55
:10A4A000D6498E13D61ECE4A1701100AD60E4E4A32
:10A4B000CF020F0B364E9113D646D14AD12A514ABC
:10A4C0001601102A3102180BD602090AEF01110BEE
:10A4D000B100044A3102030AD602172A3102054AA2
:10A4E0003102060B06418052E698B172E601060B76
:10A4F0003102060B662C8313C618C34AC664C34ACE
:10A500003102060B06369013C608D04A4200110BE2
:10A51000C658D04AC600160BC600110BB1498D13A0
:10A52000311ECD4A1602060A310E4D4A2E020E0B7E
:10A53000B14E95133146D54A352A554A9100034A02
:10A540003102020AB502190B3102044ACE01150B81
:10A550003102050B45FF9F52C517B272C501050BAD
:10A560003102050B452C8213A518C24A1502062A92
:10A57000A564C24AB502080A3102050BC534861328
:10A58000A508C64AB502162AA558C64A2901110BC4
:10A59000A500150BA500110B71498B13311ECB4A79
:10A5A000310E4B4A2D020D0BF14D8F133146CF4A20
:10A5B0002F2A4F4AD100052AEF01140B3102100A4D
:10A5C000AD010F0B6F00024AEF01090AD400050A22
:10A5D000EF01034A3102142AEF01040B649D8D52EE
:10A5E000048AB472A401040BEF01040B242D891317
:10A5F0008418C94A8464C94AEF01040BA434851342
:10A600008408C54A08010F0B8458C54A8400110B01
:10A6100084000F0B4F498A13EF1DCA4AEF0D4A4AB7
:10A62000E701070BEF7E94522FDFB7726B010F0B20
:10A63000EB000B0BC74D8E13E744CE4AEE284E4A73
:10A640004700094ACE01030B032D88136318C84A3B
:10A65000E700080AE700024A6364C84A6300070B80
:10A660006E010E0BCE01030BA700042AE700060AB9
:10A67000833484136308C44AAB00040AE7000B2A3E
:10A680006358C44A6300070B87498C13E71CCC4A04
:10A6900010020E0BEC0C4C4A471E8F5227CEB8729C
:10A6A0004A01070B8C01130BA74D8D13E744CD4ACC
:10A6B00063000E0BED284D4A2701084AAD01020B3D
:10A6C000022E90134218D04AE700100A8A010A0BA2
:10A6D000E700094A4264D04A4D010D0B4200070BC6
:10A6E00067348313AD01020B8200032AE708C34AD3
:10A6F0004200050A8A00030AE758C34A42000A2AB0
:10A70000E200020B070840B9E7000D0B4200070BFF
:10A71000020800B9020C40B94200030B020C00B958
:10A72000021040B94200040B021000B9021440B9F3
:10A730004200050B021400B9021840B94200060B92
:10A7400042000D0B021800B9021C40B94200100B68
:10A75000021C00B9022040B94200080B022000B9D7
:10A76000022440B94200090B022400B9E26F40B94B
:10A7700042040051E26F00B95F0400318103FF54CD
:10A78000F35341A9F55B42A9F76343A9F96B44A9C7
:10A79000FB7345A9FD7BC7A8C0035FD6C0035FD686
:10A7A000FD7BBCA9FD030091F35301A9F40300AAAA
:10A7B000F303022AF55B02A9F60301AAF76303A9D2
:10A7C00017088052000040B9151400120000022B37
:10A7D000800200B9F702154B83000054800640B98F
:10A7E00000040011800600B9BF020071E212537A22
:10A7F000E8010054E10316AA73020151D602178B37
:10A8000098A20091E003152AB302130B15008052A1
:10A81000E20317AA0003008B7B090094E10318AA46
:10A82000E00314AA22008052E7F7FF97627E0653E6
:10A83000E10316AAE00314AAE3F7FF976216007279
:10A840008001005473667A9294A20091E003152A65
:10A85000C102138BF55B42A98002008BF35341A91F
:10A8600042144092F76343A9FD7BC4A86609001413
:10A87000F35341A9F55B42A9F76343A9FD7BC4A843
:10A88000C0035FD642000034C6FFFF17C0035FD687
:10A89000FD7BBDA903078052FD030091F35301A97D
:10A8A000F40301AAF30300AA0108402942748113AA
:10A8B0004208C05AE22B00B922701D532114001225
:10A8C0006300014B3FDC00714208C05AE22F00B91F
:10A8D000020F80524200014B4280831AE10000D0F7
:10A8E00021A00091E8FFFF97E1A30091E00313AAE4
:10A8F00002018052ABFFFF97602E40398002003981
:10A900006016407980060039600A40B9007C08531F
:10A91000800A0039600A40B9800E0039603E403933
:10A9200080120039601E407980160039600E40B9EF
:10A93000007C0853801A0039600E40B9801E00392F
:10A94000604E4039802200396026407980260039E7
:10A95000601240B9007C0853802A0039601240B967
:10A96000802E0039605E403980320039602E407997
:10A9700080360039601640B9007C0853803A0039AF
:10A98000601640B9803E0039606E4039804200391F
:10A990006036407980460039601A40B9007C08531F
:10A9A000804A0039601A40B9804E0039607E4039D3
:10A9B00080520039603E407980560039601E40B9AF
:10A9C000007C0853805A0039601E40B9805E00390F
:10A9D000608E403980620039604640798066003977
:10A9E000602240B9007C0853806A0039602240B977
:10A9F000806E0039609E403980720039604E407927
:10AA000080760039602640B9007C0853807A00398E
:10AA1000602640B9807E0039F35341A9FD7BC3A86D
:10AA2000C0035FD6010040B900BA8152C0BFBD72F9
:10AA30003F00006B0001801200109F1AC0035FD618
:10AA4000E100F8372200022BA2000054032440B991
:10AA50006308C05A5F00036B69000054000080D295
:10AA600005000014020840B94208C05A41C0218BB9
:10AA70000000018BC0035FD6FD7BBFA9E60302AADD
:10AA8000E2008012FD030091C20000B9E503012A33
:10AA900024100011E80300AA82008052E9FFFF970A
:10AAA000010040B940018012C00000B90060A0520E
:10AAB0002708C05A3F00006BC0030054FF0C007110
:10AAC000680100540020A0523F00006BA001005418
:10AAD0000040A0523F00006B40020054270180520A
:10AAE000E003072AFD7BC1A8C0035FD60080A05207
:10AAF0003F00006B600100540020A152F6FFFF17D9
:10AB0000E103042A22008052E00308AA8400020B19
:10AB1000CCFFFF97600000B40000403920FFFF35F4
:10AB2000840C001184741E12C40000B9EDFFFF17DD
:10AB3000E103042AE00308AA82008052C1FFFF97C4
:10AB4000040040B9A53000118408C05AA400040BC9
:10AB5000F4FFFF17FD7BBEA9FD030091E11F00B9C3
:10AB60008100F83660008012FD7BC2A8C0035FD66A
:10AB7000E203012A5F0440F261FFFF54E273009197
:10AB8000BEFFFF971F040071E1FEFF54E01F40B9B4
:10AB9000F6FFFF17FD7BBEA9FD030091E11F00B981
:10ABA0008100F83660008012FD7BC2A8C0035FD62A
:10ABB000E203012A5F0440F261FFFF54E273009157
:10ABC000AEFFFF971F0C0071E1FEFF54E01F40B97C
:10ABD000F6FFFF17FD7BBEA9EB0300AAEA0302AA5A
:10ABE000FD030091FF1F00B9A100F837DAFFFF97BE
:10ABF000E01F00B9E903002A0002F837E91F40B955
:10AC0000E2730091E0030BAAE103092A9BFFFF977F
:10AC10001F080071800100541F240071200200549D
:10AC20001F040071C1FEFF548A0000B4400140B906
:10AC300000040011400100B9E003092AFD7BC2A80D
:10AC4000C0035FD6CAFDFFB4410140B921040051E1
:10AC5000410100B941FDFF36E91F40B9F7FFFF1779
:10AC6000E91F40B9C900F8363F21003161FEFF54A9
:10AC70005F0100F129119F5AF0FFFF1709008012B0
:10AC8000EEFFFF17FD7BBEA9FD030091E27300916B
:10AC9000FF1F00B9D0FFFF97C000F837E11F40B990
:10ACA0003F04007100009F5AFD7BC2A8C0035FD61D
:10ACB00000008012FDFFFF17FD7BBEA9EC0300AA78
:10ACC00020008052FD030091E01F00B9E273009163
:10ACD000E0030CAAC0FFFF97E103002A2001F83728
:10ACE000E01F40B91F000071CD0000541F04007127
:10ACF000E1FEFF54E003012AFD7BC2A8C0035FD63A
:10AD000001008012FCFFFF17FD7BBDA9FD03009130
:10AD1000F35301A9F30300AA347C4093E00302AA91
:10AD2000F55B02A9F50302AAEA07009400040011EA
:10AD300094C220CB167C40937402148B7F0214EBD8
:10AD4000E9000054130080D2F55B42A9E00313AA86
:10AD5000F35341A9FD7BC3A8C0035FD6E20316AA43
:10AD6000E10315AAE00313AA5A080094E0FEFF3499
:10AD700073060091F2FFFF17021040B94208C05A53
:10AD800041D0218B0000018BC0035FD6030840B97E
:10AD90006308C05A61C0218B0000018B820000B49F
:10ADA000010440B92108C05A410000B9C0035FD670
:10ADB000FD7BBDA9FD030091F35301A9F40300AA93
:10ADC000F303012AE2B30091E103132AE00314AA7A
:10ADD0002AFFFF971F0C0071E0000054F32F40B9C9
:10ADE0001F240071010100547F0200714001801294
:10ADF00073B2801AE003132AF35341A9FD7BC3A861
:10AE0000C0035FD61F100071E0FDFF5413008012D5
:10AE1000F9FFFF17FD7BBEA9FD030091F35301A9C4
:10AE2000F40302AA020C40B94208C05A41C0218B67
:10AE30001300018B940000B4E00313AAA50700944B
:10AE4000800200B9E00313AAF35341A9FD7BC2A815
:10AE5000C0035FD6020080D2EFFFFF17FD7BBFA9C2
:10AE6000E40302AAFD030091C4FFFF97010040F92B
:10AE7000FD7BC1A8210CC0DA810000F9000440F973
:10AE8000000CC0DA600000F900008052C0035FD6F9
:10AE9000E40300AAFD7BBFA903008052FD030091DB
:10AEA000E103032AE00304AAB4FFFF97A00000B562
:10AEB000E3008012E003032AFD7BC1A8C0035FD634
:10AEC000000440F980FFFFB463040011F5FFFF1791
:10AED000FD7BBEA9FD030091F35301A9F40302AA6F
:10AEE000020840B94208C05A41C0218B0000018BC2
:10AEF00013100091940000B4E00313AA75070094A6
:10AF0000800200B9E00313AAF35341A9FD7BC2A854
:10AF1000C0035FD6FD7BBBA9FD030091F35301A9DC
:10AF2000F303012A747C4093F55B02A9F60300AA9F
:10AF3000F71B00F9F70302AAFF4B00B9E04B40B939
:10AF40000100132A2101F8361F00007173A29F5AD5
:10AF5000F55B42A9E003132AF35341A9F71B40F91B
:10AF6000FD7BC5A8C0035FD61F040071A102005479
:10AF7000E2330191E103132AE00316AAD5FFFF97FC
:10AF8000F50300AAE00100B4E20314AAE10317AA42
:10AF9000D007009460010035A06A7438A0FDFF342A
:10AFA000E20314AAE00317AA01088052D50700940F
:10AFB000800000B5A06A74381F000171A0FCFF5426
:10AFC000E103132AE2230191E00316AA02FFFF978F
:10AFD000F303002ADAFFFF17FD7BBDA9FD030091F3
:10AFE000F35301A9F40300AAF30302AAE00302AA9F
:10AFF000F51300F9F503012A36070094E20313AABA
:10B00000E303002AE103152AE00314AAF35341A93C
:10B01000F51340F9FD7BC3A8BFFFFF17FD7BBEA959
:10B02000FD030091F30B00F9F30300AACAFEFF979A
:10B03000C000F837E103002AE00313AAF30B40F93C
:10B04000FD7BC2A85BFFFF17F30B40F9FD7BC2A895
:10B05000C0035FD6FD7BBEA9FD030091F30B00F991
:10B06000F30300AACCFEFF97C000F837E103002AE3
:10B07000E00313AAF30B40F9FD7BC2A84DFFFF17B5
:10B08000F30B40F9FD7BC2A8C0035FD6FD7BBAA9D4
:10B09000FD030091F96B04A97A7C4093F90302AA9D
:10B0A000F35301A9F55B02A9F60300AAF50304AA6C
:10B0B000F76303A9F7031AAAF80305AAD8FFFF97B5
:10B0C000F303002A8000F836550400B5140080D23E
:10B0D00019000014E20315AAE103132AE00316AADB
:10B0E0002BFFFF97F40300AAE2730191E00316AA75
:10B0F000810A40B92108C05A47FFFF97800000B479
:10B10000E15F40B9FF02016BA0000054E103132A84
:10B11000E00316AAD0FFFF97EAFFFF17E2031AAA7F
:10B12000E10319AA6B07009420FFFF35580000B413
:10B13000130300B9F55B42A9E00314AAF35341A934
:10B14000F76343A9F96B44A9FD7BC6A8C0035FD68A
:10B15000A00200B9DEFFFF170DFFFF17050080D228
:10B16000CBFFFF17FD7BBDA9FD030091F35301A9A0
:10B17000F40300AAF30302AAE00302AAF55B02A902
:10B18000F60303AAF503012AD2060094E40316AAE3
:10B19000E303002AE20313AAE103152AF55B42A99F
:10B1A000E00314AAF35341A9FD7BC3A8ECFFFF17EA
:10B1B000FD7BBEA9FD030091E5730091B4FFFF97ED
:10B1C000400000B400300091FD7BC2A8C0035FD6F0
:10B1D000FD7BBEA9E40300AAFD030091F35301A97E
:10B1E000F40302AAE20303AAE9FEFF97F30300AA0D
:10B1F000000100B4D40000B4610A40B9E00304AA1D
:10B200002108C05A14FFFF97800200F973320091A1
:10B21000E00313AAF35341A9FD7BC2A8C0035FD684
:10B22000FD7BBDA9FD030091F35301A9F40300AA1E
:10B23000F30302AAE00302AAF55B02A9F60303AA3C
:10B24000F503012AA3060094E40316AAE303002AE7
:10B25000E20313AAE103152AF55B42A9E00314AA4D
:10B26000F35341A9FD7BC3A8D2FFFF17FD7BBDA906
:10B27000C20000B042701991FD030091E3B3009148
:10B28000F35301A9F30300AAF403012AE5FFFF9792
:10B29000800000B4E12F40B93F10007160010054FC
:10B2A000C20000B0E3B3009142581991E103142A9F
:10B2B000E00313AADBFFFF97200100B4E12F40B9A0
:10B2C0003F100071C1000054000040B90008C05A8E
:10B2D000F35341A9FD7BC3A8C0035FD60000805291
:10B2E000FCFFFF17FD7BBDA9FD030091F35301A9EE
:10B2F000F40301AAF30300AAC10000B02190199140
:10B30000F51300F9F503022A4C0000944001F837C8
:10B31000E103002AE303152AF51340F9E20314AA16
:10B32000E00313AA040080D2F35341A9FD7BC3A814
:10B33000A0FFFF17F35341A9000080D2F51340F995
:10B34000FD7BC3A8C0035FD6FD7BBCA9427C4093B4
:10B35000FD030091F35301A9F30301AAF55B02A9D0
:10B3600035C0228BF71B00F9F70300AA20004039F3
:10B370001FBC0071A0050054E1058052E00313AA30
:10B38000E00600941F0000F11610959AE10313AA3D
:10B39000C202134BE00317AAD3FFFF97E10300AAF1
:10B3A000800400B4E00317AAF30316AA2300009454
:10B3B000F403002A7F0215EBC2020054F60313AA1D
:10B3C000C00240391FBC0071E0010054A20216CB3C
:10B3D000E1058052E00316AACA0600941F0000F19E
:10B3E000E103142A1310959AE20316AA6302164B7E
:10B3F000E00317AAC8FEFF97F403002AC0FDFF363A
:10B4000004000014D6060091BF0216EBA1FDFF5404
:10B41000F55B42A9E003142AF35341A9F71B40F955
:10B42000FD7BC4A8C0035FD614008052E2FFFF1763
:10B4300094008012F7FFFF17FD7BBEA9FD0300916A
:10B44000F35301A9F40300AAF30301AAE00301AA3C
:10B4500020060094E10313AAE203002AE00314AAE1
:10B46000F35341A9FD7BC2A8B8FFFF172201F836AC
:10B4700000008012C0035FD600008012F35341A980
:10B48000F55B42A9F71B40F9FD7BC5A8C0035FD659
:10B49000FD7BBBA9FD030091F35301A9F403012A2D
:10B4A000F303022AF55B02A9F50303AA96018012B1
:10B4B000F71B00F9F70300AA00008052FF4F00B904
:10B4C0001F00007100A0547AACFDFF54E14F40B959
:10B4D0003F00136BD612801A1F00146BE10000545A
:10B4E000550000B4A10200B93F00136B6BFCFF5480
:10B4F000E003162AE2FFFF17E103002AE23301917D
:10B50000E00317AAB4FDFF97EEFFFF17FD7BBEA96E
:10B5100002008052FD030091E3730091D4FFFF9776
:10B5200040000035E01F40B9FD7BC2A8C0035FD6D4
:10B53000FD7BBEA9FD030091F35301A9F30300AA0B
:10B54000F403012AF2FFFF970001F83702040051CB
:10B55000E103142AE00313AA030080D2F35341A9A4
:10B56000FD7BC2A8C2FFFF17F35341A9FD7BC2A810
:10B57000C0035FD6FD7BBDA9FD030091F35301A974
:10B58000F51300F9F503012A210400513F0C0031A5
:10B59000A8020054F40300AA020080D20100801225
:10B5A0008DFDFF97F303002AC000F836F51340F92C
:10B5B000E003132AF35341A9FD7BC3A8C0035FD660
:10B5C000E103132AE00314AA29FFFF971F00156B5C
:10B5D000E0FEFF54E103132AE00314AA020080D224
:10B5E000F0FFFF17B3008012F1FFFF17FD7BBCA92E
:10B5F000FD030091F35301A9F303012AF55B02A9AE
:10B60000F50300AAE00302AAF71B00F9F70302AA58
:10B61000B005009414040011F603002A947E4093B0
:10B620007F02166B6B010054E20314AAE10315AA12
:10B63000E00317AA2706009420020034627E40939C
:10B64000E00315AA010080522E060094E00000B528
:10B6500000008052F35341A9F55B42A9F71B40F962
:10B66000FD7BC4A8C0035FD6010015CB7306005153
:10B670007302014B15040091EAFFFF17200080526E
:10B68000F5FFFF17FD7BBBA9FD030091F35301A953
:10B69000F55B02A9F60303AAE3330191F76303A95B
:10B6A000E0FEFF97000100B5F44F40B9F55B42A9F9
:10B6B000E003142AF35341A9F76343A9FD7BC5A80E
:10B6C000C0035FD6F30300AAE00316AA8105009425
:10B6D000F54F80B917040011140080527502158BC4
:10B6E0007F0215EB6300005414008012F0FFFF1777
:10B6F000A10213CBE00313AA8D05009400040011EE
:10B70000E04F00B978C2208B027C40931F0315EBF9
:10B71000680100541F00176B80000054940600114C
:10B72000F30318AAEFFFFF17E10316AAE00313AA19
:10B73000E805009440FFFF35DDFFFF17D4018012BC
:10B74000DBFFFF17FD7BBCA9FD030091F35301A9AB
:10B75000F40304AAF55B02A9F603032AE3F30091BC
:10B76000B0FEFF97400100B5740000B4E03F40B95F
:10B77000800200B9130080D2F55B42A9E00313AA4E
:10B78000F35341A9FD7BC4A8C0035FD6F53F80B940
:10B79000F30300AA1500158B7F0215EB83000054FC
:10B7A000B4FEFFB400008012F2FFFF17A10213CB1A
:10B7B000E00313AA5E05009401040011E13F00B903
:10B7C00061C2218B3F0015EB8900005454FDFFB48A
:10B7D000C0018012E7FFFF1796000035F4FCFFB4AC
:10B7E000800200B9E5FFFF17D6060051F30301AA56
:10B7F000EAFFFF17FD7BBDA9FD030091E3B30091B4
:10B80000F30B00F9F30302AAC20000B042B419918D
:10B8100084FEFF97A00000B5E02F40B9F30B40F97C
:10B82000FD7BC3A8C0035FD6E12F40B9E20313AA92
:10B830006FFFFF971F000071E0179F1AF8FFFF17B7
:10B84000FD7BBDA9FD030091F35301A9F40300AAF8
:10B85000F51300F9F50302AA020080D2DEFCFF977F
:10B86000F303002AC000F836E003132AF35341A97A
:10B87000F51340F9FD7BC3A8C0035FD6E20315AA08
:10B88000E103132AE00314AADBFFFF971F04003132
:10B89000EBFEFF54A0FEFF34E103132AE00314AAD9
:10B8A000020080D2EEFFFF171F0000718C010054D0
:10B8B000C0010054E003004B1F480071AC0000546D
:10B8C000A10000D021802D9120D860F8C00000B5E3
:10B8D000C00000B000641A9103000014C00000B062
:10B8E00000E01991C0035FD6C00000B000381A9183
:10B8F000FDFFFF17040C40B9E50300AA002040B982
:10B90000E60301AA8408C05A21C0228B0008C05A4D
:10B910008400000BA4C0248B3F0006EB23030054DB
:10B920003F0004EBE8020054DF0005EBA3020054E3
:10B93000487C4093607C4093030008CB8300038BDA
:10B940007F0005EBE3010054A70440B9E708C05AA3
:10B95000A500078B7F0005EB88010054840006CB0F
:10B96000FD7BBFA9820008CBFD030091C000008BC6
:10B970004005009400008052FD7BC1A8C0035FD643
:10B9800060008012C0035FD640008012C0035FD603
:10B99000FD7BBDA9FD030091F35301A9F303032A25
:10B9A000F40300AA636C1C53F51300F9F503022A93
:10B9B000426C1C53D0FFFF9780010035810A40B9CB
:10B9C0007302154B2108C05A2110130B2108C05ACD
:10B9D000810A00B9810E40B92108C05A3310130BF7
:10B9E000730AC05A930E00B9F35341A9F51340F9F5
:10B9F000FD7BC3A8C0035FD6FD7BBDA9FD030091FD
:10BA0000F35301A9F40300AAF303032AF51300F981
:10BA1000F503022AB8FFFF9780010035812640B95F
:10BA20006302154B2108C05A6100010B2108C05A5E
:10BA3000812600B9810E40B92108C05A6300010B6C
:10BA40006308C05A830E00B9F35341A9F51340F9B6
:10BA5000FD7BC3A8C0035FD6FD7BBAA9FD0300919F
:10BA6000F35301A9F40300AAF55B02A9F503032A25
:10BA7000F60304AAF76303A9F96B04A9F90302AA60
:10BA8000FB7305A934FCFF97F703002AE008F83799
:10BA9000980E40B9E00319AA8E040094FA0300AA94
:10BAA000812240B9180BC05A9802188BE20319AAD8
:10BAB000E00318AA2108C05A94FCFF97000300B4C1
:10BAC0001300184BD301F837810A40B9A30E0011B7
:10BAD00063741E12E00314AA2108C05A63300011D7
:10BAE00021C0378B020080528102018BC10200F914
:10BAF000C2FFFF9760040034F303002AF55B42A9FC
:10BB0000E003132AF35341A9F76343A9F96B44A94E
:10BB1000FB7345A9FD7BC6A8C0035FD69C2240B934
:10BB20005A070011810E40B9E3031A2A9B0BC05A31
:10BB30009C0BC05A2108C05AE00314AA21001C8B98
:10BB4000020080528102018B6BFFFF97F303002AF2
:10BB5000A0FBFF35802240B9427F4093E10319AA40
:10BB6000F3031B2A0008C05A4003000B0008C05A08
:10BB7000802200B900031C8BA3040094D2FFFF179E
:10BB8000C10240F90260A052730AC05AB50AC05AF5
:10BB9000220000B9C10240F9330800B9C10240F9DE
:10BBA000350400B9D5FFFF17F303002AD4FFFF17B0
:10BBB000FD7BBCA9FD030091F35301A9F30300AA87
:10BBC000F40302AAF55B02A9F50301AAF71B00F929
:10BBD000B0FCFF97611240B92300805202008052EE
:10BBE0002108C05A36D0208BE00313AA7702168BA7
:10BBF000E10317AA67FFFF97A0000035B50EC0DA72
:10BC0000756A36F8940EC0DAF40600F9F35341A9C8
:10BC1000F55B42A9F71B40F9FD7BC4A8C0035FD6C2
:10BC2000FD7BBDA9FD030091F35301A9F40300AA14
:10BC3000F51300F9F503012A131040B9730AC05A2D
:10BC400073D2218B1300138B92FCFF971F00156B8F
:10BC50002D010054F51340F9E10313AAE00314AADF
:10BC600003008052F35341A922008052FD7BC3A8F8
:10BC700048FFFF17F35341A900008012F51340F964
:10BC8000FD7BC3A8C0035FD6FD7BBBA9FD0300916C
:10BC9000F35301A9F303032AE3130191F55B02A90E
:10BCA000F50300AAF603012AF76303A9F80302AA21
:10BCB000F70304AA2CFDFF97E02700F9F40300AA7C
:10BCC000E04740B9340100B51F04003100030054BF
:10BCD00000020034F35341A9F55B42A9F76343A97D
:10BCE000FD7BC5A8C0035FD6000C0011630E0011D8
:10BCF00002741E1263741E1281320091E00315AAB1
:10BD00003EFFFF9700010035730AC05A930600B941
:10BD1000E02740F900300091E00200F90000805275
:10BD2000EDFFFF171F04003161FDFF54E423019173
:10BD3000E303132AE20318AAE103162AE00315AA73
:10BD400046FFFF97E3FFFF17FD7BBCA9FD030091B2
:10BD5000F35301A9F303042AE4E30091F51300F976
:10BD6000F50303AAE303132AC8FFFF97F403002A8D
:10BD7000C0000035B3000034E01F40F9627E4093FC
:10BD8000E10315AA20040094F51340F9E003142AF6
:10BD9000F35341A9FD7BC4A8C0035FD6FD7BBAA9BC
:10BDA000FD030091F35301A9F40300AAF303012A50
:10BDB000F55B02A9F603032AF76303A9F70302AAB6
:10BDC000F92300F954FCFF978006F8361F04003170
:10BDD00081050054E2730191E103132AE00314AAE0
:10BDE00026FBFF97F85F40B9E2730191E00314AAC4
:10BDF000E103182A21FBFF97000C00511F0400717A
:10BE000029FFFF54950A40B9D312001173761E1210
:10BE1000E00314AAB50AC05A73220011B5C2388BC8
:10BE2000E303132A9902158B02008052E10319AA39
:10BE3000F2FEFF9760020035C20600110020A052FA
:10BE4000806A35B834130091427C409301008052DF
:10BE5000420C0091E00314AA42F47E9233C3338B68
:10BE6000CF030094C27E4093E10317AAE00314AA13
:10BE7000E50300940040A05260C21FB8E003182AF6
:10BE8000F35341A9F55B42A9F76343A9F92340F9AC
:10BE9000FD7BC6A8C0035FD620008012F9FFFF1704
:10BEA000FD7BBDA9FD030091F35301A9F40300AA92
:10BEB000F30302AAE00302AAF51300F9F503012A2D
:10BEC00084030094E20313AAE303002AE103152A82
:10BED000E00314AAF35341A9F51340F9FD7BC3A86D
:10BEE000AFFFFF17FD7BBEA9FD030091E373009137
:10BEF000CCFCFF97E10300AAE01F40B9010100B4A8
:10BF00001F10007101010054200040B9A1018012EE
:10BF10000008C05A1F1000710090811AFD7BC2A852
:10BF2000C0035FD6A0018012FDFFFF17FD7BBFA9F4
:10BF3000C20000B0429C1F91FD030091EAFFFF97F1
:10BF4000A00000341F0400318100005440008052E2
:10BF500002000014A0018012FD7BC1A8C0035FD6BF
:10BF6000FD7BBFA9C20000B042D81F91FD03009124
:10BF7000DDFFFF971F040031410000542000805274
:10BF8000FD7BC1A8C0035FD6FD7BBDA9FD03009169
:10BF9000F30B00F9F303032AE3B30091A1FCFF972D
:10BFA000C00000B4E12F40B93F0C0071690000549B
:10BFB000130040B9730AC05AE003132AF30B40F987
:10BFC000FD7BC3A8C0035FD6FD7BBDA9FD03009127
:10BFD000F30B00F9F303032AE3B3009191FCFF97FD
:10BFE000C00000B4E12F40B93F0C0071690000545B
:10BFF000130040B9730AC05AE003132AF30B40F947
:10C00000FD7BC3A8C0035FD6FD7BBDA9FD030091E6
:10C01000F35301A9F403032AF30304AAE3B3009141
:10C0200080FCFF97200100B4E12F40B93F00146B62
:10C030006101801221B09F1A610200B9F35341A936
:10C04000FD7BC3A8C0035FD601008012FBFFFF1772
:10C05000FD7BBFA9FD030091E00000B5C00000908A
:10C06000000820912DE4FF9720008012FD7BC1A8DD
:10C07000C0035FD61F0440F221FFFF546AFAFF9706
:10C0800060FFFF34F6FFFF17FD7BBFA9C2000090E1
:10C09000030080D2FD030091423C209161FCFF9798
:10C0A000000100B4C100009021582091E9020094E1
:10C0B0001F000071E0179F1AFD7BC1A8C0035FD667
:10C0C00020008052FDFFFF17FD7BBAA9FD03009100
:10C0D000F35301A9F40300AAF303022AE00301AA1F
:10C0E000F55B02A9F76303A9F70301AAF96B04A999
:10C0F000F90303AAF7020094E2430191E103132A32
:10C10000167C4093E00314AA72FBFF97F80300AA81
:10C11000C1000090E00314AA21901991C7FCFF9779
:10C12000E103002AE00314AABDFBFF97F303002AF2
:10C130001F0000716C0000543500801222000014B2
:10C14000E103132AE3530191E2630191E00314AA8E
:10C1500020FCFF97F50300AAE1034A291F00016BA9
:10C160000B040054BA0240395FBF0071A1030054B0
:10C1700000040051A0CA603840030035E02F40F9A8
:10C18000E20316AAE10317AABB020094A00200353D
:10C19000E1031A2AE00315AAD502009400040091D5
:10C1A000E10318AAAB020094F503002AA0010035B0
:10C1B000E02F40F9B30800941F040031200100541F
:10C1C000200300B9F35341A9E003152AF55B42A906
:10C1D000F76343A9F96B44A9FD7BC6A8C0035FD6EA
:10C1E000E103132AE00314AA9BFBFF97D0FFFF177C
:10C1F000FD7BBBA9FD030091F35301A9F40300AA41
:10C20000E00301AAF55B02A916008012F71B00F9F2
:10C21000F70301AAAF020094157C4093C10000907F
:10C22000E00314AA2190199184FCFF97E103002AEE
:10C23000E00314AA7AFBFF97F303002A7F02007140
:10C24000EC000054F35341A9E003162AF55B42A920
:10C25000F71B40F9FD7BC5A8C0035FD6E103132A95
:10C26000E3130191E2230191E00314AAD9FBFF97A4
:10C27000010040393FBC0071C1010054E14740B9A1
:10C280002104005100C8613840010035E02740F921
:10C29000E20315AAE10317AA77020094A000003573
:10C2A000E02740F977080094DF02006BD6A2801ADD
:10C2B000E103132AE00314AA67FBFF97F303002AA4
:10C2C000DFFFFF17000200B4FD7BBEA9FD03009154
:10C2D000F35301A9F30300AAF40301AAA10000F09B
:10C2E0002118069155FCFF97E103002AE20314AAE6
:10C2F000E00313AAF35341A9030080D2FD7BC2A837
:10C30000C8FBFF17C0035FD6FD7BBDA9FD030091ED
:10C31000F35301A9F303042AF40303AAE4B300913D
:10C3200063761E5339FFFF97E20300AAE02F40B95E
:10C3300060010034F35341A9FD7BC3A8C0035FD65D
:10C34000437861B86308C05A837A21B82104009108
:10C350007F02016B6CFFFF54F7FFFF17010080D2D3
:10C36000FCFFFF17FD7BBEA9FD030091E373009165
:10C37000ACFBFF971F0000F1E0079F1AFD7BC2A8EE
:10C38000C0035FD6FD7BB9A9FD030091F35301A95A
:10C39000F40306AAF55B02A9F60303AAF503052A2E
:10C3A000E3B30191F76303A9F70300AAF803042A92
:10C3B000F96B04A9FB7305A99AFBFF97400100B52F
:10C3C0003B008012F35341A9E0031B2AF55B42A90D
:10C3D000F76343A9F96B44A9FB7345A9FD7BC7A883
:10C3E000C0035FD6F96F80B9F30300AA1B00805227
:10C3F00039F77E921900198B7F0219EB6300005404
:10C4000035FEFF37EFFFFF17604640B81A08C05AE5
:10C41000E0030034DF0200F16403557A2103005485
:10C42000E1031A2AE00317AA53FCFF97FC03002A32
:10C430006000F836BB028012E3FFFF17560200B41B
:10C44000E103002AE20316AAE00317AA0300801200
:10C45000CEFEFF971F040031E0FEFF54614A208B9F
:10C460003F0301EB83FEFF547F03156B0103005470
:10C470009AFAFF34340100B51B008052D2FFFF1737
:10C480001C008012E003182AF5FFFF171C00801221
:10C4900000008052F5FFFF171F400071010280521B
:10C4A0000290811A9C0A002994220091000080D2F7
:10C4B0005F00006B29FEFF54617A60B82108C05A02
:10C4C000817A20B800040091FAFFFF17734A208B8D
:10C4D0007B070011C9FFFF17E103012AE30300AA4C
:10C4E000020080D2000080D23F0002EB41000054E5
:10C4F000C0035FD6647862B8420400918408C05AD1
:10C50000808000AAF9FFFF17FD7BBCA9FD03009105
:10C51000F35301A9F303052AF40306AAF55B02A964
:10C52000F603032AF503042AE3F300913DFBFF978A
:10C53000200300B4E20300AAA002130BE13F80B97C
:10C54000007C161B21F47E9240C8208B4200018B98
:10C5500005C8358BA1C8338B5F0001EBC3010054C4
:10C56000E103152ADDFFFF97E70300AAB40000B43A
:10C57000E103132AE00305AAD8FFFF97800200F920
:10C58000F35341A9E00307AAF55B42A9FD7BC4A8C8
:10C59000C0035FD607008092FAFFFF17FD7BBBA99F
:10C5A000FD030091F35301A9F30300AAF55B02A96F
:10C5B000F503022AF60303AAF76303A9F703042A83
:10C5C000F80305AAF96B04A9FA03012AD91C001281
:10C5D00057FEFF971F0000718D020054F403002ADC
:10C5E000E1031A2AE00313AA5EFEFF97E503002A7F
:10C5F000C001F837E703192AE60318AAF96B44A922
:10C60000E403142AE303172AE20316AAF76343A9F3
:10C61000E103152AF55B42A9E00313AAF35341A9EC
:10C62000FD7BC5A8B9FFFF17F35341A90000809215
:10C63000F55B42A9F76343A9F96B44A9FD7BC5A843
:10C64000C0035FD6FD7BBAA9FD030091F35301A996
:10C65000F55B02A9F603032AF50304AAF76303A90D
:10C66000F70300AAF803012AF92300F9F90302AA43
:10C67000B0FBFF97F303002A2002F837E103002AFA
:10C68000E00317AA2AFEFF97F403002AE103132A06
:10C69000E00317AA33FEFF97F303002AE373019127
:10C6A000E20319AAE103182AE00317AADDFAFF97AB
:10C6B000E50300AA200100B5F35F40B9F55B42A98C
:10C6C000E003132AF35341A9F76343A9F92340F97F
:10C6D000FD7BC6A8C0035FD6E25F80B9607E409351
:10C6E00000C0348B8102130B42F47E92877E40930C
:10C6F00000F47ED3217C7E93A200028B0300805243
:10C70000A400008B5F0004EB620000541300801251
:10C71000EBFFFF177F00166BC1010054E103142AE1
:10C72000E00305AA6DFFFF97E60300AAA61A00A979
:10C73000E103132AA008078B68FFFF97C600008B50
:10C74000C60400D113008052A60600F9DCFFFF17D3
:10C75000A500018B63040011EAFFFF17000080525F
:10C76000C0035FD6FD7BBEA9FD030091F30B00F96A
:10C77000A4E1FF9720020035F30312AA01008052C2
:10C780002000805206E1FF97600A00F9410A40F953
:10C79000410100B4A1008052417A00B9400A40F939
:10C7A0002CFEFF9740010035F30B40F9FD7BC2A83A
:10C7B000400A40F9EAFFFF17E00000D00000339183
:10C7C000400A00F95F7A00B9F5FFFF17F30B40F953
:10C7D000FD7BC2A8C0035FD6FD7BB7A9FD03009116
:10C7E000F35301A9F30300AAF55B02A9F60305AA16
:10C7F000F76303A9F96B04A9FA0303AAFB7305A95C
:10C80000FC03022AE43300F9610000B5C100009086
:10C81000216C2091E00313AA08FBFF97F503002A7F
:10C820002001F83620008012F35341A9F55B42A99C
:10C83000F76343A9F96B44A9FB7345A9FD7BC9A81C
:10C84000C0035FD6DB0000907B373491E103002A00
:10C85000E3330291E2031BAAE00313AA71FAFF97E4
:10C86000F70300AA00FEFFB4E103152AE00313AAB0
:10C87000AFFDFF97F803002AE103152AE00313AA8E
:10C88000B8FDFF97F903002AE103152AE00313AA74
:10C89000FDF8FF97F403002AC000009000442191A6
:10C8A000E03700F9C000009000702191E03B00F9F2
:10C8B0003408F836F403152AB60000B4C0A201917A
:10C8C000020680D20100805235010094E103142A4F
:10C8D000E00313AAC200009042A02191A2FEFF979C
:10C8E000F38F40B9F403002A80008052730EC01AFF
:10C8F000207F409300C0388B737E4093730200CB3F
:10C90000F30A138BFF0213EB280A0054DCA20191F7
:10C910001B008052150080D2E20240B91F0B00714B
:10C92000810800544208C05AF7120091427C60D33B
:10C93000E10240B92108C05A2000028B560000B421
:10C94000800300F95F0300F1601B407A410000544E
:10C95000400300F93F0B007100070054E112009101
:10C96000020080D2F70301AAE14640B82108C05A6C
:10C970002100028B740000347FE6FF97E10300AAD8
:10C98000560000B4810700F97B070011B502018B46
:10C990007F0F0071800000549C4300917F0217EBD1
:10C9A000C2FBFF54E03340F9600500B5000080523F
:10C9B0009EFFFF17E23740F9E103142A03008012BB
:10C9C000E00313AA71FDFF97E503002AE23B40F95B
:10C9D000E103142AE00313AA03008012E57F00B9E3
:10C9E0006AFDFF97C001F837E57F40B9A5001C0A32
:10C9F000BF00006B41010054E3330291E2031BAA24
:10CA0000E103142AE00313AA06FAFF97F70300AA2A
:10CA100040F5FFB5A002801284FFFF17E103142A3E
:10CA2000E00313AAA5F8FF97F403002AA1FFFF175C
:10CA3000020080D2BFFFFF17E20640B9E122009159
:10CA40004208C05A427C60D3C7FFFF17150080D24E
:10CA5000D5FFFF17E03340F9150000F9D4FFFF17A9
:10CA6000E203022A030080D27F0002EB410000545F
:10CA7000C0035FD624686338630400910040C41A81
:10CA8000FAFFFF17FD7BBFA9E003202AFD030091F9
:10CA9000F4FFFF97E003202AFD7BC1A8C0035FD607
:10CAA000FD7BBDA9FD030091F35301A9F30301AA86
:10CAB000F403002AF55B02A9F603032A3540228B12
:10CAC0007F0215EBC3000054F55B42A9E003142A72
:10CAD000F35341A9FD7BC3A8C0035FD6A50213CBC6
:10CAE000E10313AADF02056BE003142AC532851A9D
:10CAF000E203052AE4FFFF9773C2258BF403002AA3
:10CB00002DE5FF97EFFFFF17FD7BBDA9FD0300910A
:10CB1000F30B00F9F30302AAE203012AE10300AADE
:10CB200000008052DFFFFF970008C05AE1B3009178
:10CB3000820080D2E02F00B9E00313AAB200009473
:10CB4000F30B40F9FD7BC3A8C0035FD6FD7BBFA9F3
:10CB5000C000009000C82191FD0300916FE1FF9794
:10CB600000000014FD7BBDA9FD030091F51300F941
:10CB7000F503012A01FC0091F35301A921E47A9203
:10CB8000F40300AA000880D24FE4FF97F30300AA41
:10CB9000A00000B495007836E20314AA0100805288
:10CBA0007F000094F51340F9E00313AAF35341A961
:10CBB000FD7BC3A8C0035FD6620300B4A60000D00B
:10CBC000C6843991050080D20468653823686538C9
:10CBD00064020034430200349F00036B8001005460
:10CBE000877C4093C76867386700003684800011EF
:10CBF000841C0012C7C863386700003663800011C8
:10CC0000631C00127F00046BA1000054A504009176
:10CC1000BF0002EBA1FDFF54E303042A8000034B95
:10CC2000C0035FD60300805204008052FCFFFF1750
:10CC3000E27F40B2E1FFFF17020080D22368623832
:10CC40000368223842040091A3FFFF35C0035FD67A
:10CC5000E50300AA030080D224686338A268633821
:10CC6000630400914000046B8408407A61FFFF5424
:10CC7000C0035FD6E50300AA040080D25F0004EB86
:10CC800061000054000080520700001426686438D8
:10CC9000A3686438840400916000066BC408407A7D
:10CCA000E1FEFF54C0035FD6211C00120200403990
:10CCB0005F00016B41000054C0035FD66200003486
:10CCC00000040091FAFFFF17000080D2FBFFFF175E
:10CCD000E10300AA2200403962000035200000CBA9
:10CCE000C0035FD621040091FBFFFF17FD7BBFA9A6
:10CCF000E40300AAE303012AFD030091631C001270
:10CD0000F4FFFF978000008B010040393F00036B68
:10CD1000A0000054000400D19F0000EB69FFFF5405
:10CD2000000080D2FD7BC1A8C0035FD60100018B4B
:10CD3000E20300AA5F0001EB6000005443004039A9
:10CD400063000035400000CBC0035FD64204009171
:10CD5000F9FFFF17FD7BBEA9FD030091F30B00F95E
:10CD6000F30300AAE00000B4DAFFFF97000400918B
:10CD700010E2FF97E40300AAC00000B5F30304AA81
:10CD8000E00313AAF30B40F9FD7BC2A8C0035FD6F2
:10CD9000E10313AAA9FFFF97F9FFFF17030840F269
:10CDA00081020054261C4092040080D2050180526A
:10CDB000C42004AAA5040071C1FFFF54450003CBA1
:10CDC000BF1C00F10801005444F07D9242084092DB
:10CDD0000400048B030080D25F0003EBE1000054E9
:10CDE000C0035FD6046823F863200091F4FFFF17A7
:10CDF000E40300AAF8FFFF17816823386304009159
:10CE0000F6FFFF171F0001EB00010054030001AA09
:10CE1000630840F220010054E40300AA030080D21A
:10CE20005F0003EBE1010054C0035FD6246863F8A0
:10CE3000046823F863200091440003CB9F1C00F199
:10CE400068FFFF5443FC43D3E4008092637C049B5F
:10CE50004200038B040003CB210003CBF0FFFF173C
:10CE6000256863388568233863040091EDFFFF1758
:10CE7000E60300AA1F0001EB890000542300028B87
:10CE80007F0000EB08010054FD7BBFA9E00306AA68
:10CE9000FD030091DCFFFF97E00306AAFD7BC1A81C
:10CEA000C0035FD60100028BE20322AA000080D2F9
:10CEB000000400D11F0002EB61000054E00306AA49
:10CEC000C0035FD66468603824682038F9FFFF1714
:10CED000E50300AA040080D25F0004EB6100005467
:10CEE0000000805206000014A3686438206864388B
:10CEF000840400916000006B00FFFF54C0035FD604
:10CF00000200028B211C00121F0002EB6100005482
:10CF1000000080D2C0035FD6E30300AA6414403847
:10CF20009F00016B80FFFF54E00303AAF7FFFF1788
:10CF3000E40300AA030080D2000080523F00036B8C
:10CF40004C000054C0035FD68268633863040091CC
:10CF50000200024B401C0012F9FFFF17FD7BBEA927
:10CF6000FD030091F35301A9F40300AA74D1FF97C4
:10CF7000F30300AA70D1FF97017D80D2E003002A5D
:10CF8000737E019B600AC09A000014CBF35341A941
:10CF9000FD7BC2A8C0035FD6FD7BBEA9FD03009147
:10CFA000F35301A9F40300AA65D1FF97F30300AA84
:10CFB00061D1FF97017D80D2737E019B0108C19AE8
:10CFC000217C4092730AC19A600214CBF35341A9A9
:10CFD000FD7BC2A8C0035FD6FD7BBEA9FD03009107
:10CFE000F30B00F956D1FF97F30300AA52D1FF9734
:10CFF000014888D2E003002AE101A0F2737E019B80
:10D00000600AC09AF30B40F9FD7BC2A8C0035FD64B
:10D01000FD7BBEA9FD030091F30B00F9F30300AA09
:10D0200045D1FF97737E009B004888D2E001A0F2B3
:10D03000600AC09AF30B40F9FD7BC2A8C0035FD61B
:10D04000FD7BBEA9FD030091F35301A9F40300AADF
:10D050003BD1FF97F30300AAE00314AAEDFFFF976B
:10D060007302008B7306009135D1FF971F0013EBFD
:10D07000C3FFFF54F35341A9FD7BC2A8C0035FD691
:10D08000FD7BBDA9FD030091F35301A9F30300AAA1
:10D09000F51300F915D092D21513A0F2C6E3FF974D
:10D0A0007F0215EB7492959AE00314AAE5FFFF97AF
:10D0B000730214EB41FFFF54F35341A9F51340F9F8
:10D0C000FD7BC3A8C0035FD6000080D2C0035FD63B
:10D0D000FD7BB9A9FD030091F35301A9F44301912C
:10D0E000F30301AAF55B02A9B50000B0B5AA31911E
:10D0F000E10315AAF6830191F76303A9F703022A56
:10D10000F80300AA020280D2E00314AAF92300F96E
:10D110003DFFFF97E00316AA020280D2A102028B14
:10D1200039FFFF97FF0240F2A00000F09602969AA6
:10D1300000702291FF027FF2B50000F0B5862291C7
:10D14000140080D2B502809A175580D2B90580525A
:10D15000C06A7438E10315AA026B6038E00313AAB1
:10D1600033040094E026D49A60010037730A0091DA
:10D17000940600919F4200F1C1FEFF54F35341A970
:10D18000F55B42A9F76343A9F92340F9FD7BC7A8E2
:10D19000C0035FD6730E009179F21F38F5FFFF17B9
:10D1A000FD7BBFA9FD030091DCDFFF9740018052AA
:10D1B000C5DFFF9766FEFF97FD7BB7A9FD030091D2
:10D1C000E18B05A9E1430291E10703A9E143019144
:10D1D000E12300F9E1068012E14B00B9E14300913F
:10D1E000FF4F00B9E39306A9E20F43A9E20F01A99B
:10D1F000E20F44A9E20F02A9E59B07A9E74700F95E
:10D200001F04009440018052AFDFFF9750FEFF974C
:10D21000281C44D3E20300AA202C48D3257C0C53BD
:10D220000301000BC40080526330410B210C00123B
:10D23000A60C050BC600080B6304041BA119805241
:10D2400044018052677C011BE77C0B53E38C041B79
:10D2500063C00011430000390308000B6300070B93
:10D260006300062B6100005440040091C0035FD6A8
:10D27000667C011BC67C0B53C004000BC38C041BD3
:10D2800063C0001143040039A300002A6300003585
:10D2900040080091F6FFFF17A3018052037C031B97
:10D2A000637C07536508052B6080041B00C00011D8
:10D2B0004008003961000054400C0091ECFFFF175A
:10D2C000A17C011B217C0B532494041B84C00011FE
:10D2D000440C00396100003540100091E4FFFF1755
:10D2E00021C000114014009141100039E0FFFF17E8
:10D2F000E9D390D2CB0080522900A0F228050091FA
:10D30000A719805246018052AA0180523F0009EBC2
:10D3100048000054BFFFFF172208C89A001400916C
:10D320004584089BE10302AAAD1C0453A22C0853B8
:10D33000A401020BA37C0C538430450BA50C0012F6
:10D340006C0C030B8C010D0B84140B1B857C071BD1
:10D35000A57C0B53A490061B84C0001104B01F3899
:10D360004408020B8400050B84000C0B857C071B12
:10D37000A57C0B53A204020BA490061B84C00011D1
:10D3800004C01F38447C0A1B847C07538308030BAA
:10D390008288061B42C0001102D01F38627C071B26
:10D3A000427C0B53438C061B42C0001163C000112A
:10D3B00003E01F3802F01F38D5FFFF17FD7BB5A92A
:10D3C000EF0301AAEE0300AAFD030091F35301A9A4
:10D3D000E10302AAF403042AF55B02A9F303052A78
:10D3E000F603032AF76303A9F503062AF96B04A9D8
:10D3F000FB2B00F9950230367F280071F9079F1A40
:10D40000B8021B12BA021C1255002036B57A1F1240
:10D4100075090836C101F8B6E10301CB9406005145
:10D42000B7058052D9010035DF2A00710109005487
:10D43000FBA30191E0031BAAAEFFFF9700001B4B6B
:10D440000E000014D9001A12EEFFFF171507103650
:10D45000940600517705805299000034DF42007134
:10D46000200700549406005101FEFFB500068052CB
:10D47000E0A30139200080D21F00136B21028052EB
:10D4800005A0931A8202054BBF02016A600A00548C
:10D49000B7000034DF010FEB42000054D701003920
:10D4A000CE050091D9010034DF010FEB620000547A
:10D4B00001068052C1010039C1050091DF420071AF
:10D4C00041090054FF0101EB89000054010B805217
:10D4D0000103012AC1050039CE0900915A02003525
:10D4E00001068052BF0240F204048052E303022A84
:10D4F0008400811AE1030EAA63040071A507005499
:10D5000043040051E103022A7F040031E4B79F1A6B
:10D510009F00007121109F9AE207825ACE01018B71
:10D520004200030B010680523B00001495001836A0
:10D530009406005117048052C8FFFF17170080524D
:10D54000C6FFFF17940A005121F9FFB4DF420071B2
:10D55000C40000D0E3179F1AC6060051630C0011E7
:10D56000E5A3019184881391020080D22000068AED
:10D570002124C39A001C4092806860380003002A6E
:10D5800040682538E00302AA4204009101FFFFB57C
:10D5900000040011B9FFFF173F000FEB42000054D9
:10D5A00024000039210400916304007165FFFF54D9
:10D5B00041040051A400144B3F040031E3B79F1A0B
:10D5C0007F00007142109F9A84109F1ACE01028B37
:10D5D0002200040BAFFFFF17E303022AE1030EAAA8
:10D5E00004048052F1FFFF17EE0301AABCFFFF17EE
:10D5F0003F000FEB42000054240000392104009149
:10D60000BEFFFF17DF010FEB42000054C1010039DC
:10D61000CE050091A50400511F00056B4DFFFF547E
:10D6200005040051E1A30191E403002AE3030EAADB
:10D6300021C0258B84040071A5020054BF04003171
:10D64000E103022A00A09F9A03048052CE01008BBE
:10D65000E0030EAA2104007185020054E003022AAF
:10D66000420400515F04003100A09F9AF35341A986
:10D67000C001008BF55B42A9F76343A9F96B44A98C
:10D68000FB2B40F9FD7BCBA8C0035FD67F000FEBDF
:10D69000620000542600403966000039630400919E
:10D6A000210400D1E4FFFF171F000FEB42000054DC
:10D6B0000300003900040091E7FFFF17FD7BBCA9C0
:10D6C000FD030091F35301A9F40300AAF303032A15
:10D6D000F55B02A9F60301AAF71B00F9F703052A77
:10D6E000C20300B5B50000F0B59A2291817C409349
:10D6F000E00315AA8EFDFF97E303002A7705203685
:10D70000020080D27F00026B8C050054027C4092A4
:10D710001F00007142A09F9A050480529402028B60
:10D72000E20314AA6402140B8100024B7F00016B18
:10D730002B0500547F02006B6102004B21A09F9AD1
:10D74000F55B42A98002018BF35341A9F71B40F915
:10D75000FD7BC4A8C0035FD6F50302AAE4FFFF1750
:10D760005F0016EB4200005445000039420400916E
:10D770008100024B7F00016B4BFFFF541F00136BB6
:10D780006102004BE2C79F1A5F00007121109F9A4F
:10D790009402018B610600511300134B73129F1A00
:10D7A0007302010BD7FFFF17E20314AA6402140BE4
:10D7B00005048052EFFFFF178102028BDF0201EBAD
:10D7C00069000054A1164038816A22384204009151
:10D7D000CDFFFF175F0016EB4200005445000039F3
:10D7E00042040091D1FFFF17FD7BB5A9FD03009115
:10D7F000F35301A9140001ABF55B02A9F60300AADB
:10D80000F76303A9F96B04A9FA0302AAFB7305A93C
:10D81000E13700F9675440A97C1840B983000054EF
:10D82000E00320AA14008092E03700F9F30316AA5F
:10D83000B90000B020B33091E03B00F9400340391B
:10D8400040020035E03740F9000100B47F0214EBDC
:10D85000420000547F020039600600919F0200EBF5
:10D86000420000549FF21F386002164BF35341A947
:10D87000F55B42A9F76343A9F96B44A9FB7345A97A
:10D88000FD7BCBA8C0035FD61F940071C00000547D
:10D890007F0214EB420000546002003973060091CD
:10D8A000C7000014180080520D0000143FB400712E
:10D8B000200100543FC000718004005422C0005178
:10D8C000421C00125F240071C80100541B008052EA
:10D8D0002400001418031C32FA0300AA410740393F
:10D8E000400700913FAC00714002005408FEFF5415
:10D8F0003F800071200200543F8C007120020054D0
:10D900003FA8007161060054400B0091DC04F83719
:10D91000E22C0091E10307AA47F07D923B0040B959
:10D92000BB02F836FB031B4B18031C321200001419
:10D9300018031E32E9FFFF1718031D32E7FFFF1718
:10D9400018031A32E5FFFF1718030032E3FFFF1731
:10D9500042018052000400916107021B3BC000514C
:10D960000100403922C00051421C00125F240071A6
:10D9700009FFFF54010040393FB80071810B00548A
:10D98000040440390204009181C00051211C00129E
:10D990003F24007148080054040080524601805220
:10D9A00011000014822300115F000071CD000054AB
:10D9B000E32C0091E10307AAFC03022A67F07D92A1
:10D9C000D7FFFF17A1C23C8BFC03022AD4FFFF172D
:10D9D0001B008012E8FFFF178404061B420400911D
:10D9E00084C000514100403920C00051001C001289
:10D9F0001F24007129FFFF549F00007199A09F1AF6
:10DA00004000403901300151211C00123FB8007123
:10DA100088070054230088D20300A2F22320C8F212
:10DA20006124C19AE10600365A0400911FB00171C9
:10DA3000C1000054410440393FB0017161000054FD
:10DA40005A08009180098052410340393FE001713A
:10DA5000E80000543F880171A80500543F9400710C
:10DA6000402A00543F600171A02A00547F0214EB49
:10DA700062000054A0048052600200394103403922
:10DA800060060091412D00349F0200EB49000054D4
:10DA900061060039730A0091490000149FA80071C3
:10DAA000C1020054020800911C01F837E02C0091DB
:10DAB000E1031C2A00F07D92E40040B9FC03012A36
:10DAC000E70300AACDFFFF17812300113F0000717B
:10DAD0008D000054E02C009100F07D92F7FFFF17BD
:10DAE000E00307AAA7C23C8BF4FFFF17E20300AADA
:10DAF00019008012C3FFFF1719008052C1FFFF17E2
:10DB0000FA0302AA00008012D0FFFF17218C0151F6
:10DB10003F540071C8FAFF54E23B40F94158617824
:10DB20006200001041A8218B20001FD61802203768
:10DB3000E1031B2AE00313AA02048052050000142B
:10DB40001F0014EB42000054020000390004009151
:10DB5000210400513F0000714CFFFF546307007126
:10DB600060509F1A7B00004B73C2208B7F0214EB26
:10DB7000220100549C02F837E02C0091E1031C2A9A
:10DB800000F07D92E20040B9FC03012AE70300AAFD
:10DB90006202003973060091E2031B2AE10313AA13
:10DBA00000048052420400515F000071EC010054F7
:10DBB0006307007163509F1A73C2238B5A07009149
:10DBC0001FFFFF17812300113F0000718D000054DB
:10DBD000E02C009100F07D92EBFFFF17E00307AA15
:10DBE000A7C23C8BE8FFFF173F0014EB4200005434
:10DBF0002000003921040091EBFFFF173C02F837A9
:10DC0000F73C0091E6031C2AF7F27D92E20040F90E
:10DC1000E00313AAE503182AE403192AE3031B2AE5
:10DC2000E10314AAE67B00B9A5FEFF97E67B40B9A5
:10DC3000F30300AAFC03062AE70317AAE0FFFF1775
:10DC400086230011DF0000718D000054F73C009125
:10DC5000F7F27D92EEFFFF17F70307AAA7C23C8BEE
:10DC6000EBFFFF17BC02F837F73C0091F7F27D920B
:10DC700040074039E60040F91F84017180070054D5
:10DC8000480300541F340171A00300541F54017154
:10DC9000400F00541F24017180080054E20306AABB
:10DCA0007F070031C1060054260480521B028052B7
:10DCB0000603062A33000014802300111F000071A0
:10DCC000AD000054F73C0091FC03002AF7F27D926E
:10DCD000E8FFFF17A1C23C8BF70307AAFC03002A49
:10DCE000E70301AAE3FFFF171FA40171C005005459
:10DCF0001FB4017141FDFF5418031A32E023029151
:10DD0000C90000D0E20300AA29C913910B031A121B
:10DD1000070080D24C078052CA686738411D44D33F
:10DD20004A0D40922D696138E10300AA2A696A38D8
:10DD30002D2400380A040039AB000035FF1400F12F
:10DD400060000054010C00910C080039E7040091B8
:10DD5000FF1800F141020054057B19123F00003901
:10DD6000E403192AE3031B2A30000014C20040F91F
:10DD7000200880521803002A5B02805206031B32DF
:10DD8000E503192AE4031B2AE10314AAE00313AAFA
:10DD9000030280528AFDFF9727000014E00301AAC6
:10DDA000DEFFFF1718031A32400B4039187B191297
:10DDB0001FD0007141F7FF54E9230291EC03029157
:10DDC000EA0309AA0B0080D2CD058052C1686B38E6
:10DDD000E0030CAAE63F00F90EFDFF9700000CCB14
:10DDE000E63F40F9E103002AE20309AA21040051B9
:10DDF0003F040031C10300542941208B7F0D00F105
:10DE0000400000542D1500386B0500917F1100F182
:10DE1000E1FDFF54E503182AE403192AE3031B2A52
:10DE2000E2030AAA3F010039E10314AAE00313AA9E
:10DE300023FEFF97F30300AA1F0440B188D1FF54CB
:10DE4000A00000B000843991410740390268613870
:10DE5000E1031AAA5A0700915F0840F261FFFF54DC
:10DE6000E70317AAFA0301AA55FFFF1787C961380C
:10DE700047140038DEFFFF17400B40391FB0017117
:10DE800000030054E80100541F08017120030054EE
:10DE90001F30017162008052E213821A260300B41F
:10DEA000E1230291E00306AA8AFCFF97E503182A02
:10DEB000E403192AE3031B2AE2230291DBFFFF1785
:10DEC0001FCC0171A1010054E00306AAE63F00F94E
:10DED0007EFCFF97E20300AAE63F40F9600000B530
:10DEE00022008052EEFFFF17E503182A9DFFFF175F
:10DEF00042008052EAFFFF1702008052E8FFFF173E
:10DF0000E0230291A10000F0219822914BFBFF97A2
:10DF1000E7FFFF171FB00171620216CB61020054C8
:10DF20003C01F837E03C0091E1031C2A00F07D92AF
:10DF3000E30040F9620000F9FC03012AE70300AAAC
:10DF40001FFFFF17812300113F0000718D00005457
:10DF5000E03C009100F07D92F6FFFF17E00307AA76
:10DF6000A7C23C8BF3FFFF17FC00F837E03C0091A1
:10DF7000E1031C2A00F07D92E30040F9620000B941
:10DF8000EEFFFF17812300113F0000718D00005448
:10DF9000E03C009100F07D92F8FFFF17E00307AA34
:10DFA000A7C23C8BF5FFFF177F0214EB82C7FF541B
:10DFB000610200393AFEFF1718031B32010280523A
:10DFC00008000014410740393F14017161000054FA
:10DFD0005A0700911803193218031F324101805269
:10DFE0001F300171E10200545C05F837F73C0091E5
:10DFF000E9031C2AF7F27D92E20040F9E303012ACB
:10E00000E00313AAE603182AE503192AE4031B2AEE
:10E01000E10314AAE97B00B9E9FCFF97F30300AA26
:10E02000E97B40B9FC03092A04FFFF175A0700D116
:10E03000F30300AAE2FEFF1701018052E9FFFF1778
:10E040001FB0017120FDFF5402781A125F68017140
:10E05000C0FCFF541FD0017180FCFF541FA0017150
:10E0600000031F12A10300547C02F837F72C009123
:10E07000E9031C2AF7F27D92E20040B9463C409247
:10E08000423C40931F0000714210869ADCFFFF174C
:10E09000892300113F0100718D000054F73C00916D
:10E0A000F7F27D92D5FFFF17F70307AAA7C23C8BB3
:10E0B000D2FFFF17892300113F0100718D0000542A
:10E0C000F72C0091F7F27D92ECFFFF17F70307AAF8
:10E0D000A7C23C8BE9FFFF171C01F837F72C009112
:10E0E000E9031C2AF7F27D92E20040B9E603022A16
:10E0F000427C4093E4FFFF17892300113F01007128
:10E100008D000054F72C0091F7F27D92F7FFFF1776
:10E11000F70307AAA7C23C8BF4FFFF17FD7BB9A941
:10E12000FD030091F35301A9F30301AAF40300AA2C
:10E13000E10303AAE0430191F51300F9F50302AAF4
:10E14000020480D230FBFF97E00745A9E00703A94E
:10E15000E3C30091E00746A9E20315AAE00704A97A
:10E16000E10313AAE00314AAA0FDFF977FC220EBEE
:10E1700088000054600600517F0200F100109F1AD1
:10E18000F35341A9F51340F9FD7BC7A8C0035FD63F
:10E19000FD7BB6A9FD030091E39307A9E3830291F8
:10E1A000E30F03A9E3C30191E32300F9E304801221
:10E1B000E34B00B9E3430091FF4F00B9E59B08A989
:10E1C000E41744A9E74F00F9E61F43A9E61F01A998
:10E1D000E41702A9E61F05A9E41706A983FDFF9726
:10E1E000FD7BCAA8C0035FD6FD7BBCA9FD030091DF
:10E1F000F35301A9F30300AAF40301AAE10302AA5D
:10E20000020480D2E063228BFFFAFF97E383009140
:10E21000E20314AAE00313AAE17B40B273FDFF9767
:10E22000F35341A9FD7BC4A8C0035FD6FD7BB8A909
:10E23000FD030091E20F05A9E2030291E20B03A99D
:10E24000E2430191E22300F9E2058012E24B00B9BA
:10E25000FF4F00B9E20F43A9E20F01A9E20F44A961
:10E26000E20F02A9E2430091E41706A9E61F07A9FD
:10E27000DEFFFF97FD7BC8A8C0035FD6FF8311D1E7
:10E28000020480D2FD7B00A9FD030091F30B00F98D
:10E29000F30300AAE063228BDBFAFF97E20313AAE1
:10E2A000E3830091E0230191818280D29CFFFF975C
:10E2B000F303002A60000034E023019197DBFF970D
:10E2C000FD7B40A9E003132AF30B40F9FF83119172
:10E2D000C0035FD6FD7BB7A9FD030091E18B05A9C3
:10E2E000E1430291E10703A9E1430191E12300F930
:10E2F000E1068012E14B00B9E1430091FF4F00B904
:10E30000E39306A9E20F43A9E20F01A9E20F44A992
:10E31000E20F02A9E59B07A9E74700F9D8FFFF979D
:10E32000FD7BC9A8C0035FD6E30300AA0000403903
:10E33000A6000090C68439911FC00071610400548A
:10E340006404403960044039C468643864000036AD
:10E3500000800011001C00121FE00171E102005456
:10E360006308009102028052E803022A000080D272
:10E37000870880526400403965004039C4686438B9
:10E380009F00076AE002005464000036A580001177
:10E39000A51C0012A9C00051A45C0151BFE400718A
:10E3A00084C0899A9F00026B63010054410000B44D
:10E3B000230000F9C0035FD65F00007100018052A6
:10E3C0004210801AE9FFFF175F0000714001805280
:10E3D000FCFFFF170011009B63040091E6FFFF178D
:10E3E000042080D2F0FFFF1742018052CFFFFF17B9
:10E3F000FD7BBEA9FD030091F35301A9F40300AA1C
:10E40000F30302AA610000B532FAFF978102008B84
:10E41000200400D19F0200EB4202005423F05F3839
:10E42000A20000904284399143686338A3011036FA
:10E4300003F05F3843686338E3001037530000B4DB
:10E44000600200F9F35341A9010080D2FD7BC2A80C
:10E45000E6FFFF17000400D19F0200EBA1FEFF546E
:10E46000530000B4610200F9F35341A90000809207
:10E47000FD7BC2A8C0035FD6020080D2DDFFFF177C
:10E48000010080D2FDFFFF17E1000090E303002AA6
:10E49000E200009020C0049142C00491E10000908D
:10E4A00021000691210002CBE2E702B2A29999F283
:10E4B00021FC4393217C029B02058052217C229BFC
:10E4C0000100018B3F0000EB61000054000080D28E
:10E4D000C0035FD6020840B95F00036BA0FFFF5482
:10E4E00000A00091F8FFFF17FD7BBDA9E20000909E
:10E4F000E1000090FD030091F35301A942C0049193
:10E5000021000691F51300F9F50300AAF40000902C
:10E5100094C204910020403940030035330002CBFF
:10E52000E0E702B2A09999F273FE4393737E009BD9
:10E5300000058052737E209B9302138B7F0214EBA5
:10E5400061000054140080D207000014811240F9C9
:10E55000E00315AA20003FD600010035800A40B92B
:10E56000A0220039F51340F9E00314AAF35341A99E
:10E57000FD7BC3A8C0035FD694A20091F0FFFF17F4
:10E58000F35341A9F51340F9FD7BC3A8BFFFFF1763
:10E59000FD7BBCA9E100009021000691FD030091E4
:10E5A000F35301A9F400009094C20491F55B02A911
:10E5B000F50300AAE000009000C00491F71B00F9E9
:10E5C000330000CBE0E702B2A09999F273FE4393C7
:10E5D000737E009BA0224039C001003500058052A7
:10E5E000BF220039737E209B9302138B7F0214EBB2
:10E5F00000030054811240F9E00315AA20003FD621
:10E6000020030035800A40B9A0220039110000140F
:10E6100017058052F60314AA777E379B9702178B53
:10E62000FF0216EBC0FDFF54A0224039C10A40B9D9
:10E630003F00006B60000054D6A20091F9FFFF1765
:10E64000C11240F9E00315AA20003FD660FFFF3554
:10E65000F35341A9F55B42A9F71B40F9FD7BC4A820
:10E66000C0035FD694A20091E1FFFF17FD7BBDA917
:10E67000FD030091F35301A9F30300AAF403012A57
:10E68000F51300F9F50303AA0202003597FFFF977F
:10E69000200200B4030840F9230200B4E103142A65
:10E6A000E20315AAE00313AA60003FD61F00007121
:10E6B000210080120000811AF35341A9F51340F99B
:10E6C000FD7BC3A8C0035FD6E003022A6FFFFF975C
:10E6D000F0FFFF17800B8012F8FFFF17A0048012D5
:10E6E000F6FFFF17E30302AA02008052E0FFFF17C4
:10E6F000FD7BBEA9FD030091F30B00F9F30301AA12
:10E700003F0000F9010C40F9610600F9A10000B0DA
:10E71000210C3B91001040F9600A00F97F5A00B9C2
:10E7200060E2009145F9FF9760620091A10000D07E
:10E7300021B4229141F9FF97F30B40F90000805278
:10E74000FD7BC2A8C0035FD6E60300AAE403012A4A
:10E75000E00302AAC50040B9BFB80171E00200544D
:10E760002C020054BF2C0171E00200542C03005411
:10E77000BF50007140030054A10000D0BFF80071E9
:10E7800021E02291A30000D0631823916210819AA6
:10E79000C30440B9A10000D0212423916384011156
:10E7A000A3FEFF17A10000D0BF04027121EC22914B
:10E7B000A30000D0F5FFFF17A30000B062D4399189
:10E7C000F4FFFF17A30000D062002391F1FFFF17B1
:10E7D000A30000D062182391EEFFFF17A30000D022
:10E7E00062E02291EBFFFF17FD7BBDA9FD030091C5
:10E7F000F35301A9F30301AAF40302AAF55B02A9EA
:10E80000F60300AA300A0094F50300AAE00316AA52
:10E81000650A00941F58017181010054A00A40F953
:10E820001F0013EB690100547302148B1F0013EBDC
:10E830002004801200309F1AF35341A9F55B42A9CE
:10E84000FD7BC3A8C0035FD6A0048012FBFFFF17A7
:10E85000C0008012F9FFFF17FD7BBCA9FD030091EA
:10E86000F35301A9F30300AAF55B02A9F50301AA7A
:10E87000F60302AAF71B00F9F70303AADBFFFF97D1
:10E8800000020035E00313AA3F0A0094F40300AA33
:10E89000E00313AA0C0A0094010440F9E30317AA49
:10E8A000F71B40F9E20316AAA102018BE00314AAA8
:10E8B000F35341A9F55B42A9FD7BC4A8B401001440
:10E8C000F35341A9007C4093F55B42A9F71B40F943
:10E8D000FD7BC4A8C0035FD6FD7BBDA9FD030091ED
:10E8E000F35301A9F30300AAF55B02A9F50301AAFA
:10E8F000F60302AABDFFFF97C0010035E00313AA8B
:10E90000210A0094F40300AAE00313AAEE0900947C
:10E91000010440F9E20316AAE00314AAF35341A943
:10E92000A102018BF55B42A9FD7BC3A80A0200147A
:10E93000F35341A9007C4093F55B42A9FD7BC3A83A
:10E94000C0035FD6FD7BBCA9FD030091F35301A971
:10E95000F30300AAF55B02A9F50301AAF60302AAD4
:10E96000F71B00F9F70303AAA0FFFF970002003589
:10E97000E00313AA040A0094F40300AAE00313AA14
:10E98000D1090094010440F9E30317AAF71B40F9E9
:10E99000E20316AAA102018BE00314AAF35341A9D2
:10E9A000F55B42A9FD7BC4A8B2010014F35341A951
:10E9B000007C4093F55B42A9F71B40F9FD7BC4A89E
:10E9C000C0035FD6FD7BBEA9FD030091F35301A9EF
:10E9D000F40300AA00F847391F54017101050054DF
:10E9E00080FE47391FA80271A104005481FA0691E4
:10E9F0000200805200008052230040397F1840F20C
:10EA000001010054231040390004001121400091FD
:10EA10007F0000714204821A1F100071E1FEFF5452
:10EA20001F100071F3079F1A5F000071601A407A8F
:10EA3000A0020054A10000D080DA00912178239137
:10EA4000620080D28CF8FF97A00000352000805231
:10EA5000F35341A9FD7BC2A8C0035FD6A10000D03B
:10EA6000804A019121882391A20080D282F8FF97E9
:10EA7000E0FEFF34E003134BF6FFFF1700008012A7
:10EA8000F4FFFF1700008052F2FFFF17FD7BBEA9C5
:10EA9000220080D2FD030091F30B00F9011040F930
:10EAA00021FC009121E47A9221000191FF6321CBA6
:10EAB000010080D2F3FF009173E67A92E30313AA78
:10EAC000BE0100941F0400F121010054E00313AAC9
:10EAD000BDFFFF971F000071E0039F5ABF03009125
:10EAE000F30B40F9FD7BC2A8C0035FD60000801283
:10EAF000FBFFFF17FD7BB4A9FD030091F35301A9B0
:10EB0000F55B02A9F76303A9F96B04A9F90302AA4B
:10EB1000FB2B00F9021040F942FC009142E47A928A
:10EB200042000191FF6322CBBF7F06A9BF7F07A9E7
:10EB3000BF7F08A9BF7F09A9BF7F0AA9BF7F0BA913
:10EB40007F000471CD010054A00000D000A02391EB
:10EB5000E1FDFF9715008012BF030091E003152A25
:10EB6000F35341A9F55B42A9F76343A9F96B44A9A3
:10EB7000FB2B40F9FD7BCCA8C0035FD6F7FF0091CB
:10EB8000F803032AF7E67A92F60300AAFB0301AA28
:10EB9000FA03042AF30305AAE30317AA220080D28A
:10EBA000860100941F0400F1E0000054C10640B942
:10EBB000E2031BAAA00000D000602491C6FDFF97CD
:10EBC000E5FFFF17E1FA4739E2FE47393F5401718B
:10EBD000610000545FA80271A0000054A00000D0A2
:10EBE00000102591BCFDFF97DBFFFF17A18301916A
:10EBF000E00316AABFFEFF97F503002AE0FAFF35EF
:10EC0000E0FA0691E2FA0791F40300AA8102403982
:10EC10003F1840F28105005481124039410500340B
:10EC20005F03186B01050054BB0000B423180012E9
:10EC30007F14007124184F7A80040054A03B40F9DF
:10EC4000014080D2626200911F0008F10020819A89
:10EC5000600A00F98112407980164079204000AAAC
:10EC600000001B8B600200F9811A4079801E4079F8
:10EC7000204000AA600600F9E103182AE00316AA62
:10EC8000B2FEFF9760E20091A10000B0210C3B9121
:10EC9000EAF7FF9780124039810240391FBC0371A7
:10ECA000E0179F1A00781F533F0002714100005483
:10ECB00000000032605A00B980124039607A013990
:10ECC000A6FFFF17FB0000B481124039C1000034D9
:10ECD000231800127F14007124184F7A400000544A
:10ECE00018070011944200915F0014EB01F9FF54E2
:10ECF00001104039221800125F14007124184F7A55
:10ED0000C1010054021040797F0300F101144079E1
:10ED1000E50313AAE4031A2AE303182AE00316AA58
:10ED2000414001AA2100198B2213819A72FFFF979B
:10ED3000F503002A89FFFF17004000919F0200EBB6
:10ED400081FDFF54E00317AA1FFFFF971F04007106
:10ED500021F0FF547F0200F9014080D2C00E40F93B
:10ED6000600600F9A03B40F97F5A00B91F0008F186
:10ED70000020819A600A00F9A10000B060E20091D1
:10ED8000210C3B91ADF7FF9774FFFF17E50302AA33
:10ED9000E403012A23008052020080D2010080D2C5
:10EDA00055FFFF17E10300AA00805FF8020040F959
:10EDB000423440F9421040F9620000B4F00302AA64
:10EDC00000021FD620008052C0035FD6FD7BB3A98E
:10EDD000FD030091F35301A9F40300AAF55B02A916
:10EDE000F71B00F9B8080094F30300AAE9FDFF97A8
:10EDF0006022403960050034E00314AAB208009490
:10EE0000F50300AAE00314AAE70800941F5C007150
:10EE100081040054B60000D0B70000D0D6B62591CA
:10EE2000F742239133008052E2C30191E103132A98
:10EE3000E00315AA2CFEFF97E0020035830640F997
:10EE4000E20316AAE403132A010480D2E0430191ED
:10EE5000D0FCFF97E0430191BFF7FF97E3230191B7
:10EE6000E20300AAE10317AAE00314AACB09009465
:10EE700080010035E02740F993080094138400B81E
:10EE8000E1C30191020C80D2DFF7FF97E02740F940
:10EE900040080094730600117F06027161FCFF5464
:10EEA000F35341A900008052F55B42A9F71B40F9DA
:10EEB000FD7BCDA8C0035FD6020040F9423440F983
:10EEC000A20000B4420C40F9A20000B4F00302AA70
:10EED00000021FD6A0048012C0035FD6000080523B
:10EEE000FEFFFF17004440F9F4FFFF17FD7BBBA9AD
:10EEF000FD030091F35301A9F55B02A9F503002A74
:10EF0000F603012AE0028052E1230191F71B00F988
:10EF1000F70302AAE10A0094F403002A80020035F4
:10EF2000E02740F9130840F9736201D1E02740F966
:10EF300061620191004000913F0000EB61000054CC
:10EF4000540280120A000014E00313AA5E08009421
:10EF5000010040B93F00156B61010054000440B945
:10EF60001F00166B01010054F30200F9F55B42A982
:10EF7000E003142AF35341A9F71B40F9FD7BC5A810
:10EF8000C0035FD6732E40F9E8FFFF17FD7BB9A9D8
:10EF9000FD030091F35301A9F30300AAF40302AAAD
:10EFA000F55B02A9F50301AAF60303AAF71B00F912
:10EFB00045080094610240F9373440F9E40240F911
:10EFC000440500B401404039C1030034F37F04A973
:10EFD00005000090E10316AAFF7F05A9A5903691D0
:10EFE00043008052FF7F06A9041040F9E0230191FD
:10EFF000827C149BAED7FF97E0000034007C4093E6
:10F00000F35341A9F55B42A9F71B40F9FD7BC7A863
:10F01000C0035FD6E40240F9E20314AAE32B40F9EF
:10F02000E10315AAE00313AA80003FD6F30300AA68
:10F03000E0230191C7D7FF97E00313AAF1FFFF1761
:10F04000F71B40F9E30316AAE20314AAE10315AA89
:10F05000F55B42A9E00313AAF35341A9F00304AA04
:10F06000FD7BC7A800021FD6A0048092E5FFFF1712
:10F07000FD7BB9A9FD030091F35301A9F30300AA95
:10F08000F40302AAF55B02A9F50301AAF60303AA99
:10F09000F71B00F90C080094610240F9373440F97D
:10F0A000E40640F9440500B401404039C10300348E
:10F0B000F37F04A9E5FFFFF0E10316AAFF7F05A98E
:10F0C000A590369123008052FF7F06A9041040F9D5
:10F0D000E0230191827C149B75D7FF9700010034D7
:10F0E000137C4093F55B42A9E00313AAF35341A9B3
:10F0F000F71B40F9FD7BC7A8C0035FD6E40640F9C3
:10F10000E20314AAE32B40F9E10315AAE00313AAD2
:10F1100080003FD6F30300AAE02301918DD7FF972B
:10F12000F1FFFF17F71B40F9E30316AAE20314AA45
:10F13000E10315AAF55B42A9E00313AAF35341A921
:10F14000F00304AAFD7BC7A800021FD6B304809277
:10F15000E5FFFF17FD7BBDA9FD030091F35301A956
:10F16000F30300AAF40301AAF51300F9F50302AAB8
:10F17000D5070094600240F9003440F9030840F9D3
:10F18000230100B4E20315AAE10314AAF51340F920
:10F19000E00313AAF35341A9F00303AAFD7BC3A81C
:10F1A00000021FD6F35341A9A0048092F51340F941
:10F1B000FD7BC3A8C0035FD6004440F974FFFF176E
:10F1C000FD7BBCA9FD030091E1E30091F35301A98C
:10F1D000F51300F9F503002AE00280522F0A00948B
:10F1E00040030035E01F40F953028012140840F933
:10F1F000946201D1E11F40F98062019121400091A8
:10F200001F0001EBC1000054F51340F9E003132A7D
:10F21000F35341A9FD7BC4A8C0035FD6E00314AA41
:10F22000A9070094010040B93F00156B810000540C
:10F23000000440B97F02006B73A2801A942E40F93B
:10F24000946201D1ECFFFF17F303002AEFFFFF17D1
:10F25000FD7BBFA9FD030091DAFFFF971F4C003132
:10F26000A0000054E103202A007C410BFD7BC1A8D3
:10F27000C0035FD600008052FDFFFF17FD7BB6A9DB
:10F28000FD030091F35301A9F403052AF55B02A9DC
:10F29000F603032AF76303A9F80307AAF96B04A985
:10F2A000FA03042AE40302AAFB7305A9A20000B032
:10F2B00042CC2591030440F9E13700F9C10380D223
:10F2C000FB0300AAF90306AAE0030291B1FBFF9732
:10F2D000E0030291A0F6FF97200C00B4F70300AA08
:10F2E0005F07003181060054E003162AD9FFFF971B
:10F2F000F303002AD30AF837E13740F9E3E3019139
:10F30000E20317AAE0031BAAA4080094F503002A4D
:10F31000C0090035E03F40F96B070094160000B9C2
:10F32000857E4093E1CF0432BF0001EAE2E702327A
:10F33000E1079F1ABF0002EAE2079F1ABF3C70F282
:10F34000E39F08321F20003942781F53199401A906
:10F350004108010BE2079F1ABF0003EAE3079F1A67
:10F3600063701D536210020B2100020BE2F30132A5
:10F37000BF0002EA2104811A012800B9E13F40F9E7
:10F38000130400B9014400F9E03F40F9000300F91B
:10F3900089070094F35341A9E003152AF55B42A9BC
:10F3A000F76343A9F96B44A9FB7345A9FD7BCAA880
:10F3B000C0035FD6E1E30191E0028052B7090094F7
:10F3C000F303002A00030035E03F40F9150840F937
:10F3D000B56201D1E03F40F9A16201910040009186
:10F3E0003F0000EB61000054330080120E00001457
:10F3F000E00315AA34070094FC0300AA000040B9FA
:10F40000DF02006BA1010054800740B95F03006B6D
:10F4100041010054E003162A8EFFFF972001F837C0
:10F42000800700B97F02007164BA423A01010054BA
:10F43000F3031A2AB0FFFF17B52E40F9E5FFFF17B7
:10F44000F303002AF8FFFF17F303002AE00317AACB
:10F45000F503132ACED7FF97CFFFFF177501801250
:10F46000CDFFFF17FD7BBBA9FD030091F35301A95D
:10F47000F51300F9F50300AAFF2300F9FF4B00B9CB
:10F48000BB070094F30300AA000041B900781F12E3
:10F49000600201B9740641B9BF3F03D5A04A40F9E3
:10F4A000A10000B0E2F3009121082791170C00940D
:10F4B000C0000035E13F40B980020432947A031263
:10F4C0003F0000719402801AA04A40F9A10000B0E8
:10F4D000E2F30091214027910C0C0094C00000350C
:10F4E000E13F40B980020332947A02123F0000717A
:10F4F0009402801AA04A40F9A10000B0217C279113
:10F50000F40C0094011C0012E103014B21000A12CB
:10F510002100142ABF3F03D5610601B9740A41B91D
:10F52000BF3F03D5A04A40F9A10000B0E20301911A
:10F5300021CC2791630080D25F0C009440010035FC
:10F54000E00748292104005100040051215C1853B0
:10F550002010002AE14B40B9210400513400142A44
:10F560001400142ABF3F03D5740A01B9740E41B9BF
:10F57000BF3F03D5A04A40F9A10000B0E2030191CA
:10F58000210C2891630080D24B0C0094400100357F
:10F59000E00748292104005100040051215C185360
:10F5A0002010002AE14B40B9210400513400142AF4
:10F5B0001400142ABF3F03D5740E01B9600241B98B
:10F5C00000000032600201B900008052F35341A9EB
:10F5D000F51340F9FD7BC5A8C0035FD6400300B416
:10F5E000FD7BBEA9FD030091F35301A9F40300AA1A
:10F5F000000040F99F0600F9133440F973E201D18D
:10F60000800240F961E2019100A001913F0000EB0E
:10F6100081000054F35341A9FD7BC2A8C0035FD60B
:10F62000E00313AAE00600941F7C007181000054DF
:10F63000E00313AAAA060094E9FFFF97733E40F97E
:10F64000EFFFFF17C0035FD6E20300AAE00301AAA1
:10F65000010100B4410040F9213440F9020000F9F1
:10F66000210440F9610000B4F00301AA00021FD692
:10F6700000008052C0035FD6FD7BBDA9FD03009151
:10F68000F35301A9F30301AAF40300AA010040F90E
:10F69000E2A30091E0038052D10A0094C00100353A
:10F6A000E01740F9600200F9000040F9003440F929
:10F6B000020040F9620100B4E10314AAE00313AAB6
:10F6C00040003FD680000035E01740F9E10313AA5F
:10F6D000DEFFFF97F35341A9FD7BC3A8C0035FD6AC
:10F6E000800A40B91F040071EC000054800000340F
:10F6F000800E40B960FE01A9F4FFFF17000080D220
:10F70000FDFFFF17A0028012F3FFFF17FD7BB9A9D1
:10F71000E403022AA20000B0FD030091F30B00F9FC
:10F72000E58300917F0000F9F30303AA42C028910A
:10F7300003008052004840F9160C0094A0000035E8
:10F740007F0200F9E10313AAE0830091CBFFFF974A
:10F75000F30B40F9FD7BC7A8C0035FD6FD7BB9A9B9
:10F76000E403012A03008052FD030091F30B00F92A
:10F77000F30302AAE5830091A10000B0A20000B04B
:10F7800021082A9142C02891020C00947F0200F9BE
:10F7900080000035E10313AAE0830091B7FFFF97D3
:10F7A000F30B40F9FD7BC7A8C0035FD6004840F9C2
:10F7B000EBFFFF17FD7BBEA9FD030091F35301A9E9
:10F7C000F40300AAF30302AA5F0000F9410100B4A8
:10F7D000E20301AAA10000B021F42891CB0B009410
:10F7E000E103002AA000F836F35341A9FD7BC2A82B
:10F7F000C0035FD601008052E20313AAE00314AAFB
:10F80000F35341A9FD7BC2A8D5FFFF17004840F97B
:10F81000E9FFFF17200100B4010040F9E10000B446
:10F82000210040F9213440F9210C40F9A10000B435
:10F83000F00301AA00021FD6000080D2C0035FD6E9
:10F84000A0048092FEFFFF17A00100B4000040F961
:10F85000600100B4FD7BBFA9FD0300914A0600943E
:10F86000800000B540028092FD7BC1A8C0035FD636
:10F870001B060094A0FFFFB5FBFFFF17C0035FD678
:10F88000600400B4FD7BBDA9FD030091F35301A901
:10F89000F30300AAF51300F9000040F9C00300B417
:10F8A000F40301AA000040F9153440F9A01240F910
:10F8B000600100B4E00313AA49FFFF97A21240F9C8
:10F8C000E10314AAF51340F9E00313AAF35341A985
:10F8D000F00302AAFD7BC3A800021FD6601240B944
:10F8E00040021036E00313AAD8FFFF97F30300AAE3
:10F8F000A00000B41F0440B168000054000040F9AB
:10F9000020FDFFB54002809204000014000080D268
:10F91000C0035FD6000080D2F35341A9F51340F92C
:10F92000FD7BC3A8C0035FD6A0048092FBFFFF1736
:10F93000200100B4010040F9E10000B4210040F9C9
:10F94000213440F9211840F9A10000B4F00301AAC4
:10F9500000021FD600008052C0035FD6A0048012B0
:10F96000FEFFFF17200100B4010040F9E10000B4E0
:10F97000210040F9213440F9211C40F9A10000B4D4
:10F98000F00301AA00021FD600008052C0035FD618
:10F99000A0048012FEFFFF17FD7BBCA9FD030091B0
:10F9A000F35301A9F55B02A9F71B00F9800400B429
:10F9B000F50300AA000040F9200400B4000040F95B
:10F9C000B6048012173440F9E01640F9C00300B4C1
:10F9D000F40301AAE00301AAD6FFFF971F000071FC
:10F9E000F303002A0410567A80010054800240F983
:10F9F000010440F9A00000B00024299136FAFF97D5
:10FA0000F55B42A9E003132AF35341A9F71B40F920
:10FA1000FD7BC4A8C0035FD6E21640F9E10314AA37
:10FA2000E00315AA40003FD6F303002AA0FEFF34EE
:10FA3000E00314AACCFFFF97F2FFFF1713008052D8
:10FA4000F0FFFF17F303162AEEFFFF17FD7BB5A9A2
:10FA5000FD030091F35301A9F40300AAF55B02A989
:10FA6000F76303A9F96B04A9FB2B00F9004840F9DF
:10FA70002002F8B7B60000B0D68A2991F503012A12
:10FA800003008052E10316AAA20000B042C02891F0
:10FA90005A0B0094F303002A2007F836804A40F9F5
:10FAA000B60000B0D6262A91E10316AAEF0A009408
:10FAB0002007F836000080522A000014E30317AA3A
:10FAC000E2031A2AE10316AAE00314AA10FFFF9723
:10FAD0001F080031A10000545A0700117F021A6B61
:10FAE000E1FEFF54EEFFFF17C0030035FF0640B1F3
:10FAF00089000054E003172A40030035E8FFFF1790
:10FB0000E30318AAE2031A2AE10319AAE00314AADC
:10FB1000FFFEFF971F14083100FEFF54200200353E
:10FB2000E03340F99F0200EBD500003560FDFF5443
:10FB30001F0740B1A9000054E003182AEFFFFF1788
:10FB4000C1FCFF54FBFFFF17E10317AAE00318AA4B
:10FB500092FFFF971F98003100FCFF54E0FBFF3637
:10FB6000F35341A9F55B42A9F76343A9F96B44A993
:10FB7000FB2B40F9FD7BCBA8C0035FD6B90000B0DA
:10FB8000F7230291F883019139E729911A008052F5
:10FB9000D3FFFF17007C4093810080D213FC42D337
:10FBA000E00313AA11D8FF97F70300AA600000B57D
:10FBB00060018012EBFFFF17E20300AAE30313AA20
:10FBC000804A40F9E10316AABB0A0094C007003539
:10FBD000B90000B0FB23029139E72991F603132AFB
:10FBE000180080D213008052DF02186BAD0500545C
:10FBF000E07A78B860020034E3031BAAE203182A13
:10FC0000E10319AAE00314AAFA03182AC0FEFF9719
:10FC1000F303002A1F14083180000054A0000034B0
:10FC20001F080031A1010054130080520500001488
:10FC3000E04740F99F0200EB950000358100005439
:10FC400018070091E9FFFF17C1FFFF547F0740B17C
:10FC5000A9000054F3031B2A7F02007160D29F1A8F
:10FC6000C0FFFF17E17A78B8E0031BAA05FFFF97F2
:10FC7000E50300AAF303002A1F04403129FEFF54C4
:10FC8000E45340F9A00000B000782A91140100B4B8
:10FC9000810A40A9E3031A2A210040F98EF9FF974F
:10FCA000E00317AABAD5FF97ECFFFF17A20000B038
:10FCB000A10000B0E3031A2A42782B9121A42B91D2
:10FCC000F7FFFF17F303002AF6FFFF17FD7BBFA91D
:10FCD00021008052FD0300915DFFFF9700008052DC
:10FCE000FD7BC1A8C0035FD6FD7BBDA9FD030091CC
:10FCF000F35301A9F40300AA000580D2F51300F91B
:10FD0000F50301AA0100905297F3FF97A00100B4F8
:10FD1000F30300AAE20300AAE10315AAE00314AA70
:10FD2000BBFEFF9740000034137C4093F51340F96D
:10FD3000E00313AAF35341A9FD7BC3A8C0035FD618
:10FD400073018092FAFFFF1700008052C0035FD654
:10FD5000001440F9C0035FD6FD7BBFA9FD030091ED
:10FD6000000040F9D2040094001440F9FD7BC1A8C2
:10FD7000C0035FD6FD7BBEA902008052FD03009147
:10FD8000F35301A9F40300AAF30301AA004840F9C0
:10FD9000A10000B021BC2B91DF090094007C4093AE
:10FDA000601600F9E10313AAE00314AA0605009403
:10FDB000740200F97F1600B97F0E00F9F35341A9D0
:10FDC000FD7BC2A8C0035FD6FD7BBEA9FD030091E9
:10FDD000F30B00F9F30300AAB5040094E10300AAB1
:10FDE000E00313AAE4FFFF97F30B40F900008052F1
:10FDF000FD7BC2A8C0035FD6FD7BBEA9FD030091B9
:10FE0000F30B00F9000040F9A9040094F30300AAE1
:10FE100081FEFF971F0440B1A8000054612A40B939
:10FE20000008C19A612E40B9007C019BF30B40F998
:10FE3000FD7BC2A8C0035FD6FD7BBDA9FD03009179
:10FE4000F35301A9F40300AAF51300F998040094F0
:10FE500001008052E20300AAF30300AAE00314AAFF
:10FE600053FEFF97F503002AA0010035804A40F9B0
:10FE700022008052A10000B021802C91A60900949C
:10FE8000602A00B922008052A10000B0804A40F9E7
:10FE900021A82C91A0090094602E00B9F35341A928
:10FEA000E003152AF51340F9FD7BC3A8C0035FD614
:10FEB00024344CD30224001200244092213448D32D
:10FEC0000020C49A1F9001F168010054830C80D275
:10FED0006308C09A607C021BE103012A0020C49AD7
:10FEE0000008C19A00100051002400120040032AAB
:10FEF000C0035FD623008052F7FFFF170000805237
:10FF0000C0035FD6FD7BBDA9E103012AFD0300917B
:10FF1000F35301A9F303022AF51300F9F50300AA2C
:10FF2000000040F9016861B8BF3F03D5F403012A1E
:10FF3000214450D33F0400F1200200543F0800F157
:10FF400020020054410200B56AC3FF97E103002A72
:10FF5000A00240F9006873B8BF3F03D5822E48D392
:10FF600000244092F35341A92108C29AF51340F9A5
:10FF7000FD7BC3A8007C019BC0035FD66DC3FF97C8
:10FF8000F3FFFF176EC3FF97F1FFFF17610080D2E9
:10FF9000F0FFFF17FD7BBEA9FD030091F35301A9FC
:10FFA000F40300AA42040094F30300AAE00314AA95
:10FFB000E50400941F0400B1C0000054600200F981
:10FFC00000008052F35341A9FD7BC2A8C0035FD655
:10FFD000A0028012FCFFFF17FD7BBDA9FD0300916D
:10FFE000F35301A9F51300F9130040F9BF3F03D5FE
:10FFF000000040F97312009115C489D2013000B994
:020000021000EC
:10000000000080D2D6F3FF97F40300AA600240B943
:10001000BF3F03D520010036E00314AAD0F3FF97B9
:100020001F0015EBA8000054200080D215F4FF97A4
:10003000E1D7FF97F6FFFF17F35341A9F51340F9F6
:10004000FD7BC3A8C0035FD6FD7BBDA9FD03009166
:10005000F35301A9F51300F9130040F9BF3F03D58D
:10006000000040F97312009115C489D2018800B9CB
:10007000000080D2BAF3FF97F40300AA600240B9EF
:10008000BF3F03D520010036E00314AAB4F3FF9765
:100090001F0015EBA8000054200080D2F9F3FF9751
:1000A000C5D7FF97F6FFFF17F35341A9F51340F9A2
:1000B000FD7BC3A8C0035FD6FD7BBDA9FD030091F6
:1000C000F35301A9F51300F9130040F9BF3F03D51D
:1000D000000040F97312009115C489D2010000B9E3
:1000E000000080D29EF3FF97F40300AA600240B99B
:1000F000BF3F03D520010036E00314AA98F3FF9711
:100100001F0015EBA8000054200080D2DDF3FF97FC
:10011000A9D7FF97F6FFFF17F35341A9F51340F94D
:10012000FD7BC3A8C0035FD6020040F9E1010035A2
:10013000425040B9BF3F03D54201C0360200805251
:10014000030040F961010035635040B9BF3F03D55A
:10015000420400115FA00F710001005423FFC73754
:1001600000008052C0035FD642A440B9F2FFFF17DF
:1001700063A440B9F6FFFF17A00D8012FAFFFF1726
:10018000850000D00800885209008852E40300AAC4
:10019000A5D01191FD7BBFA9060080520820A07256
:1001A0000960A072FD030091A7004079E000082AD1
:1001B000A1030035BF3F03D5820040F9405000B98C
:1001C000E00304AAD9FFFF97A0030035800040F99F
:1001D00021030035005440B9BF3F03D5A20840B900
:1001E0000200220AA00440B94200002AE240022A8A
:1001F0004200092A81020035BF3F03D5800040F943
:10020000025000B9E00304AAC6040011C7FFFF971B
:10021000A5300091DF10007181FCFF54FD7BC1A867
:10022000C0035FD6BF3F03D5820040F940A400B9A8
:10023000E4FFFF1700A840B9E8FFFF170000805255
:10024000E7FFFF17BF3F03D5800040F902A400B9C4
:10025000EDFFFF17FD7BBBA9FD030091F35301A93F
:10026000F30300AAF55B02A9F76303A988C2FF970D
:10027000F40300AAE00313AA8D030094160040F9CA
:10028000B42700B4F30300AA00C49ED2A1230191B5
:1002900022008052E000A0F257C2FF97600240F9AE
:1002A000F5030091010040B9BF3F03D520608052A3
:1002B0002100002AE00313AA80FFFF97E00313AA9E
:1002C000C11E805245FFFF97E00313AAE11D805233
:1002D0005EFFFF97610240F9204840B900741E128A
:1002E000204800B9610240F9209C40B900741E12F8
:1002F000209C00B9802240B9850A40B9E103052A53
:10030000A5781E12EBFEFF97BF3F03D5610240F9AF
:10031000254800B9820E40B9BF3F03D5610240F9BC
:10032000224C00B9BF3F03D5610240F9205800B903
:10033000811240B9BF3F03D5600240F9015C00B9AA
:10034000811640B9BF3F03D5600240F9016000B992
:10035000811A40B9BF3F03D5600240F9016400B97A
:10036000811E40B9BF3F03D5600240F9016800B962
:10037000812240B9BF3F03D5600240F9016C00B94A
:10038000810240B9BF3F03D5600240F9014000B986
:10039000810640B9BF3F03D5600240F9014400B96E
:1003A000804640B9852E40B9E103052AA5781E1282
:1003B000C0FEFF97BF3F03D5610240F9259C00B9FD
:1003C000823240B9BF3F03D5610240F922A000B993
:1003D000BF3F03D5610240F920AC00B9813640B976
:1003E000BF3F03D5600240F901B000B9813A40B97E
:1003F000BF3F03D5600240F901B400B9813E40B966
:10040000BF3F03D5600240F901B800B9814240B94D
:10041000BF3F03D5600240F901BC00B9814640B935
:10042000BF3F03D5600240F901C000B9812640B941
:10043000BF3F03D5600240F9019400B9812A40B959
:10044000BF3F03D5600240F9019800B9A04B40B905
:1004500040128037BF3F03D5A4BFFF9721008052D1
:1004600001FC00B9814A40B9BF3F03D5600240F9A1
:1004700001D400B9814E40B9BF3F03D5600240F9B5
:1004800001D800B9815240B9BF3F03D5600240F99D
:1004900001DC00B9815640B9BF3F03D5600240F985
:1004A00001E000B9815A40B9BF3F03D5600240F96D
:1004B00001E800B9815E40B9BF3F03D5600240F951
:1004C00001EC00B9816240B9BF3F03D5600240F939
:1004D00001F000B9816640B9BF3F03D5600240F921
:1004E00001F800B9816A40B9BF3F03D5600240F905
:1004F00001FC00B9816E40B9BF3F03D5600240F9ED
:10050000010001B9817240B9BF3F03D5600240F9D3
:10051000010401B9817640B9BF3F03D5600240F9BB
:10052000010801B9817A40B9BF3F03D5600240F9A3
:10053000010C01B9610240F9204840B900040032C1
:10054000204800B9610240F9209C40B90004003203
:10055000209C00B9E00313AA0100805209FFFF9715
:1005600021008052E00313AA06FFFF97600240F9C2
:10057000005C40B9BF3F03D500000532BF3F03D543
:10058000610240F9205C00B9600240F9006040B9A6
:10059000BF3F03D500000532BF3F03D5610240F9DC
:1005A000206000B9600240F9006440B9BF3F03D544
:1005B00000000532BF3F03D5610240F9206400B955
:1005C000600240F9006840B9BF3F03D50000053222
:1005D000BF3F03D5610240F9206800B9600240F9CD
:1005E00000B040B9BF3F03D500000532BF3F03D57F
:1005F000610240F920B000B9600240F900B440B98E
:10060000BF3F03D500000532BF3F03D5610240F96B
:1006100020B400B9600240F900B840B9BF3F03D52B
:1006200000000532BF3F03D5610240F920B800B990
:10063000600240F900BC40B9BF3F03D5000005325D
:10064000BF3F03D5610240F9D412009117208052B8
:1006500018C489D23700A07220BC00B9000080D233
:100660003FF2FF97F60300AA800240B9BF3F03D5CF
:10067000FF02206AA0010054E00316AA38F2FF9797
:100680001F0018EB28010054200080D27DF2FF9754
:1006900049D6FF97F5FFFF17BF3F03D513BFFF975D
:1006A0001FFC00B970FFFF17BF3F03D5610240F97F
:1006B00020008052207800B9BF3F03D5610240F985
:1006C00020CC00B9600240F9004840B9BF3F03D5D3
:1006D00000000332BF3F03D5610240F9204800B952
:1006E000600240F9009C40B9BF3F03D500000332CF
:1006F000BF3F03D5610240F9209C00B9E00313AA73
:100700000100805235FEFF97E00313AA01008052DA
:100710004EFEFF97610240F9E2BD8712201440B9F6
:1007200000741C12201400B9610240F920F440B991
:100730000000020A20F400B9404238D5000C0253F0
:100740001F0C0071A100005400809052E0FAA272C8
:1007500000E01BD500E03BD5600240F9010040B944
:10076000BF3F03D521781F12E00313AA53FEFF9762
:10077000BF020091F35341A900008052F55B42A9EA
:10078000F76343A9FD7BC5A8C0035FD6FD7BBDA968
:10079000E103012AFD030091F35301A9F51300F9C8
:1007A000F503022A020040F9416861B8BF3F03D552
:1007B000214850D33F080071A00300548801005421
:1007C000F40300AA6102003501098052820D8052B3
:1007D000CDFDFF97810240F9216875B8BF3F03D571
:1007E000212840920008C19A060000143F0C0071B5
:1007F000400200543F10007140020054000080D2BB
:10080000F35341A9F51340F9FD7BC3A8C0035FD69C
:10081000F303032A8113805202188052BAFDFF9716
:10082000810240F9216873B8EDFFFF1731C1FF97CE
:10083000E003002AF3FFFF173EC1FF97FDFFFF17FC
:100840003FC1FF97FBFFFF17FD7BBFA983168052B7
:10085000020D8052FD03009101088052CCFFFF97EA
:10086000FD7BC1A8C0035FD6FD7BBEA9FD0300913F
:10087000F30B00F9F30300AAF4FFFF97E003002A4B
:10088000610240F9214440B9BF3F03D5211444D34C
:10089000F30B40F90024C19AFD7BC2A8C0035FD6C8
:1008A000FD7BBDA9FD030091F35301A9F30300AA49
:1008B000F51300F9000040F9FD010094F40300AACB
:1008C000750E40F9BF0E00F1E0040054A17A00D18A
:1008D0003F5400F1281100543F540071E8100054B7
:1008E000800000D000601591005861786100001010
:1008F00020A8208B00001FD6A00038D500FC48D3CC
:100900000316805200001D121F080071E9010054F7
:10091000820B805281208052E00314AA9CFFFF9733
:10092000810240F9210041B9BF3F03D521284092FF
:10093000210400910008C19AF35341A9F51340F92D
:10094000FD7BC3A8C0035FD6020C805201208052F9
:10095000F2FFFF17E00314AABCFFFF97E003002A91
:10096000F6FFFF17010040F9210440B9BF3F03D54E
:100970008100C036B5FFFF97007C0153EFFFFF17E2
:10098000B2FFFF97007C0253ECFFFF17E00314AAAD
:10099000AEFFFF97810240F9E003002A214440B9ED
:1009A000BF3F03D5211C46D30024C19AE3FFFF17A4
:1009B000E00314AAADFFFF97810240F9E003002A8B
:1009C000214440B9BF3F03D5214450D3F7FFFF175F
:1009D000800240F9BFAE00714103005400DC40B911
:1009E000BF3F03D5811B80D2820240F9004850D31B
:1009F000536861B8BF3F03D5732A00121F08007106
:100A0000A0060054480400544005003501098052F6
:100A1000E00314AA820D80523BFDFF97810240F94A
:100A2000BFAE0071E003002A01040054216840B900
:100A3000BF3F03D5212840920008C19A1800001436
:100A400000D440B9BF3F03D5810240F9219440B999
:100A5000BF3F03D5BFA20071E103012AE1000054AA
:100A600021681A533F000071021B80D2811A80D284
:100A70002100829ADDFFFF17226C1B53BFA6007175
:100A800021701C532110821AF7FFFF171F0C0071F1
:100A9000600200541F1000716002005473060011C0
:100AA0000008D31AA5FFFF17216040B9E1FFFF1727
:100AB000E00314AA021880528113805212FDFF979E
:100AC000810240F921BC40B9BF3F03D5007C409270
:100AD000D9FFFF1787C0FF97F1FFFF1795C0FF975A
:100AE000EFFFFF1796C0FF97EDFFFF17E00314AA73
:100AF0005EFFFF979AFFFF17A00080928FFFFF17FE
:100B0000C1022836FD7BBEA9FD030091F35301A964
:100B100013FC001173661A12000880D2737E409392
:100B2000E10313AA68D4FF97F40300AAE00000B41D
:100B3000E20313AA0100805299F0FF978102138B00
:100B4000E00314AA00C3FF97E00314AAF35341A9DA
:100B5000FD7BC2A8C0035FD6017C4093200080D2F9
:100B600022D4FF17FD7BB9A9FD030091F35301A91E
:100B7000F40301AAF55B02A9F60300AAF76303A92F
:100B8000F80303AAF70306AAF96B04A9F90302AA5A
:100B9000FA0304AAFB2B00F9FB0305AA460000B4E4
:100BA000DF0000F9591100B4800A40B9E1A30191B6
:100BB000BA030094F503002A400C0035011380D2DB
:100BC000200080D209D4FF97F30300AA401000B49C
:100BD00015E0019100A0019101008012B55600A915
:100BE000000000A960620191000000A9746600A9DC
:100BF000E03740F9780A00F97ADA02A9602200F9B0
:100C0000618E00B97B4A00F9000440F9017440B9D3
:100C100001010037E03740F9010440F9217440B97F
:100C20008101083781040094608E00B90900001426
:100C3000010040F901FFFFB4FBFEFFB7400A40F995
:100C400063320291E2031B2A20EDFF9740FEFF353D
:100C5000805E40B940010034380100B5608A40B977
:100C600000001F32608A00B9200080D2815E80B906
:100C7000DED3FF97400A00B4600A00F9E03740F97C
:100C8000000440F9016840B921010034608A40B98C
:100C9000217C409300001C32608A00B9200080D281
:100CA000D2D3FF97C00800B4601200F9D60200B496
:100CB000C00240F9016440B9A1000035C02240F9EA
:100CC000000440F9017040B921010034608A40B944
:100CD000217C409300001D32608A00B9200080D240
:100CE000C2D3FF97C00600B4600E00F9C13A40F9C4
:100CF000D53A00F9C0A20191603E00F9A10600F9C1
:100D0000350000F9E00313AA6C050094F503002AEE
:100D1000A0050035810E40F9410200B5360300B54B
:100D2000E03740F9000440F9010840F9A10300B59B
:100D3000370400B5608A40B900001A32608A00B9F1
:100D4000F35341A9E003152AF55B42A9F76343A9D0
:100D5000F96B44A9FB2B40F9FD7BC7A8C0035FD604
:100D6000E00313AA20003FD6F403002A80FDFF34DD
:100D7000E00313AAF503142A85D1FF97F1FFFF17AB
:100D8000C00240F9012040F9C1FCFFB4E00313AAFE
:100D900020003FD6F403002A40FCFF34F5FFFF1784
:100DA000E00313AA20003FD6F403002A20FCFF34FE
:100DB000F0FFFF17F30200F9DFFFFF177401801245
:100DC000ECFFFF17F403002AEAFFFF17B5028012B9
:100DD000DCFFFF1775018012DAFFFF17E60305AA93
:100DE000E50304AAE40303AA030080D25EFFFF1711
:100DF000E60305AAE50304AA040080D25AFFFF1700
:100E0000FD7BBDA9FD030091F35301A9F40300AAE2
:100E1000F30302AAF55B02A9361C0012F50303AA2C
:100E2000400040F956010094C00100B4E10300AA5B
:100E300076000036007040B9E0011036620E40A91D
:100E4000E60315AAF55B42A9E00314AAF35341A9EE
:100E500005008092FD7BC3A8040080D242FFFF17EB
:100E600020008012F35341A9F55B42A9FD7BC3A882
:100E7000C0035FD600008012FBFFFF17600800B4BC
:100E8000FD7BBEA9FD030091F35301A9F30300AA62
:100E9000008840B940056037601A40F9800400B509
:100EA000740240F9805A40B9E0040035602240F9EC
:100EB000010440F9206440B9E0000034622640F9A2
:100EC000A20000B5217440B90EFFFF97600400B482
:100ED000602600F9611A40F9C10100B4200040F910
:100EE000006040B9A0000035202040F9000440F91E
:100EF000006C40B9E0000034612A40F9A10000B55F
:100F0000817240B9FFFEFF97800200B4602A00F9A9
:100F1000600240F9011C40F9C10200B5608A40B985
:100F200000001432608A00B905000014D4FFFF9756
:100F300060010035608A40B940FB6736000080528E
:100F400007000014611E40F921FBFFB5817240B912
:100F5000ECFEFF97A00000B560018012F35341A999
:100F6000FD7BC2A8C0035FD6601E00F9D0FFFF174B
:100F7000604A40F940FDFFB7E00313AA20003FD6C6
:100F8000E0FCFF34F6FFFF17A0028012C0035FD61B
:100F9000A00800B4FD7BBEA9FD030091F35301A995
:100FA000F30300AA018840B9A10000360000805276
:100FB000F35341A9FD7BC2A8C0035FD6140040F9DA
:100FC000AFFFFF9760010035601A40F9A00100B53E
:100FD000608A40B900000032608A00B9601A40F9A6
:100FE000A00100B5E00313AAD0040094A0020034CD
:100FF000618A40B921781F12618A00B9EDFFFF179D
:10100000E4FFFF9760FFFF35608A40B920FE073696
:10101000E7FFFF17602240F9000440F9000840B9DB
:101020001F7C017100FEFF54807240B9C0FD5F3724
:10103000E00313AA2C23009460FDFF34EDFFFF179B
:10104000601A40F9A00100B5604A40F9A000F8B765
:10105000E00313AA010080527DFAFF97A0FCFF3540
:10106000811240F9810100B5E00313AAC90400947C
:10107000E0F9FF34DFFFFF17000040F9012440F9D9
:1010800041FEFFB4E00313AA20003FD6E0FDFF3489
:10109000D8FFFF17E00313AA20003FD660FEFF34FD
:1010A000D4FFFF17A0028012C0035FD6400000B437
:1010B000000840F9C0035FD6400000B4000C40F9BE
:1010C000C0035FD6400000B4001040F9C0035FD6F3
:1010D000400000B4001C40F9C0035FD6400000B4DB
:1010E000002440F9C0035FD6400000B4002840F956
:1010F000C0035FD6023440F903A001915F0003EB07
:1011000040E001D100109F9A200000F900008052B9
:10111000C0035FD6010040F9221840F9233C40F992
:1011200042A0019161E001D17F0002EB21109F9A62
:10113000010000F900008052C0035FD65F0000F993
:10114000038C46F863E001D164E001919F0000EB5D
:10115000610000544002801208000014642040F92D
:10116000840440F9840840B93F00046B81000054B6
:1011700000008052430000F9C0035FD6633C40F991
:10118000F1FFFF17001840F9C0035FD6001440F9C3
:10119000C0035FD6600000B4000040F9003440F99D
:1011A000C0035FD6002040F9000440F9000840B9B0
:1011B000C0035FD6018840B921001932018800B907
:1011C000C0035FD6012400F9C0035FD6FD7BBFA931
:1011D000FD030091004840F9F20500941F000071E2
:1011E000E0079F1AFD7BC1A8C0035FD6FD7BBEA9A7
:1011F000E403012A06008052FD030091F35301A984
:10120000F40300AAE003032AE103002A050080D2C8
:10121000400A40F9830000F063343491E0ECFF971A
:10122000F30300AA1F0400B140010054801A40F9E2
:10123000DDFFFF971FC00171C1000054801A40F903
:10124000E10313AAF35341A9FD7BC2A88204001451
:10125000E00313AAF35341A9FD7BC2A8C0035FD6E4
:10126000FD7BBDA9FD030091F35301A9F30300AA7F
:10127000F403012AF51300F9400A40F9754A40F9D0
:10128000E103152AABE8FF97E203152AE303002ADE
:10129000F51340F9E103142AE00313AAF35341A91B
:1012A000FD7BC3A8D2FFFF17FD7BBCA9FD03009106
:1012B000F35301A9F30300AAF403012AF55B02A981
:1012C000F71B00F9F70302AA400A40F9764A40F9F1
:1012D000E103162A97E8FF97F503002AE103002AA5
:1012E000400A40F9E50317AAE403142AE203162A88
:1012F00006008052830000F063343491A8ECFF971D
:10130000F71B40F9E303152AE203162AE103142A26
:10131000F55B42A9E00313AAF35341A9FD7BC4A8DE
:10132000B3FFFF17FD7BBFA9FD030091DFFFFF9710
:101330001F0400B141000054000080D2FD7BC1A811
:10134000C0035FD601008052C6FFFF17FD7BBFA917
:10135000FD030091C3FFFF971F0400B1410000543B
:10136000000080D2FD7BC1A8C0035FD6010080527F
:10137000F7FFFF17F6FFFF17FDFFFF17FD7BBDA966
:10138000C10000B021400491FD030091F35301A975
:10139000D400009094E20D91F51300F9F50300AA32
:1013A000C000009000E00D91330000CBE0EB03B2F1
:1013B000E0DD9DF273FE4393737E009B000F80522D
:1013C000737E209B9302138B7F0214EBE100005489
:1013D000140080D2F51340F9E00314AAF35341A995
:1013E000FD7BC3A8C0035FD6810240F9E00315AAC4
:1013F00018EEFF9700FFFF3494E20191F3FFFF170F
:10140000C10000B0E303002AC20000B020E0079151
:1014100042E00791C10000B021003391210002CBCE
:10142000E2EB03B2E2DD9DF221FC4393217C029BBF
:10143000020F8052217C229B0100018B3F0000EBB8
:1014400061000054000080D2C0035FD6020840B99A
:101450005F00036BA0FFFF5400E00191F8FFFF174E
:10146000FD7BB9A9FD030091F76303A9F70300AA67
:10147000C00000B000400491F96B04A93A1C0012AE
:10148000C10000B021800491F35301A9210000CBD9
:101490005901805214008052FB2B00F933FC449315
:1014A000F55B02A9D50000B0B5420491FB03132AF5
:1014B000180080D2160080527F03186B0C02005473
:1014C0009F020071841A4B3A9412961ADF2E003153
:1014D0006100005439070071A1FEFF54F55B42A979
:1014E000E003142AF35341A9F76343A9F96B44A914
:1014F000FB2B40F9FD7BC7A8C0035FD6E1031A2A86
:10150000E3A30191A212188BE00317AA3DFEFF97F7
:10151000010400113F04007189000054DF020071D2
:101520000018423AD602801A18070091E3FFFF170D
:10153000FD7BBDA9FD030091F35301A9F30300AAAC
:10154000F40302AAE00301AAF55B02A9F50303AACA
:10155000F60304AA8AFFFF97600100B4E10300AA22
:10156000E50316AAE40315AAE20314AAF55B42A94F
:10157000E00313AAF35341A9030080D2FD7BC3A863
:1015800017FEFF17F35341A920008012F55B42A913
:10159000FD7BC3A8C0035FD6E40303AA03008092C7
:1015A000E4FFFF17FD7BB7A9FD030091F35301A9E9
:1015B000D4000090D30000B0F55B02A994E20D9135
:1015C00073420491F76303A9F50301AAD7000090C1
:1015D000F96B04A9F7E20D91F60302AAFB7305A9C2
:1015E000F90303AA9B1C0012E03F00F9420000B47B
:1015F0005F0000F9E00315AA3D040094E213029194
:10160000810000F021B41991E03B00F9E00315AA34
:10161000A3040094F80300AA200300B4730217CBBC
:10162000E0EB03B2E0DD9DF27B03001273FE439317
:1016300017008052737E009B000F8052737E209BA8
:101640008002138BE03700F9E08740B91F00176B69
:10165000CD0100541CC3378BF30314AAE03740F9C3
:101660001F0013EB21020054E0031CAA99EDFF9721
:1016700000040091F702000BF4FFFF17E08740B968
:101680001F0400314100005400008052F35341A96F
:10169000F55B42A9F76343A9F96B44A9FB7345A91C
:1016A000FD7BC9A8C0035FD6F90000B47F0219EB27
:1016B0006000005473E20191E9FFFF177A0A40F9D4
:1016C0009A0100B47A0A40F97AFFFFB4400340F966
:1016D00020FFFFB4E1031CAA5EEDFF97A0000034D9
:1016E0005A430091FAFFFF17430740F9090000141D
:1016F000DB000034E00315AAA80400946000003762
:10170000607240B920FC17361AFFFFB5030080D283
:10171000E20347A9E5230291E40315AAE10313AA12
:10172000AFFDFF971F4C003100FAFF5400FBFF355F
:10173000D6FAFFB4E04740F9C00200F9D3FFFF1723
:10174000FD7BBBA9FD030091F35301A9F55B02A941
:10175000F76303A9F92300F9C105F8B7F50300AA57
:10176000561C0012400A40F9170080921400805263
:1017700045E5FF971F00007113A0971A737E4093F1
:101780007F0600B101010054F55B42A9E003142A71
:10179000F35341A9F76343A9F92340F9FD7BC5A899
:1017A000C0035FD6E00313AAD1030094400A40F9B6
:1017B000F903132AE103132A34EAFF9740010035A5
:1017C000F803142A400A40F9E103192AF403182AFD
:1017D0003AE5FF97137C40937F02007173A2979ABA
:1017E000E8FFFF17E403162AE10313AAE00315AA92
:1017F000030080D2020080D26BFFFF971F000071B0
:10180000F803002A801A407AC1FDFF54EEFFFF174B
:1018100014008052DDFFFF17FD7BBDA9FD03009181
:10182000F35301A9F30300AAF51300F9351C0012C4
:10183000004840F941010037608A40B9800178369C
:10184000E00313AAD3FDFF9720010034F35341A90D
:10185000F51340F9FD7BC3A8C0035FD66001F8B65D
:10186000600240F9007040B980FE1737748E46F868
:1018700094E201D180E201911F0013EBC1000054FA
:1018800000008052F2FFFF174404009460FD073708
:10189000F4FFFF17E00314AAE103152ADFFFFF9707
:1018A000943E40F9F3FFFF17407A40F9C00200B5BB
:1018B000FD7BBFA940E2039182000090FD030091EF
:1018C000408600F942803D91000000A943C2039187
:1018D00001008052000080D24AFDFF9700010035D0
:1018E000417A40F93F4800F9407A40F9A9FDFF9755
:1018F0006000003541420391210400A9FD7BC1A88D
:10190000C0035FD6A0028012C0035FD6FD7BBFA9D3
:10191000E103002AFD030091407A40F9D1FEFF97D0
:101920001F0800314100005400008052FD7BC1A817
:10193000C0035FD6421A40F9014840F9E20322AAE7
:10194000420000127FFFFF17E203002A010080D24D
:10195000407A40F97BFFFF17FD7BBBA9FD03009197
:10196000F35301A9141C0012800000D00018069146
:10197000E01B00F9800000F000F02D91E01F00F95D
:10198000800000F000102E91E02300F9800000F0AC
:10199000008C2091F51300F9E02700F9E003142AE8
:1019A000EAFFFF97A0010035F5C30091130080D234
:1019B000A07A73F899030094E10300AA407A40F9F1
:1019C000E203142A5FFFFF97800000357306009141
:1019D0007F1200F1E1FEFF54F35341A9F51340F9E2
:1019E000FD7BC5A8C0035FD600008052C0035FD650
:1019F000411A40F9407A40F9E10321AA210000127E
:101A000086FFFF17FD7BBEA9FD030091F30B00F9D4
:101A1000131C001200008052A4FFFF9760010035E4
:101A2000E003132ABAFFFF9700010035E003132AF1
:101A3000CAFFFF97A0000035E003132AF30B40F91B
:101A4000FD7BC2A8E9FFFF17F30B40F9FD7BC2A89D
:101A5000C0035FD6E203002A407A40F9000100B4D7
:101A6000438640F9610040F9208000D10180009157
:101A70007F0001EB61000054000080D2C0035FD6FC
:101A8000010440F9210840B93F00026B80FFFF5478
:101A9000011040F9F5FFFF17FD7BBCA9FD03009184
:101AA000F35301A9F55B02A9F71B00F9F70301AA9B
:101AB000418640F9010800B4FF0200F9E403002A5E
:101AC000E5FFFF97400700B5E003042A4DFEFF97AE
:101AD000F60300AA400700B4010680D2200080D29D
:101AE00042D0FF97F30300AAE00600B4C16240B9F8
:101AF000C1000034217C4093200080D23BD0FF976E
:101B0000200500B4600200F97582009160420091E6
:101B1000760600F9B55600A9000000A9408640F9F4
:101B2000010040F9350400F9611200F9A00600F93E
:101B3000150000F9C12A40F9010300B4E00313AA1B
:101B400020003FD6F403002A80020034C06240B96E
:101B500080000034600240F90DCEFF977F0200F94B
:101B6000611240F9A00640F9200400F9010000F9D3
:101B70007F1200F9BF0600F9E00313AA04CEFF9715
:101B8000F55B42A9E003142AF35341A9F71B40F97E
:101B9000FD7BC4A8C0035FD6F30200F91400805295
:101BA000F8FFFF1774018012F4FFFF17E00200F93D
:101BB000FBFFFF1754048012F2FFFF17F40B801293
:101BC000F0FFFF1774018012EEFFFF17FD7BBBA92A
:101BD000FD030091F35301A9F55B02A9F603012A65
:101BE000E1230191F71B00F9F70302AAABFFFF976E
:101BF000F403002AE0010035F52740F9B30E41F85F
:101C0000736201D1606201911F0015EB6100005405
:101C10005402801207000014400A40F9619240B952
:101C200093E5FF97DF02006B01010054F30200F916
:101C3000F55B42A9E003142AF35341A9F71B40F9CD
:101C4000FD7BC5A8C0035FD6732E40F9EDFFFF17DB
:101C5000FD7BBDA9FD030091F35301A9F303012A04
:101C6000F40302AA5F0000F9E1A300918BFFFF9744
:101C7000E0010035E11740F922400091230840F9C6
:101C80005F0003EBC0000054636001D1E103132A3D
:101C9000646001915F0004EB610000544002801217
:101CA00003000014A1000035830200F9F35341A999
:101CB000FD7BC3A8C0035FD6632C40F9210400510B
:101CC000636001D1F3FFFF17FD7BBDA9FD03009108
:101CD000F30B00F9F30301AA3F0000F9E1A300911F
:101CE0006EFFFF9700010035E11740F92240009197
:101CF000210840F93F0002EB60000054216001D14F
:101D0000610200F9F30B40F9FD7BC3A8C0035FD665
:101D1000010040F91F0000F9222040F9232C40F96E
:101D200042400091616001D17F0002EB21109F9A37
:101D3000010000F9C0035FD6FD7BBBA9FD03009144
:101D40007F0000F9F35301A9F55B02A9F76303A92A
:101D5000610400B4F60301AA557C4093F70303AA7B
:101D6000E12301914DFFFF97F303002A8002003524
:101D7000F82740F9140F41F8946201D18062019173
:101D80001F0018EB61000054530280120C00001475
:101D9000800640F9E20315AAE10316AAB6EBFF9705
:101DA000F303002A80010035800640F9C9EBFF9754
:101DB000BF0200EB01010054F40200F9F55B42A9F7
:101DC000E003132AF35341A9F76343A9FD7BC5A898
:101DD000C0035FD6942E40F9E8FFFF17B3028012CC
:101DE000F7FFFF17FD7BBDA9FD030091F35301A988
:101DF000F403002AF30301AAE00301AAF51300F992
:101E0000F50302AAB3EBFF97E30315AAE203002A46
:101E1000F51340F9E10313AAE003142AF35341A98F
:101E2000FD7BC3A8C5FFFF17FD7BBEA9FD03009185
:101E3000F30B00F9F30300AA000440F9017440B960
:101E4000E1010036010040F9400A40F9800100B488
:101E5000E8E8FF97E10313AA220C41F8426001D1A0
:101E6000436001917F0001EBE1000054F30B40F966
:101E700000040011FD7BC2A8C0035FD600008012E1
:101E8000F5FFFF17438C40B9422C40F91F00036B4C
:101E900000A0831AF2FFFF175F0000F93F04003132
:101EA0006100005440028012C0035FD6FD7BBDA9D3
:101EB000FD030091F35301A9F303012AF40302AADD
:101EC000E1A30091F5FEFF9700010035E11740F90D
:101ED000230C41F8636001D1626001915F0001EB66
:101EE000A100005440028012F35341A9FD7BC3A816
:101EF000C0035FD6628C40B95F00136B6100005471
:101F0000830200F9F9FFFF17632C40F9F2FFFF1776
:101F10005F0000F96100F83640028012C0035FD60E
:101F2000FD7BBDA9FD030091F35301A9F303012A31
:101F3000F40302AAE1A30091D8FEFF970001003547
:101F4000E11740F9230C41F8636001D1626001910F
:101F50005F0001EBA100005440028012F35341A93D
:101F6000FD7BC3A8C0035FD6624840F97F02026BC5
:101F700061000054830200F9F9FFFF17632C40F958
:101F8000F2FFFF175F0000F96100F8B6400280120F
:101F9000C0035FD6FD7BBDA9FD030091F35301A9EA
:101FA000F30301AAF40302AAE1A30091BBFEFF9789
:101FB00000010035E11740F9230C41F8636001D1BD
:101FC000626001915F0001EBA100005440028012A9
:101FD000F35341A9FD7BC3A8C0035FD6624840F913
:101FE0005F0013EB61000054830200F9F9FFFF1753
:101FF000632C40F9F2FFFF17FD7BBEA9FD030091A2
:10200000F35301A9F403002AE00301AA7F0000F9B9
:10201000E10302AAF30303AA02008012004840F978
:102020003D0100941F000071ED000054E103002AFF
:10203000E20313AAE003142AF35341A9FD7BC2A8CB
:10204000E3FEFF17F35341A920008012FD7BC2A8D5
:10205000C0035FD6FD7BBCA9FD030091F35301A92A
:10206000F40301AAE1E30091F51300F9F50302AAD4
:102070008AFEFF9700020035E01F40F9130C41F87B
:10208000736201D1616201913F0000EB6100005475
:102090004002801208000014610240F93F0014EB76
:1020A00021010054E00313AABAFBFF97400000355A
:1020B000B30200F9F35341A9F51340F9FD7BC4A81D
:1020C000C0035FD6732E40F9EEFFFF17C101003544
:1020D000FD7BBEA9FD030091F35301A9F40300AAFF
:1020E000F30302AAABFBFF97E103002A400000358F
:1020F000740200F9F35341A9E003012AFD7BC2A851
:10210000C0035FD6E003012AC0035FD6FD7BBDA9F3
:10211000FD030091F30B00F9F30302AAE2A300917F
:102120007F0200F9CBFEFF97E103002AE01740F998
:10213000E20313AAF30B40F9FD7BC3A8E4FFFF17EA
:10214000FD7BBDA9FD030091F30B00F9F30302AA87
:10215000E2A300917F0200F923FFFF97E103002A29
:10216000E01740F9E20313AAF30B40F9FD7BC3A883
:10217000D7FFFF17FD7BBDA9FD030091F30B00F90D
:10218000F30302AAE2A300917F0200F943FFFF9745
:10219000E103002AE01740F9E20313AAF30B40F928
:1021A000FD7BC3A8CAFFFF17FD7BBDA9FD030091FE
:1021B000F30B00F9F30302AAE2A300917F0200F9F6
:1021C00054FFFF97E103002AE01740F9E20313AA46
:1021D000F30B40F9FD7BC3A8BDFFFF17FD7BBDA935
:1021E000FD030091F30B00F9F30302AAE2A30091AF
:1021F0007F0200F964FFFF97E103002AE01740F92E
:10220000E20313AAF30B40F9FD7BC3A8B0FFFF174D
:10221000FD7BBDA9FD030091F30B00F9F30303AAB5
:10222000E3A300917F0200F974FFFF97E103002A06
:10223000E01740F9E20313AAF30B40F9FD7BC3A8B2
:10224000A3FFFF17FD7BBEA9FD030091F30B00F96F
:10225000F30301AA3F0000F99CFEFF97E000003560
:10226000610240F9A10000B4F30B40F9E00301AAB8
:10227000FD7BC2A847FBFF17F30B40F9FD7BC2A80B
:10228000C0035FD6FD7BBEA9FD030091F30B00F9EF
:10229000F30301AAECFFFF97A0000035600240F9AC
:1022A0001F0000F140028012E013801AF30B40F986
:1022B000FD7BC2A8C0035FD6FD7BBEA9FD030091D4
:1022C000F35301A914600191012040F921400091CC
:1022D000220440F9340400F9018805A9540000F9EA
:1022E000011840F9E10100B4212040F9210440F92E
:1022F000211C40F9610100B4F30300AA20003FD67D
:10230000A0000034628645A9410400F9220000F9CA
:102310007FFE05A9F35341A9FD7BC2A8C0035FD688
:1023200000008052FCFFFF17FD7BBEA9FD0300915A
:10233000F30B00F9F30300AA012040F9210440F94E
:10234000211040F9A10000B5601A40F9000100B564
:10235000000080520300001420003FD660FFFF34CD
:10236000F30B40F9FD7BC2A8C0035FD6002040F903
:10237000000440F9012040F9C1FEFFB4E00313AAB4
:10238000F00301AAF30B40F9FD7BC2A800021FD69F
:10239000FD7BBEA9FD030091F30B00F9F30300AA36
:1023A000011840F9210100B5602240F9000440F90C
:1023B000011440F9810100B500008052F30B40F98F
:1023C000FD7BC2A8C0035FD6212040F9210440F95B
:1023D000212440F9A1FEFFB420003FD660FEFF3467
:1023E000F7FFFF17E00313AAF00301AAF30B40F96C
:1023F000FD7BC2A800021FD6FD7BBDA9FD03009195
:10240000F35301A9F40300AA2FFBFF97F30300AADB
:10241000810000D0804A40F9E283009121D02091D0
:10242000630080D2A4000094E0000035E02340B9AE
:10243000600200F9E02740B9600A00F9E02B40B9DA
:10244000600600F9E00314AAF35341A9FD7BC3A879
:1024500039FDFF17FD7BBEA9FD030091F30B00F9C9
:10246000F30301AA18FBFF97010040F93F0013EBAB
:1024700008010054020440F92200028B5F0013EBB4
:1024800089000054000840F97302008B730201CBED
:10249000E00313AAF30B40F9FD7BC2A8C0035FD68B
:1024A000FD7BBDA9FD030091F35301A9F303022AAB
:1024B000E20301AAE103002AF40303AA400A40F957
:1024C000E3B3009157E3FF97800100B4E12F80B997
:1024D000620600113FC822EB4301005400D873B8D4
:1024E0000008C05A800200B900008052F35341A98D
:1024F000FD7BC3A8C0035FD6A0028012FCFFFF17BC
:1025000040098012FAFFFF17E30302AA020080527B
:10251000E4FFFF17FD7BBEA9FD030091E37300916B
:10252000E21F00B902008052DEFFFF97E01F40B9B2
:10253000FD7BC2A8C0035FD6FD7BBEA9FD03009151
:10254000E21F00B9E2730091F0FFFF97E01F40B96E
:10255000FD7BC2A8C0035FD6FD7BBDA9FD03009132
:10256000F30B00F9F30302AAE20301AAE103002A34
:10257000400A40F9E3B300912AE3FF97800100B4D9
:10258000E12F40B93F1C007129010054010040298E
:10259000208000AA000CC0DA600200F9000080521E
:1025A000F30B40F9FD7BC3A8C0035FD6A0028012E5
:1025B000FCFFFF17FD7BBEA9FD030091E20F00F9B0
:1025C000E2630091E5FFFF97E00F40F9FD7BC2A8B1
:1025D000C0035FD6FD7BBDA9FD030091F30B00F99D
:1025E000F30302AAE20301AAE103002A400A40F928
:1025F000E3B300910BE3FF97E00000B5730000B474
:1026000001008012610200B9F30B40F9FD7BC3A801
:10261000C0035FD6B3FFFFB4E12F40B9FAFFFF1745
:10262000FD7BBDA9FD030091E2B30091F35301A925
:10263000E9FFFF97C00000B5130080D2E00313AAA2
:10264000F35341A9FD7BC3A8C0035FD6F42F80B923
:10265000F30300AAE10314AAB5E9FF979F0200EB78
:10266000E8FEFF54F5FFFF17FD7BBEA9FD030091B7
:10267000E2730091D8FFFF97E11F40B91F0000F1FE
:10268000A0028012FD7BC2A82010801AC0035FD672
:10269000FD7BBFA9E20301AAE103002AFD0300912B
:1026A000400A40F94DE2FF97007C4093FD7BC1A8B2
:1026B000C0035FD6E403032AE30302AAE20301AAEC
:1026C000E103002A400A40F910E7FF17FD7BBFA98C
:1026D000E103002AFD030091400A40F995E3FF97CA
:1026E000007C4093FD7BC1A8C0035FD6E10300AA34
:1026F0008000F8B7400A40F9020080D2F5E1FF17E8
:10270000000080D2C0035FD6FD7BBFA9E30302AA0D
:10271000E20301AAFD030091E103002A400A40F907
:10272000D9E3FF971F040031C00000541F0000715F
:10273000A102801200A0811AFD7BC1A8C0035FD650
:1027400080078012FDFFFF17FD7BBDA9FD030091EF
:10275000F30B00F9F30303AAE303022AE20301AA3D
:10276000E103002AE4B30091400A40F9F6E3FF9741
:10277000600200F9E02F40B9F30B40F91F0000712F
:10278000FD7BC3A8A002801200B09F1AC0035FD6D1
:10279000FD7BB9A9FD030091F35301A9F30305AA39
:1027A000E503042AE403032AE30302AAE20301AADD
:1027B000E103002A400A40F9E6A30091F2E6FF9700
:1027C000F403002A20010035E02B80B9E1C3009119
:1027D000600200F9020880D2E02F40B9600A00B917
:1027E0006032009188E9FF97E003142AF35341A96E
:1027F000FD7BC7A8C0035FD6E403032AE30302AA54
:10280000E20301AAE103002A400A40F9060080D24F
:1028100005008012DCE6FF17FD7BBFA9E10300AADB
:10282000FD030091400A40F904E3FF971F00007187
:1028300000A09F5AFD7BC1A8007C4093C0035FD6D7
:10284000FD7BBEA9FD030091F35301A9F40301AA86
:10285000F30300AA800000D000901991EFFFFF97CA
:10286000E20314AAE10313AAF35341A9FD7BC2A812
:1028700059FFFF17FD7BBFA9010080D2FD03009126
:10288000F0FFFF97600000B4FD7BC1A8E3FFFF17D6
:1028900000008092FD7BC1A8C0035FD6E30302AABB
:1028A000E20301AAE103002A400A40F95DE2FF17B2
:1028B000FD7BBFA9020080D2FD030091F8FFFF97C6
:1028C0001F0000F1E0079F1AFD7BC1A8C0035FD67F
:1028D000F8FFFF17E103002A400A40F994E5FF17CB
:1028E000E103002A400A40F99EE5FF17FD7BBCA9E1
:1028F000FD030091F35301A9F40300AAF30302AA14
:10290000F55B02A9F503012AF76303A9781C0012FD
:10291000620000B4E07F40B2400000F9E00314AA76
:102920006BFFFF97F70300AAEBFFFF97F603002A60
:10293000E00317AAEBFFFF97E503002AE703182A35
:10294000E60313AAF76343A9E403162AE303152A4F
:10295000E103142AF35341A9820000D0F55B42A998
:1029600042343491FD7BC4A8400A40F9E7E6FF17E2
:1029700023008052DEFFFF17FD7BBEA9FD030091FF
:10298000E2630091FBFFFF97FD7BC2A8C0035FD607
:1029900001008052F9FFFF1720008052C0035FD66C
:1029A000FD7BBFA9E20301AAE103002AFD03009118
:1029B000400A40F990E3FF971F000071E0179F1A4B
:1029C000FD7BC1A8C0035FD6FD7BBEA9FD030091BE
:1029D000F35301A9F40300AAF303012A800000D0F5
:1029E00000102F918DFFFF97C000F8B7E203132A64
:1029F000E10314AAF35341A9FD7BC2A8C6FEFF1749
:102A0000E003132AF35341A9FD7BC2A8C0035FD69C
:102A1000FD7BBEA9FD030091F30B00F9F30300AAAF
:102A2000000040F9010040F9213440F9221040F93A
:102A3000611240B940003FD6610640F96100183686
:102A40001F000071E0179F1AF30B40F9FD7BC2A82D
:102A5000C0035FD600008052C0035FD6FD7BBCA9D7
:102A6000FD030091E1E30091F35301A9F55B02A995
:102A7000F50300AA8006805208FCFF97F403002AA1
:102A800040010035E01F40F916008052130840F95C
:102A9000736201D1E11F40F9606201912140009110
:102AA0001F0001EBC1000054F55B42A9E003142AAA
:102AB000F35341A9FD7BC4A8C0035FD6608A40B927
:102AC000000100367F0215EBC0000054E00313AA9A
:102AD00083F9FF97160C00B9000840B9D602000B25
:102AE000732E40F9736201D1EBFFFF17FD7BBDA987
:102AF000FD030091F35301A914008052F51300F96E
:102B0000F50300AA76F9FF97F30300AA600A40B91B
:102B10001F00146B48010054600A40F91CCAFF975B
:102B2000600E40F91ACAFF97F35341A9E00315AAB2
:102B3000F51340F9FD7BC3A8C9FFFF17600E40F9EC
:102B400000D874F8400000B411CAFF979406001131
:102B5000EFFFFF17FD7BBEA9FD030091F30B00F90A
:102B60005FF9FF97F30300AA000840B9010180D282
:102B70001ECCFF97600E00F9400100B4600A40B916
:102B8000810080D2007C0011007C055317CCFF9798
:102B9000600A00F9E00000B5600E40F9FCC9FF973B
:102BA000F30B40F960018012FD7BC2A8C0035FD621
:102BB000F30B40F9000080D2FD7BC2A8A8FFFF17ED
:102BC000227C055321100012007862B80024C19ABB
:102BD00000000012C0035FD6FD7BBEA9FD0300917B
:102BE000F35301A9F30300AA000040F9200300B445
:102BF000F40301AA3AF9FF97E30300AA641240B96B
:102C0000000840F9E103042AEEFFFF97E103002AE0
:102C10000000805281010037600240F9630040F9F2
:102C2000010440F9630000B5830000F063AC10912B
:102C3000E20314AA800000D000302F91A6EDFF9788
:102C4000E0018012F35341A9FD7BC2A8C0035FD607
:102C500020008012FCFFFF17E203002A40007DD312
:102C6000A200083603007BB201007AB25F007EF258
:102C70002000839A42002036000079B242002836B4
:102C8000000078B2C0035FD6FD7BBEA9FD030091B2
:102C9000F35301A9F30302AAF40301AA10F9FF9761
:102CA000610A40B93F000071AC000054A0028012DC
:102CB000F35341A9FD7BC2A8C0035FD6610E40B9A2
:102CC000811200B9000840B93F00006B02FFFF54B9
:102CD000600A40B91F0400716C000054000080526B
:102CE000F4FFFF17601240B9DCFFFF97800600F980
:102CF000FBFFFF17FD7BBCA9FD030091F35301A966
:102D0000F40300AAF30301AAF55B02A9F76303A980
:102D1000170040F9E00240F9183440F9E00317AA1F
:102D2000EFF8FF97F60300AA000840F9811240B9B6
:102D3000A4FFFF9760040037E00313AA06E8FF979B
:102D4000F50300AA200400B4030340F9811240B93E
:102D5000C30100B4E20313AAE00317AA60003FD640
:102D6000F303002A20010034E00315AA88C9FF9765
:102D7000F55B42A9E003132AF35341A9F76343A982
:102D8000FD7BC4A8C0035FD6831240B9200080D267
:102D9000C20A40F913008052617C05530020C31A17
:102DA00021F47ED3436861B80000032A406821B84B
:102DB000C00E40F9811240B9157821F8EDFFFF17D8
:102DC000F3018012EBFFFF1773018012E9FFFF1779
:102DD000FD7BB4A9FD030091F35301A9F30300AAFD
:102DE000E0030391E08304A9E0430291F40301AA04
:102DF000E02F00F9E0058012E1230191E06300B9C2
:102E0000FF6700B9E20F09A9020480D2E063228BB8
:102E1000E4170AA9E61F0BA9FBE7FF97E3830091DC
:102E2000E20314AAE0A30191010580D2BCECFF9754
:102E3000E1A30191E00313AAAFFFFF97F35341A968
:102E4000FD7BCCA8C0035FD6FD7BBEA9810000D06E
:102E500021CC2F91FD030091F30B00F9F30300AA9D
:102E60005EFFFF97A0000035E00313AAF30B40F9C3
:102E7000FD7BC2A8E7FEFF17F30B40F9FD7BC2A85C
:102E8000C0035FD6FD7BBEA9FD030091F35301A9EA
:102E9000F303012AF40300AA810000D021F42F914A
:102EA0004EFFFF9700050035830640F96300183692
:102EB0007F020071F3179F1A800240F9010040F968
:102EC000223440F9442040F9440100B47F020071EB
:102ED000811240B9F35341A962007CB2FD7BC2A8C4
:102EE00063F87B926200829AF00304AA00021FD664
:102EF000430028367300003503013036F3000035F7
:102F0000811240B9F35341A9FD7BC2A8420840F9A0
:102F1000F00302AA00021FD6811240B97F047BF29F
:102F2000E0000054430C40F9E203132AF35341A993
:102F3000F00303AAFD7BC2A800021FD6431440F988
:102F4000FAFFFF17F35341A9FD7BC2A8C0035FD668
:102F5000FD7BBCA9FD030091F35301A9F30301AA72
:102F6000810000D0211C3091F55B02A9F50300AA75
:102F7000F60302AAF71B00F918FFFF97F403002AD3
:102F800040050035A00640F91300338A730216AAE3
:102F9000B60240F9C00240F9173440F9E00316AA1E
:102FA0004FF8FF9760067F921F1800F1400500540C
:102FB000600679921F0006F1E004005460067B92DF
:102FC0001F8001F180040054E32240F9400180D2C7
:102FD0006002008A62027CD21F2800F14200939AAC
:102FE000E30000B4A11240B9E00316AA60003FD686
:102FF000A0010034F403002A0C0000145F0479F2ED
:10300000A1020054E2000836E30E40F942100453D6
:10301000A11240B9E00316AA60003FD6F5FFFF17E2
:1030200002011037B30600F9F55B42A9E003142A48
:10303000F35341A9F71B40F9FD7BC4A8C0035FD639
:10304000E20A40F9E00316AAA11240B940003FD6B7
:10305000E8FFFF17B4028012F4FFFF17E20301AA92
:10306000C10280D2BBFFFF17FD7BBBA9FD0300910E
:10307000F55B02A9F50301AAE12B40F9A17C00A9A7
:10308000F35301A9BF1000B9F76303A9F92300F9AD
:10309000C0020035F90302AAF60303AAF703042AC3
:1030A000F30305AAD47C4093F81C0012410100B43C
:1030B000600240F9010040F9213440F9231C40F935
:1030C000030200B5E20319AAE10313AAEFFEFF977A
:1030D0000F000014210340F9E20305AA8006805284
:1030E0003FFCFF9760FEFF34F35341A9F55B42A913
:1030F000F76343A9F92340F9FD7BC5A8C0035FD658
:10310000E20319AAE10313AA60003FD6E0FEFF35EF
:103110001F0340F2800000B0810000B000543091E5
:1031200021CC2591E403172A2100809AE30316AAF3
:10313000E20315AAE00313AA26FFFF9760FDFF35FF
:10314000610640F9C00280D2F55B42A92100008AE5
:10315000F76343A9210014AAF92340F9E00313AA55
:10316000F35341A9FD7BC5A8BDFFFF17FF8302D123
:10317000E5430191FD7B01A9FD430091F35302A9B1
:10318000F40300AAF303022AF55B03A9F60301AADC
:10319000F76304A9F70303AAF803042A004840F9D7
:1031A000E403022A03008052820000B0427430918E
:1031B00078FDFF97F503002A804A40F94CFDFF9700
:1031C000FF0300F97F020071E603182AE50317AA3E
:1031D000E403132AE30316AAE2430191E10300AAE0
:1031E000E7D79F1AE003152AA0FFFF97FD7B41A9AF
:1031F000F35342A9F55B43A9F76344A9FF83029106
:10320000C0035FD6FD7BBEA9FD030091F30B00F95F
:10321000F303012AA6F7FF97020840B98101805203
:10322000000840F9427C011B42100011427C40938F
:10323000006862B8BF3F03D5E003002A0024D39A98
:1032400000000012F30B40F9FD7BC2A8C0035FD65B
:10325000FD7BBEA9FD030091F35301A9F403012AEC
:10326000F303022A92F7FF972300805282018052D3
:10327000040840F96120D41A030840B9530100340E
:10328000637C021B637C4093806863B82100002A42
:10329000816823B8F35341A900008052FD7BC2A886
:1032A000C0035FD6607C021B007C4093826860B8DC
:1032B0004100210A816820B8F7FFFF17FD7BBDA9F7
:1032C000FD030091F35301A9F303012AF51300F95B
:1032D000F50300AA76F7FF97F40300AAE103132A87
:1032E000E00315AAC8FFFF971F040071800A40F988
:1032F000820A40B9A101005481018052427C011B25
:10330000427C4093006862B8BF3F03D5E003002AC7
:10331000F51340F90024D39AF35341A90000001299
:10332000FD7BC3A8C0035FD64250001142741E53F8
:10333000F4FFFF17FD7BBEA9FD030091F35301A924
:10334000F403012AF303022A59F7FF97040840B94E
:103350008501805223008052060840F96120D41A6A
:10336000847C051B84100011847C4093C26864B87F
:103370004200012AC26824B8040840F9030840B991
:1033800053010034637C051B637C4093806863B801
:103390002100002A816823B8F35341A9000080521C
:1033A000FD7BC2A8C0035FD6607C051B007C4093F8
:1033B000826860B84100210A816820B8F7FFFF17D2
:1033C000FD7BBEA9FD030091F30B00F9F303012A75
:1033D00037F7FF97020840B981018052427C011BF8
:1033E000010840F94210001120008052427C4093B5
:1033F0000020D31A236862B86000200A206822B82F
:1034000000008052F30B40F9FD7BC2A8C0035FD6D9
:10341000FD7BBEA9FD030091F35301A9F40300AAAB
:1034200023F7FF97F30300AAE00314AA29F7FF97F5
:103430007F0200F1040840FAC0000054F35341A990
:10344000FD7BC2A8010840B9000040F9A831001472
:10345000F35341A900008052FD7BC2A8C0035FD690
:10346000FD7BBDA9FD030091F35301A9F40300AA5C
:10347000F51300F91AF7FF97F30300AAE00314AA63
:103480000BF7FF97000500B5E00314AA11F7FF97AB
:10349000E10300AAF50300AAE00314AADF310094B7
:1034A000F303002A000200341F3008310418423AA6
:1034B00020040054800000B000283191940200B430
:1034C000810A40A9E303132A210040F982EBFF9708
:1034D000F51340F9E003132AF35341A9FD7BC3A878
:1034E000C0035FD6E00315AA6E310094F303002AEF
:1034F00020020034A00240F9A10A40B97C310094B6
:10350000800000B000983191EDFFFF17820000B0FD
:10351000810000B0E303132A42782B9121A42B9160
:10352000EBFFFF17010C40B9610A00B9000040F938
:10353000600200F913008052E6FFFF17FD7BB8A977
:10354000FD030091F35301A9F55B02A9F50300AA5D
:10355000F76303A9F92300F9D5F6FF97000100B43A
:1035600000008052F35341A9F55B42A9F76343A9D8
:10357000F92340F9FD7BC8A8C0035FD6E00315AA74
:1035800071F7FF97F60300AA1F0400B16009005409
:10359000400A40F9980000B0A19240B9990000B0EB
:1035A000180B3291394B329117008052B6DDFF97DC
:1035B0001F00007100A09F5A137C40937F0600B14A
:1035C00000FDFF54E10318AAE00313AAC1FCFF9712
:1035D0006006003601009052000380D262E5FF973A
:1035E000F40300AA600400B4970A00B90230009105
:1035F000960A00F9E10319AAE00313AAC3FBFF9797
:10360000E0000034E00313AA02008052810000B001
:1036100021643291C0FBFF97800E00B9810000B099
:10362000E30314AA219C3291E00313AA0200805202
:1036300046FCFF9720020034E00313AA2CFCFF97FE
:10364000820000B0E30300AA42C43291010480D298
:10365000E0830191CFEAFF97E0830191BEE5FF97F8
:10366000800200F9A00000B5E00314AA48C7FF9744
:1036700060018012BCFFFF17820240F9E5630191EF
:10368000A10240F9E40313AAE30314AAE00315AA74
:10369000D8F5FF9780F6FF35F7060011400A40F98C
:1036A000E103132A85DDFF971F00007100A09F5AD8
:1036B000137C4093C2FFFF17A0008012AAFFFF17E0
:1036C000014840F96100F8B600008052C0035FD69F
:1036D000FD7BBBA9FD030091F35301A9940000B049
:1036E00094363491F55B02A9950000B0B55A339138
:1036F000F71B00F9400A40F963DDFF971F000071D6
:1037000000A09F5A137C40937F0600B1E100005453
:1037100000008052F35341A9F55B42A9F71B40F921
:10372000FD7BC5A8C0035FD6E00313AAF0FBFF979B
:10373000A00600B4E3330191E10314AAE00313AA45
:103740002200805257FBFF97F603002AC005003580
:10375000E00313AA8FFCFF97F70300AA1F0400B130
:1037600020050054E2230191E10315AAE00313AA06
:1037700099FBFF97800400B4E14B80B9820180D2AD
:10378000E57F40B22108C29AE14B00B9E14B40B954
:10379000DF02016B0B010054400A40F9E103132AD8
:1037A00046DDFF971F00007100A09F5A137C4093D5
:1037B000D6FFFF17020C402900300091E84F40B9B6
:1037C0004108C05A4208C05A04C05FB8471000916F
:1037D0008608C05A8408C05A1F0107EB82010054B2
:1037E000610000F0800000B021A4339100B033915B
:1037F000B9EAFF97E14F40B9800000B0004434912E
:10380000B5EAFF97A0028012C3FFFF172100170B34
:10381000C40000B46208C05A9F0005EBE1000054E8
:10382000BF3F03D5220000B9210040B9BF3F03D5F7
:10383000D6060011D6FFFF17230040B96200024AE6
:103840004200060A4200034AF7FFFF17C00B80122E
:10385000C0035FD6FD7BBFA9E003012AFD030091F1
:103860003F040071C90000543F0C0071E000005497
:10387000800B8012FD7BC1A8C0035FD6720000944C
:10388000400E8012FCFFFF1793000094FDFFFF170E
:10389000FD7BBEA9810000B0E0058052FD030091D0
:1038A000E263009121FC369126FAFF97FD7BC2A8C6
:1038B000C0035FD6FD7BBEA9FD030091F35301A9B0
:1038C000F40300AA404238D5000C02531F0C0071CB
:1038D000A0030054804A40F9810000B02160359176
:1038E00050FBFF97F30300AA000100B5800000B071
:1038F000007C359178EAFF97A0008012F35341A92C
:10390000FD7BC2A8C0035FD6E10300AA800000B01F
:1039100000E83591CFE4FF97A0010034E10313AA3A
:10392000800000B000F83591CAE4FF974100805252
:1039300000010034800000B0E10313AA00083691B2
:1039400065EAFF97A0028012EDFFFF172100805269
:10395000A00000B001C000B9E00314AAD4F5FF979D
:1039600000008052E6FFFF17FD7BBEA9810000B07A
:1039700021843691FD030091F30B00F9F30300AAB3
:1039800013F6FF9760010036820000B0422835919F
:10399000E10302AAE00313AA030080D2FFF6FF9717
:1039A000F30B40F900008052FD7BC2A8C0035FD634
:1039B000810000B0E00313AA21B8369104F6FF9706
:1039C00040FE0737F7FFFF17FF0301D1A40000B047
:1039D000FD7B01A9FD43009184C040B99F0800719F
:1039E00081010054E4830091E47F00A9070080D2A4
:1039F000060080D2050080D2040080D2D4B6FF97A2
:103A0000FD7B41A9E01340F9FF030191C0035FD69C
:103A10009F04007121010054E4830091E47F00A918
:103A2000070080D2060080D2050080D2040080D238
:103A3000D2B6FF97F3FFFF17E0008092E01300F982
:103A4000F0FFFF17FD7BBEA9FD030091F30B00F90A
:103A5000F303002A8FFFFF97030080D2020080D279
:103A6000010080D20080B0D2D8FFFF97FF43406BA7
:103A700060020054410280D2400180D2030080D213
:103A8000020080D20180B8F20080B0F2CFFFFF9731
:103A90007F0200710408413A20010054400280D2A4
:103AA000030080D2020080D2010080D20080B8F2F0
:103AB000F30B40F9FD7BC2A8C4FFFF17200180D2A1
:103AC000030080D2020080D2010080D20080B0F2D8
:103AD000F8FFFF17FD7BBFA9FD0300916DFFFF9766
:103AE000FD7BC1A8000180D2030080D2020080D2F9
:103AF000010080D20080B0F2B4FFFF17FD7BBDA9AA
:103B0000FD030091F35301A9F40300AAF303032A70
:103B1000F55B02A9F50301AAF60302AAE20316AABD
:103B2000E10315AAE00314AA2209009480000034DE
:103B3000730600517F06003121FFFF54F35341A962
:103B4000F55B42A9FD7BC3A8C0035FD6FD7BBCA982
:103B5000FD030091F30B00F9F30300AAE00300B2A8
:103B6000E01300F9FF2B00B941010034610240F974
:103B7000603E40B9210C40B90100010A0004031263
:103B8000213C19122100002A21000232E12B00B948
:103B9000E1830091E00313AA020080D2050900949A
:103BA00060000035E12F40B9613E00B9F30B40F9E8
:103BB000FD7BC4A8C0035FD6FD7BBCA9FD030091BB
:103BC000F30B00F9F30300AA007D80D22DE5FF97E7
:103BD000E00313AAE1830091020080D2FF1300F9F1
:103BE000FF2B00B9F3080094F303002A60000035AE
:103BF00000FA80D223E5FF97E003132AF30B40F984
:103C0000FD7BC4A8C0035FD6FD7BBEA9FD03009168
:103C1000F35301A93F0C0071000300540C0200543F
:103C200081020034210400513F040071E801005476
:103C3000134C40F9134400F9148040B92A09009448
:103C4000F403142A730AD49A130C00F9000080526A
:103C5000F35341A9FD7BC2A8C0035FD621100051D8
:103C60003F0C0071E900005400008012F9FFFF17BB
:103C7000134840F9F0FFFF17135040F9EEFFFF170C
:103C800001CC218B335440F9EBFFFF17033040B9CF
:103C90007F00016B60000054013000B981070014FF
:103CA00000008052C0035FD6FD7BBEA9FD030091DA
:103CB000F35301A9F40300AA006C40F9A00100B479
:103CC00021008052EA190094F303002A1F000071BA
:103CD000A00480126412407AC0000054800000B03A
:103CE000E103132A001037917BE9FF9704000014C9
:103CF000807240F9C00000B513008052E003132A1F
:103D0000F35341A9FD7BC2A8C0035FD621008052B6
:103D1000D7190094F303002A1F000071A004801239
:103D20006412407AA0FEFF54800000B0E103132A21
:103D300000943791EDFFFF17FD7BBEA92100805253
:103D4000FD030091F30B00F9F30300AA0180003991
:103D50001F2800B953070094606E40F9800100B538
:103D6000607240F9600200B5E00313AA8607009470
:103D7000A001003500FA80D2C2E4FF97E00313AA45
:103D8000F30B40F9FD7BC2A8C8FFFF17010080526A
:103D9000B71900941F000071A10480120410417A29
:103DA00000FEFF54F30B40F9FD7BC2A8C0035FD6B1
:103DB00001008052AE1900941F000071A10480120E
:103DC0000410417A20FDFF54F7FFFF17FD7BA4A9E3
:103DD000210080520100A272FD030091F35301A95A
:103DE000020080D2F30300AAF55B02A9F60680D296
:103DF000B602C0F2F76303A9F96B04A9013400B954
:103E000001E04079F64300F9213C1053E18B00B901
:103E1000E103029167080094F403002A20050035AD
:103E2000E00300B2F5FF0391B5E67A92F50305A928
:103E300000018052D61200D1E2430191E1030291C8
:103E400063008052E06300B9E00313AAF64300F96F
:103E5000FF8B00B92AFFFF97F403002A20030035E7
:103E6000A00240B90108C05A614A00B9000C001212
:103E7000A20640B94208C05A1F0400710003005452
:103E80001F080071210300543F0071F26000B0521E
:103E90004300B0520010831A600A00B9624E00B9A4
:103EA00081009036603640B900000332603600B9B8
:103EB000610A40B92000B0523F00006BA1010054DC
:103EC000F55B42A9E003142AF35341A9F76343A920
:103ED000F96B44A9FD7BDCA8C0035FD6004081528A
:103EE0002000B072EDFFFF172000B052EBFFFF176C
:103EF000F5FF0591D70080D238FE9F52B5E67A9241
:103F0000B6008052B702C0F2F81FA072F90300B2E7
:103F10001A088052D6060071A0010054E2A3019154
:103F2000E1830291E00313AAF5E706A9FA7B00B941
:103F3000F75300F9F8AB00B91E080094C00400352F
:103F4000A01E40B90008C05A60FE8F37A00E40B9CD
:103F50000108C05A81038837620A40B9A1FFAF1235
:103F60005F00016BE9FAFF54013048D361F600B9F4
:103F700080005836613640B921001732613600B9E9
:103F800080005036613640B921001932613600B9DF
:103F900080004836613640B921001A32613600B9D6
:103FA00080004036613640B921001B32613600B9CD
:103FB00080F86736603640B900001832603600B9C4
:103FC000C0FFFF17613640B921001E32613600B9CB
:103FD000E2FFFF17F403002ABAFFFF1701FC00B944
:103FE00021010035027C40B9027800B93F10007110
:103FF000A00100543F200071E1179F1A01CC00B9C5
:10400000C0035FD63F300071A8000054620000D0AA
:1040100042001191425861B8F4FFFF17020080522C
:10402000F2FFFF1721008052F5FFFF17FD7BBCA9AF
:1040300083008052020080D2FD030091F30B00F94F
:10404000F30301AAA10180D2A102C0F2E11300F999
:1040500001E04079213C1053E12B00B9E18300914C
:10406000A7FEFF9760000035E12F40B9610200B95B
:10407000F30B40F9FD7BC4A8C0035FD6FD7BBAA952
:10408000211C00123F040071FD030091F35301A9AC
:10409000F40300AA421C0012F51300F9E5179F1A59
:1040A0005FCC0271631C001201D84139400180527B
:1040B000E4179F1A3F000071337C001B813E805241
:1040C0007312811ABF00046A8000005481DE4139F6
:1040D00041000034337C001B635C1853C00080D265
:1040E0006240022AA003C0F242040832E1030191B7
:1040F00063008052E02300F9E00314AAE24B00B908
:10410000020080D27EFEFF97C0030035000080D2FF
:1041100093E3FF97027D805221008052F50300AAAD
:10412000E00314AA627E021B670600941F00007160
:10413000A10480120410417A41020054737E40931E
:10414000E1F30091E00314AAB9FFFF97C000003526
:10415000E13F40B9E1013837211018123F002471C6
:1041600000010054800C80D2C6E3FF97E00315AA3B
:104170007BE3FF971F0013EB43FEFF54A00D80125B
:10418000F35341A9F51340F9FD7BC6A8C0035FD6E0
:1041900080008012FBFFFF1703CC40B9630200359B
:1041A000FD7BBDA9030280D2A302C0F2FD030091F2
:1041B000E11B00B9010441B9E30B00F9E100083645
:1041C000E143009183008052020080D24CFEFF97B1
:1041D000FD7BC3A8C0035FD6E1430091020080D2FB
:1041E00074070094FBFFFF1700008052C0035FD6E6
:1041F000FD7BB9A9FD030091F35301A9F51300F963
:10420000022440B95F200071800400545F100071E7
:10421000C1040054930000F0730616910208805206
:10422000557C4093A33A019163107C92FF6323CBAA
:10423000A15300B9A1028052F4FF0091A15700B927
:10424000E10300B294E67A92B41F00F9A12300F9C9
:10425000A1430191A24B00B9A2E30091BF5B00B959
:104260005407009400010035E10313AAE20315AAE4
:10427000E00314AA17E3FF971F000071810080126A
:104280000000811ABF030091F35341A9F51340F9CF
:10429000FD7BC7A8C0035FD6930000F002108052D8
:1042A00073061791DFFFFF17A0028012F6FFFF17BA
:1042B000FD7BBDA982018052FD030091E21300B98C
:1042C000020840B9FF1B00B98201F837211C001217
:1042D000A20280523F0040F2A10380522110821AB4
:1042E000020080D2E11700B9E14300913107009448
:1042F000FD7BC3A8C0035FD6A1038052F9FFFF175F
:10430000FD7BB6A9FD030091F35301A9F55B02A95A
:10431000F60301AAF50302AAF76303A9F70303AAA8
:10432000F96B04A9FB2B00F967F3FF97F40300AACC
:10433000000440B9F50100B456070094F30300AA45
:10434000800100B4812E4039E00314AAE6EAFF9709
:104350000001F837820E40F9A102168B3F0002EBF4
:10436000A901005480000090001C3891DAE7FF9703
:10437000150080D2F35341A9E00315AAF55B42A9C9
:10438000F76343A9F96B44A9FB2B40F9FD7BCAA84D
:10439000C0035FD6618240B9E00313AA7FFFFF9795
:1043A00080FEFF35E20315AAE10317AAE00313AA72
:1043B000F80315AAE4060094F903002ABA02805211
:1043C0003B0080523F0318EB618240B93493989AC6
:1043D000621E40B99F0600F1F73700F9E0979F1A77
:1043E0005F00007100440011E06B1029207C161B57
:1043F000E2A30191FB530E29C012801AE17B00B9A0
:10440000E1030291E08B00B9E00313AAE9060094EE
:10441000800200359F0600F129010054E00313AA31
:1044200001008052A3FFFF97A0000034800000909D
:1044300000CC3891A8E7FF97CEFFFF17E003142ABE
:104440009FC220EB61F9FF54608240B9D602148B01
:10445000180314EB175C149B61FBFF54C6FFFF1796
:1044600000008052F7FFFF17FD7BBBA9020180D23D
:10447000A202C0F2FD030091E10F00F9E10300B2D6
:10448000E11300F901408052E12B00B9E1C3009132
:10449000E21B00F9E2630091FF3B00B9C5060094FE
:1044A000FD7BC5A8C0035FD6FF8309D181FFB7128A
:1044B000FD7B00A9FD030091F35301A9020840B957
:1044C000147440F95F00016BC80000540000805272
:1044D000FD7B40A9F35341A9FF830991C0035FD637
:1044E000F37F019173E67A92E10313AADFFFFF974E
:1044F00000FFFF3581824239608242393F00006B04
:104500006000005420098012F2FFFF1781764339C2
:10451000607643393F00006B61FFFF5481024339ED
:10452000600243393F00006BE1FEFF548182433952
:10453000608243393F00006B61FEFF54615203917A
:1045400080520391820080D262E2FF9700FCFF3428
:10455000EDFFFF17FF8309D1FD7B00A9FD0300914B
:10456000F35301A9F40300AAF303012A3F040071E5
:10457000A000005469030054200C00511F04007176
:104580004803005423008052E00314AAC20880129A
:1045900021008052BAFEFF97C0010035737A1E12C7
:1045A0007F06007161010054F37F0191E00314AABA
:1045B00073E67A92E10313AAACFFFF97A0000035DF
:1045C00060E642391F00007160418012E013801ADA
:1045D000FD7B40A9F35341A9FF830991C0035FD636
:1045E00003008052E9FFFF17A0028012F9FFFF17B6
:1045F000A3FEFF17FFC309D182FFB752FD7B00A9BD
:10460000FD030091F35301A9F55B02A9010840B92C
:104610002100020B8200B8123F00026B080F005409
:10462000F3BF0191F40300AA73E67A92E10313AA9F
:104630008EFFFF97F503002A200F0035807640F9A2
:10464000800000B5004080D2DAC3FF97807600F981
:10465000807640F9E00E00B4E10313AA024080D254
:10466000E9E1FF97600243391F200071680D005493
:10467000610000D021501391207860B8E13F805252
:10468000800A00B98100A8721F00016B89010054E3
:10469000811E40B98100003461D680B921D877D31A
:1046A000814A00F9E19F80528100A8721F00016BCE
:1046B0006900005460E2433980DA0139601E4339F1
:1046C000616E423902040051421C001221000012A6
:1046D0005F700071C20380520080821A80DE01394F
:1046E0006282423982CA0139608A43394200003706
:1046F0006000003462CE423982D6013936000012A1
:10470000A100003461824239610008366172423989
:1047100081CE0139001C6FD3804E00F984A2029132
:104720006576029160A242390100805226008052D3
:10473000001C6FD3805200F96046029102E05F389E
:10474000030040394340030B02F05F386220022B24
:104750002100861AF600003463824339637C229B71
:1047600062764339427C039B42B06DD3820000F9EC
:10477000000C009184200091BF0000EB01FEFF546B
:1047800060824239DF02007121049F1A80000036E6
:10479000607242391F1040F241000054210200367D
:1047A00023008052E00314AAE103032A020A8012C4
:1047B00090FFFF97F503002A200300352000805268
:1047C00060BE0239801E40B900010034F60000349A
:1047D00060D680B900D877D3804A00F9030000146E
:1047E00060BE423900FF0737609E423980D20139EE
:1047F000609E4339001044D3801202391500805264
:10480000FD7B40A9E003152AF35341A9F55B42A9BA
:10481000FFC30991C0035FD6B5028012807640F9CC
:1048200000FFFFB4DAC2FF979F7600F9F5FFFF178C
:1048300075018012F3FFFF17FD7BBCA9FD030091FA
:10484000F35301A9F40300AAF55B02A9F503012AB9
:1048500096008052F76303A9371C00123808001233
:1048600083D64139E00314AA8209801221008052C4
:1048700063701D126300182A5EFFFF97F303002A7E
:10488000C0000034D6060071C1FEFF54BF020071A3
:104890000008533A01010054E103152AE00314AA69
:1048A000DAFCFF97F303002AE00314AA0E06009433
:1048B000172C0039F55B42A9E003132AF35341A9F1
:1048C000F76343A9FD7BC4A8C0035FD6441C001254
:1048D000E2000037020040F9420C42297F00016BE0
:1048E0006190811A3F00026B2120821A04800039F6
:1048F000012800B96B040014FD7BADA9FD030091F4
:10490000F35301A9F30300AA0000A4D2F55B02A9A6
:104910000000E2F2F76303A9F96B04A9FB7305A990
:10492000E03B00F9603E40B9C002C03760F640B9D4
:104930001F081E72E0079F1A623A40B93500020A4A
:1049400040000035B56A1612F90680D2740000D016
:10495000B902C0F294E21391FBC301913CC700D1AC
:10496000170180D2F70600F1010100548000009089
:104970007641801200C4399157E6FF975300001426
:1049800020008052EDFFFF17800240B921008052C5
:104990002020C01A1F00156A610000549432009153
:1049A000F1FFFF17180080D2800640B91A6B7BB860
:1049B000A002000A1F001A6A200D00540000A8522D
:1049C0005F03006B200900540000A4525F03006BDA
:1049D000000900540000A2525F03006BE00800547D
:1049E00016008052E1031A2A8000009000383991A5
:1049F00039E6FF97400280D20024D69A200A00367A
:104A000060E24079E1C30291020080D2F95B00F9D3
:104A1000003C1053E0BB00B9E00313AA6505009405
:104A200000090035DF120071E1C30291E0179F1AFF
:104A3000020080D2FC5B00F900781F53E0BB00B994
:104A4000E00313AA5B050094F603002AA0070035D3
:104A50000000A8525F03006B400500540000A45200
:104A60005F03006B200500540000A2525F03006B3F
:104A700000050054E1031A2A8000009000383991A3
:104A800015E6FF9700008052602600B9E00313AAE4
:104A900004040094620A40B92100B052800240B977
:104AA0005F00016BA1030054810240B9E00313AA27
:104AB0004BFDFF97617A40B90200805284FFFF9757
:104AC000810A40B9410A0035F35341A9E003162A8F
:104AD000F55B42A9F76343A9F96B44A9FB7345A9A8
:104AE000FD7BD3A8C0035FD616018052C2FFFF171B
:104AF00096008052C0FFFF1736008052BEFFFF179E
:104B000000018052E1FFFF1780008052DFFFFF1796
:104B100020008052DDFFFF171F1C0071800600542B
:104B2000480200541F140071600600541F180071E1
:104B300060060054000600341F080071000600548F
:104B4000617E40B9E00313AA617A00B90200805285
:104B50007FCE00B97FFE00B95DFFFF9718F2FFB569
:104B6000980080D291FFFF171F200071C0040054ED
:104B70001F24007161FEFF5463008052C00080D288
:104B8000E4BF0391A002C0F2E04B00F900FE9F5287
:104B900084E47A92E01FB0726000002AE09B00B9C2
:104BA000E00300B2E04300F900088052E2E3019123
:104BB000E1430291E43300F9E36F00B9E43F00F907
:104BC000E08B00B9E00313AAFA040094A0FBFF35C0
:104BD000E43340F9E36F40B9801040B9000C001293
:104BE0001F00036B20F6FF54D6FFFF1743008052CF
:104BF000E3FFFF1703008052E1FFFF1723008052FD
:104C0000DFFFFF1783008052DDFFFF17E00313AAC9
:104C1000C803009460F9FF35ACFFFF17FD7BB9A90D
:104C200082FFB712FD030091F35301A9F55B02A9BE
:104C3000F76303A9F96B04A9FB7305A9030840B93D
:104C4000173840B97F00026B2801005400008052E1
:104C5000F35341A9F55B42A9F76343A9F96B44A952
:104C6000FB7345A9FD7BC7A8C0035FD6027440F95A
:104C7000F30300AA620000B560418012F5FFFF1740
:104C8000F702010A017C40B9750000D0790000D01C
:104C9000B59212913983109102008052B80080D2EF
:104CA000140080523B00805209FFFF97180700F163
:104CB000C1000054E103142A8000009000F03A91F2
:104CC00085E5FF97EDFFFF17A00240B96023C01AEA
:104CD0001F00176A20070054760000D0D6920F916B
:104CE000A00240B91F100071800300541F20007102
:104CF000E1179F1AC21240395F00016B8105005411
:104D0000A10640B9C20240B9E102010A3F00026AAD
:104D1000E0040054613240B9E16F00B91F10007126
:104D200000020054002800511F080071A80400541C
:104D300060F240B9010A80521F00016A01148052DA
:104D4000F4079F1A947A1F531F00016A4001005410
:104D5000940200320800001421008052E6FFFF1781
:104D600060F240B9C100805214001E729402811A90
:104D700000FF1F37FA008052090000149C03C05A3C
:104D8000E00313AA9C13C05A7C20DC1AE1031C2AFE
:104D9000BFFBFF97000700345A033C0A5C03146A08
:104DA00023008052C1FEFF5474418012D63200911C
:104DB000DF0219EB61F9FF54B5320091BCFFFF1718
:104DC00094008052ECFFFF17140180523F00001442
:104DD000940080523D000014340080523B000014C7
:104DE0003F300071A10000548000009061418012AA
:104DF00000883A913E000014E00313AAD6FDFF9705
:104E0000F403002A80070035C30A40B9C3011037F4
:104E1000A10240B9E00313AA71FCFF97617A40B97F
:104E200002008052AAFEFF97A10A40B9A1010035F5
:104E3000E00313AA9DFDFF97F403002AC005003587
:104E400083FFFF17E00313AA02098012210080529A
:104E5000E8FDFF97F403002AC0FDFF34260000148C
:104E6000E00313AA33030094F403002A20FEFF3466
:104E700021000014C30A40B9E00313AA02098012FA
:104E80002100805263781D12DAFDFF97F403002A97
:104E900020030035C10240B90000A8523F00006B5A
:104EA00040F9FF540000A4523F00006B20F9FF546A
:104EB0000000A2523F00006B00F9FF5480000090F8
:104EC0000038399104E5FF97742600B9E00313AA6E
:104ED000F4020094A10240B93F2C007121F8FF5464
:104EE0008000009000283A91614180127441801244
:104EF000F9E4FF97E16F40B9E00313AA64FBFF9761
:104F000003008052E00313AA02098012210080529C
:104F1000B8FDFF977FCE00B9617E40B9E00313AAC8
:104F2000617A00B9020080527FFE00B968FEFF97E7
:104F300020008052602600B9E00313AAD902009431
:104F40009BFFFF17FD7BB6A9FD030091F35301A959
:104F5000F30300AAF55B02A9F76303A9F96B04A99F
:104F6000FB7305A9001840B9A01C0035E20313AA81
:104F70003A1C00128100009021643B9140844DF85E
:104F8000140840B9606A40F960150094606A40F9FD
:104F9000628203918100009021943B915B15009403
:104FA000E0008052600601B9E00313AA63FBFF979B
:104FB000E00C00359F121B72F6079F1AE00313AA3C
:104FC00003030094F403002AC019003597000090F1
:104FD000FB0680D23C0580D2F7CA3B91BB02C0F2EF
:104FE0003C00C0F27FCE00B9E00313AA81008052DA
:104FF00027FBFF97E0000034E00313AA4100805232
:1050000023FBFF9760000034E00317AAB2E4FF9788
:10501000607E40B9607A00B920008052602600B9F5
:105020007FCE00B9E00313AA7FFE00B99D02009471
:105030000200805201008052E00313AA24FEFF9771
:10504000E00313AAB0020094E00313AADBFAFF976F
:10505000F503002A40170035E00313AA2204009448
:105060001F2C003900018052E08300B94135805285
:10507000600240F9020080D2000C40B91F2011727A
:10508000401580520000811AE08B00B9A0028052C6
:10509000E1030291E08700B9E00313AAC50300947D
:1050A000C0000035E03342391FA80271610000548E
:1050B0004000B052600A00B9D9020012387D805217
:1050C000E1830191E00313AA020080D2FB3300F9CF
:1050D000FF6B00B9B7030094F403002A000C0035FD
:1050E000600240F94200B052630A40B9FC3300F953
:1050F000010C40B97F00026B020080D22120111206
:10510000200002320000811A3F030071E103002AEF
:10511000000008320010811AE1830191E06B00B9B0
:10512000E00313AAA3030094F403002A80090035C6
:10513000E06F40B9E001F83718070071A00A005489
:10514000007D80D2CFDFFF97DEFFFF17603A40B9C6
:1051500000681612603A00B9E00313AAD3FAFF9769
:10516000F403002AE00C00351600805294FFFF176C
:10517000620A40B94100B0525F00016B6000005408
:105180002100B052610A00B9603E00B9B90500348F
:105190000120A8523F00206A41050054600180D2DE
:1051A000E1030291A002C0F2020080D2E04300F9C4
:1051B000E00313AAFF8B00B97E030094600600355C
:1051C000E08F40B9E0059837E00313AA820C8052C3
:1051D000010080523C0200941F980031C10300542A
:1051E000800C80D2A7DFFF972000805260820039B8
:1051F000E00313AA2B020094E00313AA410080529B
:10520000A3FAFF972004003500E284D29DDFFF97C8
:10521000612A40B902008052E00313AAACFDFF9757
:10522000E00313AA027D80522100805226020094DE
:105230001F98003121020054007D80D291DFFF973A
:10524000603E40B97FE2007900785ED3601E00B90D
:1052500003000014A0FCFF34B40D80129F02007103
:10526000C41A407AA0010054E00313AA1600805229
:10527000B2FAFF975DFFFF1740FEFF34F7FFFF17FD
:1052800094008012F6FFFF17F403002AF4FFFF17C3
:10529000D40B8012F2FFFF179FBA01312103005493
:1052A000E00313AA45FAFF97000080D22CDFFF9796
:1052B000F40300AABF020071E00313AAE1079F1ADA
:1052C00023FAFF97E103002AE0020035603E40B96F
:1052D0002001F837E00314AA21DFFF971FA00FF188
:1052E00008020054800C80D2B506001165DFFF97DC
:1052F000F1FFFF1720008052602203391400805212
:10530000F55B42A9E003142AF35341A9F76343A9CB
:10531000F96B44A9FB7345A9FD7BCAA8C0035FD6FE
:10532000A10D80129A000037600000F000543C91FB
:10533000E9E3FF97D40B8012F2FFFF17F403002A72
:10534000F0FFFF17FD7BBEA9220080520200A2726F
:10535000FD030091F30B00F9F30300AA040C41B91B
:10536000000040F9000840B90300022A633A00B97E
:105370009F34007140010054210080522120C41A42
:105380007F00016A2002005400481312000004321A
:105390000000012A0000022A603A00B9E00313AAC3
:1053A00002020094E00313AAD9010094C001003561
:1053B0007F1A00B9600000F000A03D91C6E3FF979E
:1053C000400F801205000014600000F0000C3D91B9
:1053D000C1E3FF97A0028012F30B40F9FD7BC2A846
:1053E000C0035FD6E00313AA01008052D6FEFF97E8
:1053F00040FFFF352100805261260339F7FFFF1778
:10540000FD7BBCA9FD030091F35301A9F30300AA9E
:10541000006840F932EFFF97130000F9601A40B9B5
:10542000201E0035000080D2CDDEFF976026433974
:10543000E01D0034602243397F260339401E0035C9
:10544000400080D2FF2B00B9E000C0F2E01300F969
:10545000600641B920210036E1830091E00313AAE0
:1054600083008052020080D2A5F9FF9760240035A6
:10547000E1B30091020280D26082019162DEFF9767
:1054800060E24079E1830091020080D2003C105339
:10549000E02B00B9600080D2A002C0F2E01300F956
:1054A000E00313AAC302009480220035600A40B9C9
:1054B0006000F836E05F407960E20079200180D238
:1054C000E1830091E000C0F2E01300F960E240796E
:1054D000020080D2003C1053E02B00B9E00313AA75
:1054E000B4020094A0200035E18F4629610E0B29FB
:1054F000E283452962020A29640A40B90300A852DE
:105500009F00036BA101005443745AD37F0C0071B8
:10551000001D00545F040472A11B00547F0400713D
:10552000E01B00547F080071E01B005403408052D0
:105530002300A872630A00B9441843D3830000D043
:10554000630C1491420840927FCE00B97FFE00B9EF
:1055500063686438640000B084801091827862B817
:10556000044C50D3627C021B03304CD3620A0F29D7
:1055700022008052634600B94220C41A641E40B91A
:10558000C4190034001410530040412A010180D294
:1055900021080011000400915F0008717F7E0AA9B4
:1055A0000020C19A417C40937F7E0BA97F6200F965
:1055B000007C019B607E09A90040805242D0801A85
:1055C000628200B903020034604240B91F04003116
:1055D000A0010054003C1053E02B00B9800080D2A1
:1055E000E1830091020080D2E01300F9E00313AAE6
:1055F0007002009480000034600000F000F83D91DB
:1056000035E3FF97E00080D2E1830091A002C0F271
:10561000E01300F960E24079020080D2003C1053B0
:10562000E02B00B9E00313AA620200946016003573
:105630000000801260D60139E00313AAEEFBFF9749
:10564000C0150035E00313AAA7020094012C4039CD
:10565000E00313AA6DF9FF9700150035600A40B901
:105660004013F836E00313AAD9F9FF976014003508
:1056700060F640B91F081E72E001005420008052FD
:1056800060820039E00313AA06010094E00313AA24
:10569000410080527EF9FF970013003500E284D26A
:1056A00078DEFF97612A40B9E00313AA0200805216
:1056B00087FCFF97613640B9E00313AA8FFCFF9780
:1056C000C011003560FE40B9600201B960CE40B93A
:1056D0006000003400408052608200B9E00313AAE9
:1056E000810200941F140079F40300AA1F300039CE
:1056F000608240B9E103002A1FE40272811200F9BE
:10570000E1079F1A1FCC0472E2079F1A1FF0017273
:10571000E3079F1A42741E534104010BE2FF9F529C
:105720001F00026BE2979F1A1F9C0872E0079F1AE6
:105730006210020B2100020B200C000B802A00B922
:10574000604640F9618240B90008C19A610000F0EA
:1057500021983E91800E00F980B2009164DE40797C
:1057600063D24079628E4139B1E2FF9767AE413929
:105770008056019162824139610000F0636640B950
:1057800021F03E91661C0012653C48D3645C50D306
:10579000637C1853A6E2FF97626A40B980AA019120
:1057A000610000F021243F91434C50D3425C54D31C
:1057B0009FE2FF9720008052601A00B9608A40F98A
:1057C000200100B5600240F902D490D2010000909F
:1057D0002200A0F221002791030040F960420491C9
:1057E000D7C1FF970000805204000014E00313AA01
:1057F000D5FEFF9700E2FF34F35341A9FD7BC4A817
:10580000C0035FD6603E40B97F2203396002F8379B
:10581000E00313AAE9F8FF97000080D2D0DDFF97DC
:10582000F40300AAE00313AA21008052C8F8FF97EE
:1058300040060035603E40B90001F837E00314AA85
:10584000C7DDFF971FA00FF128080054800C80D2FD
:105850000CDEFF97F4FFFF170000A852600A00B9A2
:10586000603E40B900785ED3601E00B920008052CF
:1058700060E20079F3FEFF17E1830091E00313AAD1
:10588000020080D2CB010094F9FEFF177F10007157
:10589000E1E4FF548300A85227FFFF1703808052E2
:1058A00024FFFF17034080524300A87222FFFF1716
:1058B0006300A85220FFFF1700241E530078412ADE
:1058C00021444FD333FFFF17220080520200A272FF
:1058D000623600B9617640F982FFB7121F00026B91
:1058E000E9020054E10000B5600000F0004C3E9178
:1058F00079E2FF97604180127F1A00B9BFFFFF175E
:10590000200080520000AE72603600B92110433989
:1059100061F200B9C1000836024000113F041E7256
:105920000000821A00001D32603600B9603640B9AE
:105930006100003600041F32603600B9613640B99C
:10594000E00313AAB6FCFF975EFFFF17C00B80129F
:10595000EAFFFF17FD7BBEA9FD030091F30B00F9E1
:10596000F30300AA008840F9600000B4604204918B
:1059700061C1FF97601A40B9C0010034600A40B9A4
:10598000613640B9C000F836E00313AA2168161248
:10599000F30B40F9FD7BC2A8D8FBFF17E00313AA65
:1059A00021701312F30B40F9FD7BC2A89CFCFF177A
:1059B000F30B40F900008052FD7BC2A8C0035FD604
:1059C000FD7BBEA9FD030091F30B00F9134004D148
:1059D000008050B8E0000034E00313AA4C000094AB
:1059E00080000035E00313AADBFFFF977F1A00B9A0
:1059F000F30B40F9FD7BC2A8C0035FD6FD7BBDA9B8
:105A0000E103002AFD030091E2A30091F30B00F9EA
:105A1000F303002A60098052D7F1FF97C0000035D8
:105A2000E01740F93E010094600100B5000080528B
:105A300006000014E2A30091E103132A60098052DA
:105A4000B3F1FF97E0FEFF34F30B40F9FD7BC3A8F1
:105A5000C0035FD601284339A2018052020C01B96C
:105A600061FEFF3438FEFF97F1FFFF17FD7BBFA9F2
:105A7000FD030091C4EDFF9799EDFF97FD7BC1A851
:105A8000000040F95FFEFF17FD7BBFA9FD030091F9
:105A900093EDFF97FD7BC1A8000040F9AEFFFF1713
:105AA000006840F9010040F9213440F9210C40F927
:105AB000610000B4F00301AA00021FD6A004801206
:105AC000C0035FD6006840F9030040F9633440F931
:105AD000632040F9630000B4F00303AA00021FD65C
:105AE000A0048012C0035FD6010040F9213440F9C0
:105AF000211040F9610000B4F00301AA00021FD692
:105B0000C0035FD6006840F9F8FFFF17006840F94E
:105B1000010040F9213440F9211440F9610000B43A
:105B2000F00301AA00021FD6A0048012C0035FD6B2
:105B3000FD7BBEA9FD030091F30B00F9F30300AA5E
:105B4000002044390000003260220439606A40F9C4
:105B5000020040F9423440F9421C40F9020100B40D
:105B600040003FD66122443921781F126122043956
:105B7000F30B40F9FD7BC2A8C0035FD6A0048012DE
:105B8000F9FFFF17006840F9010040F9213440F99E
:105B9000212440F9610000B4F00301AA00021FD6DD
:105BA00000008052C0035FD6006840F9010040F950
:105BB000213440F9210040F9610000B4F00301AA4A
:105BC00000021FD600008052C0035FD6006840F973
:105BD000010040F9213440F9210440F9610000B48A
:105BE000F00301AA00021FD600008052C0035FD656
:105BF000FD7BBEA922008052FD030091F35301A951
:105C0000F40300AAF30301AA004840F9810000B0A0
:105C100021140E9140F2FF971F1000716002005492
:105C2000E303002A1F200071A00100541F0400712B
:105C300020020054600000F000803F91741300B413
:105C4000810A40A9210040F9A3E1FF97A002801238
:105C5000F35341A9FD7BC2A8C0035FD6600A40B9D7
:105C600000000232600A00B9600A40B90000033245
:105C7000600A00B9600A40B962520091810000B028
:105C800021580A9100000432600A00B9804A40F9A4
:105C90001EF2FF97804A40F9610000F0213C3F91DD
:105CA0000CF3FF97C0100037804A40F98100009044
:105CB0002118009107F3FF97A0000036600A40B951
:105CC000410180520000012A600A00B9804A40F96F
:105CD0008100009021A81391FEF2FF97800000360A
:105CE000600A40B900001B32600A00B9804A40F9DE
:105CF0008100009021301491F6F2FF978000003669
:105D0000600A40B900001A32600A00B9804A40F9BE
:105D10008100009021B81491EEF2FF9780000036C8
:105D2000600A40B900001932600A00B9804A40F99F
:105D30008100009021600091E6F2FF97800000361C
:105D4000600A40B900001732600A00B9804A40F981
:105D50008100009021401591DEF2FF97800000360F
:105D6000600A40B900001832600A00B9804A40F960
:105D70008100009021980091D6F2FF9780000036B4
:105D8000600A40B900001C32600A00B9804A40F93C
:105D90008100009021CC0091CEF2FF978000003668
:105DA000600A40B900001C32600A00B9804A40F91C
:105DB0008100009021000191C6F2FF97800000361B
:105DC000600A40B900001632600A00B9804A40F902
:105DD00081000090213C0191BEF2FF9780000036C7
:105DE000600A40B900001632600A00B9804A40F9E2
:105DF0008100009021780191B6F2FF978000003673
:105E0000600A40B900041632600A00B9804A40F9BD
:105E10008100009021B40191AEF2FF97800000361E
:105E2000600A40B900041632600A00B9804A40F99D
:105E30008100009021F00191A6F2FF9780000036CA
:105E4000600A40B900001432600A00B9804A40F983
:105E500081000090215802919EF2FF978000003649
:105E6000600A40B900741312600A00B9804A40F910
:105E700081000090218C029196F2FF9780020036FB
:105E8000600A40B900001232600A00B9804A40F945
:105E900081000090211C03918EF2FF978003003750
:105EA000000080526BFFFF17620000F0610000F0FD
:105EB00042782B9121A42B9164FFFF17600A40B90F
:105EC00000001E32600A00B978FFFF17804A40F9CF
:105ED0008100009021C402917EF2FF97800000367D
:105EE000600A40B900001032600A00B9804A40F9E7
:105EF0008100009021F4029176F2FF9780FC073632
:105F0000600A40B900001132E0FFFF17600A40B993
:105F1000005C1312600A00B9E2FFFF17018840B964
:105F2000E1000036FD7BBFA9FD0300916CECFF97FB
:105F3000000040F9FD7BC1A8C0035FD6000080D2FD
:105F4000C0035FD6FD7BBDA9FD030091F35301A9FA
:105F5000F40301AAF55B02A9F50302AA136840F94C
:105F6000600240F9163440F9E00313AAECFFFF97F2
:105F7000C32A40F9230100B4E20315AAE10314AADD
:105F8000F55B42A9E00313AAF35341A9F00303AA66
:105F9000FD7BC3A800021FD6000040F9F35341A9BE
:105FA000F55B42A9001840B9FD7BC3A8C0035FD6CA
:105FB000FD7BBDA9FD030091F35301A9F40301AAE0
:105FC000F51300F9F50302AA136840F9E00313AAD8
:105FD000D3FFFF97600240F9003440F9030840F90D
:105FE000230100B4E20315AAE10314AAF51340F952
:105FF000E00313AAF35341A9F00303AAFD7BC3A84E
:1060000000021FD6F35341A9A0048012F51340F9F2
:10601000FD7BC3A8C0035FD6FD7BBDA9FD03009136
:10602000F35301A9F403012AF51300F9F50300AABB
:1060300055ECFF97BAFFFF97F30300AAE00315AAF8
:1060400021ECFF97002C40391F00146B40010054D5
:1060500060D641391FFC037180010054F51340F9EB
:10606000E103142AE00313AAF35341A9FD7BC3A85B
:10607000F2F9FF1700008052F35341A9F51340F9DC
:10608000FD7BC3A8C0035FD6600F8012FBFFFF1724
:10609000FD7BBDA9E103002AFD030091E2A300916D
:1060A000F30B00F9F303002A6009805290E3FF9795
:1060B00020010034E103132A600000F00040039146
:1060C00085E0FF97000080D2F30B40F9FD7BC3A869
:1060D000C0035FD6E01740F92BECFF9790FFFF97C6
:1060E000FAFFFF17FD7BBEA9E1028052FD0300917C
:1060F000006840F9E263009111ECFF97E00F40F96E
:10610000400000B4F0EBFF97FD7BC2A8C0035FD650
:10611000FD7BBCA9FD030091F35301A9F30301AA80
:10612000F55B02A9010040F9213440F9210400B4D3
:10613000048C40B9F40300AAF60302AAE7E3009135
:10614000060080D20540805263098052620000F050
:10615000610000F042B4039121A4039148E4FF9749
:10616000F503002AC0010035E01F40F9D6EBFF9788
:10617000760200F9E17F40B2740A00F9612200F969
:106180002100805201340039C172403901200039A8
:10619000A0018052746A00F9600E01B9F35341A95D
:1061A000E003152AF55B42A9FD7BC4A8C0035FD6B6
:1061B000B5048012FAFFFF17200040F99F0000721B
:1061C00025048052640480528410851A0308003923
:1061D000633C48D3030C0039433C08530314003993
:1061E000435C105303180039437C1853031C0039D7
:1061F000439C60D30320003943BC68D304000039BA
:106200001F040039021000390324003943DC70D325
:1062100042FC78D303280039022C0039200040F9D1
:1062200000300091200000F9C0035FD6FD7BBAA9C1
:10623000FD030091F35301A9F30300AAF55B02A942
:10624000F50301AAF76303A9F70303AAF80303AA56
:10625000F96B04A99AFF9FD240D84129E12F00F998
:10626000D67E001B60FF9F52D402000B80FF9F521E
:10627000940AC01AF903142A390700716103005403
:106280009406005182FF9F5260FF9F12825EA29B84
:10629000835A001B330500B4601A40F9E00400B4CF
:1062A000052440F9A50400B4E1630191E00313AAB9
:1062B00024008052A0003FD6E12F40F9E00315AA48
:1062C000210015CB21FC009121E47A921FADFF97AC
:1062D000F35341A9F55B42A9F76343A9F96B44A9BC
:1062E000FD7BC6A8C0035FD6B30100B4601A40F9B5
:1062F000600100B4052440F9250100B4E20318AAA6
:10630000E1630191E00313AA0400805283FF9F52CE
:10631000A0003FD618031A8BD8FFFF17E20318AA74
:10632000E1630191E00313AA0400805283FF9F52AE
:10633000A2FFFF97F8FFFF17E1630191E00313AAA3
:10634000240080529DFFFF97DCFFFF17810183D25D
:10635000000880D25CBEFF17BF3F03D5020440F99E
:10636000410000B9217D80D2210400F16100005478
:1063700000008052C0035FD6020440F9420040B9D9
:10638000BF3F03D55F0840F201FFFF542000805259
:10639000F9FFFF173F000072E1830032E103811A29
:1063A000BF3F03D5020440F9411000B902008452F6
:1063B0000204B072016841393F0040F2010084528A
:1063C0000104B2722110821ABF3F03D5020440F9C2
:1063D000412C00B901E28452020440F9424440B920
:1063E000BF3F03D5E2001036BF3F03D5000440F99C
:1063F00081008052014400B900008052C0035FD682
:1064000021040071A1FEFF54FCFFFF17FD7BBDA915
:10641000FD030091F35301A9F40300AAF30302AAB8
:10642000F55B02A9F503012A000440F9004840B9D0
:10643000BF3F03D5F6C38952400000B9600240B99E
:10644000BF02006AC100005400008052F35341A90A
:10645000F55B42A9FD7BC3A8C0035FD6001980D2BB
:1064600008DBFF97800640F9004840B9BF3F03D5DD
:10647000600200B9D606007121FEFF54A00D801203
:10648000F3FFFF17E1040034FD7BBEA9FD0300917B
:10649000F35301A9F30300AAF403012A022840F9E7
:1064A000220300B440003FD6E003002A1F4034EB33
:1064B00040030054817A1F53230400D16300008BF2
:1064C0006308C19AE00313AA01008052B2FFFF974C
:1064D000E0010035BF3F03D5600640F9030800B96D
:1064E000BF3F03D5600640F9210080521F0C00B960
:1064F000E00313AAA8FFFF97A0000035741600B9A7
:1065000003000014001840B900FDFF35F35341A902
:10651000FD7BC2A8C0035FD603008052EAFFFF17CD
:10652000C0035FD6FD7BBEA9FD030091F35301A913
:106530007BFEFF97012840B9140840F9F30300AA35
:10654000E00314AAD0FFFF97602640B91F10007126
:10655000000300541F200071E0179F1A003C1053E5
:10656000BF3F03D5810640F9201800B9800640F9E5
:10657000007440B9BF3F03D562CE40B9010010326C
:1065800000780F125F0000710000811ABF3F03D531
:10659000810640F9207400B9812240F9E10000B57C
:1065A000607240F9600100B50000805206000014DE
:1065B00020008052EBFFFF17E00314AA20003FD613
:1065C00000FFFF34F35341A9FD7BC2A8C0035FD68F
:1065D000613240B93F0800712101005401E88E5238
:1065E0006103A072260F00941F000071A1048012A5
:1065F0000410417AA0FDFF54F3FFFF1701548B52A2
:106600004106A072F8FFFF17FD7BB8A9FD030091BA
:10661000F35301A9F30300AAF40302AA000080D2F5
:10662000F55B02A9F50301AAF76303A9F70303AA1F
:10663000F96B04A94ADAFF97F60300AA600640F94D
:10664000004840B9BF3F03D5A0004836E00316AA72
:1066500043DAFF971FD007F129FFFF54BF3F03D54F
:10666000600640F901008012014400B9541100B5E0
:10667000A10A40B9BF3F03D5600640F9012800B91F
:10668000742000B4800A40B9014080D21F007FF21C
:1066900000C080D20010819AA10640B94201805208
:1066A0002200020A5F280071E02E0054A20240B9C5
:1066B00003001232000013325F3000710010831AA1
:1066C000A100003603001A323F007FF200041A32A4
:1066D0000010831A41001036000018325F2C007140
:1066E000E1179F1A616A0139410000540000043229
:1066F000A10240B90000012A0100B4520000012AA1
:10670000BF3F03D5610640F9202C00B901D4905257
:106710002100A072600640F9004440B9BF3F03D594
:10672000626A4139821B0036601B5036BF3F03D579
:10673000610640F902808052224400B9C01B4037F4
:10674000602A0837A10640B941001036002A3037C8
:1067500041020036600640F9E11B0836003C40B9B2
:10676000BF3F03D5A00E00B9600640F9003840B91C
:10677000BF3F03D5A01200B9600640F9003440B90C
:10678000BF3F03D5A01600B9600640F9003040B9FC
:10679000BF3F03D5A01A00B9342700B4761A40F9D8
:1067A000000080D2FF5700B9EDD9FF97F80300AA87
:1067B000010A805280D641291AD09752970240F997
:1067C000B57E001BC02A40B9A17E011BB57E0253D5
:1067D0002108C01AC02640B92108C01AC0CE40B94D
:1067E0001F000071E0079F1A000400112108C01A61
:1067F000007D8052217C001B3F00006B2120801A0D
:10680000F603012A600640F9194440B9BF3F03D599
:106810003F031A6A0120005460624139401B003670
:10682000351B0034800A40B9FF5700B91F040071BE
:1068300061160054000580522003006A401A00547B
:10684000BF3F03D5610640F9204400B9E2530191EE
:10685000E00313AA81008052EDFEFF974019F8373C
:10686000E05740B901008052007451D31F00156BEE
:106870000090951AE05700B9E05740B93F00006B0F
:1068800023130054BF02006B291C0054B502004BB7
:10689000EFFFFF1760624139821240B9A001003654
:1068A000BF3F03D5600640F9021C00B9818241292F
:1068B000007C011BBF3F03D5610640F9202000B9D1
:1068C000E00313AA41008052A4FEFF9769FFFF175F
:1068D000800E40B9810240F9427C001B800A40B919
:1068E0001F040071A107005443008052E06301912E
:1068F00094B9FF97F603002A000E0035E63340F9FD
:10690000E00313AA4100805294FEFF97603240F9E1
:10691000E70317AA000840B9BF3F03D5610640F955
:10692000007C409302008012226820B8603240F957
:10693000000040B9BF3F03D5610640F9007C409399
:10694000376820B86066413900010036603240F98E
:10695000000440B9BF3F03D5610640F9007C409375
:10696000E2FE60D3226820B808038052850E40B949
:106970000800B072E00317AA0921005101008052FB
:106980003F000071841240B90301891ABF200071D1
:1069900088020054847C051B63001E326A664139FC
:1069A000224C14532A020036C240228B020800F9FE
:1069B00002000191037C0029047C0129020C00F9EA
:1069C000E00302AABF200071E9010054A520005194
:1069D00021040011EBFFFF1723008052C4FFFF17B3
:1069E00084701D53EEFFFF174200060BE3120029CF
:1069F000E20A00B9E2020111F7020191E2C21CB8F9
:106A0000F1FFFF17616641393F0040F2E102809AD1
:106A1000E00307AA21FC009121E47A924AABFF9798
:106A2000600640F9000040B9BF3F03D50104805221
:106A30000140A0720000012ABF3F03D5610640F962
:106A4000200000B9600640F9008040B9BF3F03D57F
:106A5000411080520000012ABF3F03D5610640F972
:106A6000208000B9811240B9BF3F03D5600640F9CC
:106A7000011C00B981824129007C011BBF3F03D565
:106A8000610640F9202000B9FAFEFF17000080528D
:106A900002FFFF17C000103634E5FFB5BF3F03D536
:106AA000610640F9204400B925FFFF172104007159
:106AB00021E3FF54B60D8012F35341A9E003162AD7
:106AC000F55B42A9F76343A9F96B44A9FD7BC8A80C
:106AD000C0035FD6003040B9BF3F03D5A00E00B958
:106AE0002EFFFF17600640F9000042B9BF3F03D5F3
:106AF00021040011E04600B860FFFF171F08007175
:106B00002104005419042036E2530191E00313AA32
:106B1000010180523EFEFF97E002F837E15740B98D
:106B2000602A40B9217451D30000014B010080520A
:106B30001F00156B0090951AE05700B9E05740B957
:106B40003F00006BA3000054BF02006B29010054FA
:106B5000B502004BEDFFFF17E24640B8BF3F03D53B
:106B6000600640F921040011020002B9F4FFFF178A
:106B700015008052BF3F03D5600640F901028052E4
:106B8000014400B9D9041837E00318AAF4D8FF97D4
:106B90001F0016EB89E3FF54B60D8012BF3F03D5EB
:106BA000600640F9194400B960624139E0050037D8
:106BB000800A40B9740640F91F040071603240F940
:106BC000F6179F1AD6060011000840B99402008BF0
:106BD000000080D2E2D8FF97F50300AA800240B9F6
:106BE000BF3F03D5DF02206AE0010054E00315AA8D
:106BF000DBD8FF971FA00FF1E8030054200080D2DC
:106C000020D9FF97ECBCFF97F5FFFF1715008052C6
:106C1000DDFFFF17B6028012E1FFFF17160080525A
:106C2000DFFFFF1716008052603240F9000840B9BC
:106C3000BF3F03D5610640F9007C4093620080525B
:106C4000226820B8600640F9000040B9BF3F03D574
:106C500000781A12BF3F03D5610640F9200000B941
:106C6000E0630191BBB8FF97800C80D205D9FF97F4
:106C700092FFFF17B60D8012ECFFFF17160080522F
:106C8000FAFFFF17F60180128CFFFF1796008012A3
:106C90008AFFFF17FD7BBDA9FD030091F35301A9F6
:106CA000F40301AAF30302AAF51300F99CFCFF9771
:106CB000000840F9930200B4630E40B9631C001150
:106CC000637C035363E47AD3F50300916338019145
:106CD000E20313AA637C7C92E10314AAFF6323CB33
:106CE000E3FF009163E47A9248FEFF97BF020091B0
:106CF000BF030091F35341A9F51340F9FD7BC3A8ED
:106D0000C0035FD6030080D2EFFFFF17FD7BBDA954
:106D1000FD030091F35301A9F51300F980FCFF97DF
:106D2000130840F9F40300AA612640F9610000B499
:106D3000E00313AA20003FD6BF3F03D5600640F909
:106D400035008052E1008052150400B9E00313AA17
:106D500082FDFF9720080034800240F9011040B9FD
:106D6000E00313AAC8FDFF97BF3F03D5610640F9B2
:106D700000008012204400B9BF3F03D5610640F9EE
:106D80003F2400B9BF3F03D5610640F9201400B984
:106D9000BF3F03D5600640F9158000B9602A40B9AD
:106DA000E0000035600640F9004C40B9BF3F03D514
:106DB000006C50D30000150B602A00B9612A40B95D
:106DC000217C0153200400512040002A000003329E
:106DD000BF3F03D5610640F9204C00B961624139DB
:106DE000E1010037600640F9007040B9BF3F03D5AC
:106DF000C002D8376000009000900E9161660139A2
:106E0000603200F9000C40B9BF3F03D5610640F97C
:106E1000007C409362008052226820B8BF3F03D5B7
:106E2000600640F91F1000B9BF3F03D5600640F966
:106E30001F0C00B900008052F35341A9F51340F92B
:106E4000FD7BC3A8C0035FD6600000902100805284
:106E500000100F91EAFFFF1780008012F7FFFF1765
:106E6000240040F90308022902108052040000F9AE
:106E70000206A072020C00B9221040B9020800B943
:106E8000232440B9417802124278011221000232D3
:106E90007F200071420003324210811AE1FF9F52AD
:106EA00042081F32020800B9011800B9C0035FD6BA
:106EB00098FCFF17FD7BBEA9FD030091F35301A9C8
:106EC000001C40F9004C532900080012730A1C539F
:106ED0007302002A08A5FF97147C40B906A5FF9706
:106EE000947A1A12147C00B9BF3F03D5FFA4FF9710
:106EF000132800B900A5FF97137C40B9FEA4FF97A3
:106F000073021B32137C00B900008052F35341A975
:106F1000FD7BC2A8C0035FD6FD7BBDA9FD03009128
:106F2000F35301A9F30300AAF55B02A969E8FF97EF
:106F3000619240B9F50300AA82000090400A40F92E
:106F4000425C10910300805210D4FF972001F83664
:106F5000600000F000C40391DFDCFF97A002801204
:106F6000F35341A9F55B42A9FD7BC3A8C0035FD6DB
:106F7000F603002A600640F9A00600F9E00313AA10
:106F8000FBE8FF97A00A00F983008052820000907E
:106F9000400A40F942140E91619240B9FBD3FF9729
:106FA000BF2600B9A0DA05290000009000D03A9170
:106FB000A02600F963008052620000F0400A40F908
:106FC00042380491619240B900D4FF97A09A00B969
:106FD00003008052620000F0400A40F942540491DC
:106FE000619240B9F9D3FF97B52200F9A09E00B98C
:106FF000610000F021740491604A40F935EEFF977A
:10700000A082013900008052D6FFFF17FD7BB9A98D
:10701000FD030091F35301A9F30300AAF55B02A954
:10702000F71B00F922E8FF97F50300AAE00313AA73
:107030002BE8FF97F60300AAE00313AA25E8FF97C1
:10704000130000F9F40300AAE00313AA21E8FF9754
:10705000F70300AAE2230191E00313AA2100805262
:10706000D3E1FF9720010035E0230191EAE1FF978A
:10707000E02200B940010035600000D0009C04917E
:1070800095DCFF97A0028012F35341A9F55B42A95A
:10709000F71B40F9FD7BC7A8C0035FD6E123019130
:1070A000E00313AADD220094E303002AE003003486
:1070B000600000B000283191F30200B4610A40A9D9
:1070C000210040F984DCFF97822240B9E00315AA31
:1070D000B58200919422009103508352E10314AAD7
:1070E000C300A0725FFFFF97951A00F9B40A00F978
:1070F000801A40F9C00200F9136800F9E00313AAEE
:10710000F35341A9F55B42A9F71B40F9FD7BC7A8E2
:10711000FFFEFF17620000B0610000B042782B91C3
:1071200021A42B91E8FFFF17E02301915D22009439
:10713000E6FFFF17FD7BBEA9FD030091F30B00F9ED
:10714000F30300AADAE7FF97E20300AA01800091A7
:10715000E00313AAF30B40F9FD7BC2A855FFFF170C
:10716000FD7BBEA9FD030091F30B00F9F303012A97
:107170006BFBFF97010840F9211840F9010100B4A9
:10718000221040F9C20000B4E103132AF00302AA5E
:10719000F30B40F9FD7BC2A800021FD6F30B40F9A8
:1071A00000008052FD7BC2A8C0035FD6FD7BBFA953
:1071B000FD0300915AFBFF97000840F9011840F9C0
:1071C000C10000B4211C40F9810000B4FD7BC1A8BE
:1071D000F00301AA00021FD600008052FD7BC1A867
:1071E000C0035FD6FD7BBDA9FD030091F35301A948
:1071F000F303022AF55B02A9F503012A48FBFF9776
:10720000160840F975D7FF9714C0338BC00640F9B4
:10721000032440B9BF3F03D563006CD2BF020071A5
:10722000E0079F1A635014531F00036B4101005481
:10723000F3FEFF3469D7FF979F0200EB85FEFF54F2
:10724000A00D8012F35341A9F55B42A9FD7BC3A8B1
:10725000C0035FD600008052FBFFFF17FD7BBEA975
:10726000FD030091F35301A92DFBFF97F30300AA3F
:10727000000040F9000840B91F041272E1020054F6
:10728000740A40F980620191F0EEFF97E000F83750
:10729000610240F9210840B9A10180361F00007148
:1072A000E0179F1A0A000014800640F9002440B934
:1072B000BF3F03D5610240F900001012210840B918
:1072C000E1FE87371F000071E0079F1AF35341A9C1
:1072D000FD7BC2A8C0035FD620008052FCFFFF17D1
:1072E000FD7BBDA9FD030091F35301A9F30300AA9F
:1072F000341C0012F51300F9BF3F03D5000440F918
:10730000B50C80D214BC0039600640F900BC40398D
:10731000001C0012BF3F03D59F02006AA100005469
:10732000F35341A9F51340F9FD7BC3A8C0035FD611
:10733000B50600F101010054F51340F9E103142AE8
:10734000F35341A9600000D0FD7BC3A800900591D4
:10735000E1DBFF17007D80D24AD7FF97EBFFFF17D5
:10736000FD7BB9A9FD030091F35301A9F40302AA1F
:10737000F55B02A9F50301AAF76303A9F96B04A958
:10738000FB7305A9E6FAFF97130840F956FBFF9730
:107390001B0440B9000080D2F1D6FF977F5600F958
:1073A000A00240B91F300071201800541F4C00711A
:1073B0000418557A011800549F0200F1760080529B
:1073C000D6169F1A970000B07A0000D0F7120391EA
:1073D0005AFF0591180080527C0000D01100001463
:1073E000E00240B91F00186B68010054E1031B2A3A
:1073F000E0031AAAB8DBFF97E10240B921781F53D6
:107400003F003271A8140054802F0691E10200B9A8
:10741000B1DBFF9718070011007D80D219D7FF97C5
:10742000600640F9192440B9BF3F03D53903166AF5
:1074300081FDFF54BF3F03D5600640F90100801273
:10744000013000B9A20240B95F4C0071E1179F1AE8
:107450005F540071E0179F1A2100002A01130034C5
:107460009F0200F11804805218079F1AA00640B925
:1074700017000012A00000368000083740121836AE
:1074800018031F327700805240001036F7021D3279
:1074900040002036F7021C32B41100B4F7021B3250
:1074A000BF3F03D5600640F9C101805201B80039E1
:1074B000761240B980EA4129D60276D2D62A4AD33A
:1074C0001F0800711A7C1A1B40048052D67A1F5381
:1074D000D632801A800A40B91F040071410000545E
:1074E000D6021C3260B240B91F0840F2C0130054EB
:1074F000600640F99B0240F901A04039211C0012AE
:10750000BF3F03D560B240B921741B12211C001289
:10751000600F103621041D32BF3F03D5600640F9CD
:10752000427F409301A0003960B240B91C000012B4
:10753000C00E003660824239A0000037601240B9A8
:10754000A00100367F0B40F260010054800A40B970
:107550001F040071C0000054604E40F9E1031BAAF3
:10756000E23700F928D6FF97E23740F91C00805235
:107570007B4E40F941FC0091800A40B921E47A92A7
:107580006103018B600C0837E0031BAA6DA8FF970D
:1075900060B240B97B5600F9200C0036BF3F03D5DE
:1075A000600640F91B0000B9D6020032801240B9D3
:1075B000002C001200081432BF3F03D5610640F9C9
:1075C00020080079811A4079BF3F03D5600640F951
:1075D000D63E0012010C0079BF3F03D5600640F98A
:1075E00016180079A10A40B9BF3F03D5600640F9DB
:1075F000010800B9A00240B9E022002A003C0012B4
:10760000BF3F03D5610640F9201C0079000080D2FD
:1076100053D6FF97F70300AA600640F9163040B929
:10762000BF3F03D5560A7836000311320000160A10
:107630001F00186BA00D005415008012601240B995
:1076400060003036007D80D28ED6FF97600640F90C
:10765000163040B9BF3F03D5BF3F03D5600640F9A0
:1076600001008012013000B9951B0035601240B94D
:10767000600A00365C0A0035800A40B91F040071B8
:10768000E1090054800240F9427F4093614E40F985
:10769000DDD5FF974A000014600000D00074079108
:1076A0000DDBFF97A00880124600001436008052C0
:1076B00045FFFF177600805243FFFF1738008052C6
:1076C0006BFFFF175700805270FFFF175F4C007170
:1076D0004000005441000034F7021B32A00018366D
:1076E000BF3F03D5600640F9C101805201B800399F
:1076F0003C0080521A008052BBFFFF17E0F00F36AB
:1077000021001C3285FFFF173C0080529AFFFF17B3
:10771000E0031BAA0CA8FF979EFFFF171F041F7210
:1077200040F4FF54616240F9E3031BAAE20314AA88
:10773000E00313AABEFAFF97615E40F9BF3F03D58D
:10774000600640F9015800B960B240B9E0F217365E
:1077500061BE40B9BF3F03D5600640F9015C00B986
:1077600092FFFF173C00805291FFFF17601240B953
:1077700080011037E00317AAF9D5FF971F9C0FF17E
:10778000E9020054600000D0E203182AE103162A3F
:1077900000A40691D0DAFF97A00D80120900001412
:1077A000A00640B980FE1F3674FEFFB5600640F9A2
:1077B000002440B9BF3F03D5E0FD173700008052D9
:1077C000F35341A9F55B42A9F76343A9F96B44A9B7
:1077D000FB7345A9FD7BC7A8C0035FD61F03366AAC
:1077E000C1F1FF5491FFFF17A10640B9600640F9AF
:1077F000A1020836B5320091800380D2610640F9BB
:10780000216860B8BF3F03D5215C1853A10200B9BD
:10781000021000D11F4000F1C0010054610640F980
:10782000000400D121686038211C0012BF3F03D53D
:10783000A00240B90000012AA04600B8E00302AA55
:10784000EFFFFF17001040B9BF3F03D5A00E00B9EE
:10785000BF3F03D5600640F9183000B9740000B589
:107860001500805276FFFF17755640F9024888527E
:1078700018008052E201A0721B018052040680525F
:10788000600640F9173040B9BF3F03D5370A783753
:1078900005030012D8020035FF061C728002005456
:1078A000600640F9002440B9BF3F03D51F0416729B
:1078B00080040054BF3F03D5600640F901008052A8
:1078C000043000B9801240B9830240F91F00016BF7
:1078D000480500546040208B800200F9800E40B9BA
:1078E000390700113F03006B0207005460B240B932
:1078F0001F0840F2A00100548501003577011836B9
:10790000BF3F03D5600640F91B3000B960B240B9F3
:10791000C0000036B5B26D92B5024291BF3F03D5AB
:10792000600640F9150000B95604005142040034C5
:10793000400180D2D3D5FF97E203162A0406805275
:1079400017FA0F3660B240B91F0840F2A0F8FF5492
:1079500083064129605640F9821240B923F80F3757
:10796000217C021B21FC009121E47A922100008BF2
:1079700074A7FF97BBFFFF17860A40B9207C40938E
:10798000DF040071E1000054660640F9C62040B9EA
:10799000BF3F03D5666820B821100011CAFFFF174A
:1079A000636860B8BF3F03D5600640F9032000B9A3
:1079B000FAFFFF17600000D0B50D8012003C079160
:1079C00045DAFF971EFFFF1738008052DDFFFF17D3
:1079D000950080121AFFFF17E00313AA410080529E
:1079E00040FEFF97E00313AA810080523DFEFF97FF
:1079F000B6E5873669FFFF17FD7BBCA9FD03009143
:107A0000F35301A933198052F55B02A9F603012A49
:107A1000F71B00F9140840F9800640F9002440B92A
:107A2000BF3F03D51F0440F2C1020054BF3F03D53E
:107A3000800640F91F580079360F0034801A40F94B
:107A4000400300B4011440F9010300B4E00314AA98
:107A500020003FD6F503002A80020034600000D0E9
:107A6000003808911CDAFF97F35341A9E003152A67
:107A7000F55B42A9F71B40F9FD7BC4A8C0035FD6A4
:107A800073060071C1000054600000D00098079197
:107A9000F501801210DAFF97F4FFFF17800C80D2F7
:107AA00078D5FF97DDFFFF17801A40F9800100B4F9
:107AB000031840F9430100B4E103162AE00314AAB5
:107AC0000200805260003FD6F503002A8000003497
:107AD000600000D000B40891E3FFFF179706432928
:107AE000F71A1F7281010054DF02016BE206005495
:107AF000020180522000805200781F53420400711E
:107B0000000600542308C01A7F00166B68FFFF545C
:107B10002C000014972240B9DF02016BF7030034F8
:107B200020008052E2000054000400111F04107174
:107B3000800000542208C01A5F00166B68FFFF54D3
:107B40001304005117048052801A40F9C00000B499
:107B5000020C40F9820000B4E103132AE00314AAE6
:107B600040003FD6801A40F9400300B4031840F9A2
:107B7000030300B4E103162AE00314AA2200805292
:107B800060003FD6F503002A40020034600000D0B8
:107B900000100991B4FFFF17820100544000805289
:107BA000DF06416BE2000054000800111FF81F714E
:107BB000800000542208C01A5F00166B68FFFF5453
:107BC000137C0153E1FFFF1720008052FDFFFF17D8
:107BD00061061812601E185300000032E10A412AA3
:107BE0000000012A003C0012BF3F03D5810640F986
:107BF000B302805220580079800640F9005840793D
:107C0000003C0012BF3F03D5E000083600001E32E2
:107C1000BF3F03D5810640F92058007915008052F6
:107C200092FFFF177306007181000054600000D0BE
:107C30000084099197FFFF17007D80D211D5FF972F
:107C4000EEFFFF17FD7BBEA9FD030091F35301A9D1
:107C5000B3F8FF97F40300AA130840F9601A40F93B
:107C6000A00000B4010440F9610000B4E00313AACD
:107C700020003FD6602640B9812A40B93F00006B02
:107C800060000054E00314AA5CFFFF978082403933
:107C900080000036E00314AA0100805257FFFF97CE
:107CA000600640F900A04039001C0012BF3F03D518
:107CB000832640B9E103002A621240B9641A40B930
:107CC0007F200071C103005401781E129F181F729B
:107CD000410000544200403621001B320005805212
:107CE0005F00006AE103005480FE40B902040051C5
:107CF000001800515F0C007122781D120088467A2E
:107D000021001E322190821A211C0012BF3F03D590
:107D1000600640F901A00039601A40F9600200B421
:107D2000010840F9210200B4E00313AAF00301AAFC
:107D3000F35341A9FD7BC2A800021FD69F181F72F2
:107D4000410000544200403601781A1220001F32D0
:107D50007F10007121781E122110801AE0FFFF179A
:107D600021781D12E9FFFF17F35341A9000080524B
:107D7000FD7BC2A8C0035FD6010440F9021440F99C
:107D8000217C4079213C0012BF3F03D542FC40B921
:107D900021701D12420400515F2C00710801005433
:107DA000430000F0633015916348623862000010B0
:107DB0004388238B60001FD621000032213C001233
:107DC000BF3F03D5000440F9017C0079C0035FD6B2
:107DD00021001F32FAFFFF1721001E32F8FFFF17A4
:107DE00021040032F6FFFF17A20080522100022A70
:107DF000F3FFFF17FD7BBDA9FD030091F35301A91C
:107E0000F55B02A9F50300AA131440F9000440F938
:107E1000167C4079D63E0012BF3F03D5603240B990
:107E2000F403162A1F080071800500541F1000710A
:107E300021090054607240F9200300B4010080520F
:107E40008B090094E0000034600000D0000C0A911F
:107E5000F35341A9F55B42A9FD7BC3A81ED9FF17C7
:107E6000607240F901548B524106A07204090094DB
:107E700080000034600000D0008C0A91F5FFFF17ED
:107E8000607240F92100805279090094800000342A
:107E9000600000D000200B91EEFFFF17600A40B990
:107EA000C000F836D47A1C12813E0012BF3F03D5C1
:107EB000A00640F9017C0079007182D271D4FF974D
:107EC000600A40B98004F83674041836600000D0A7
:107ED000009C0B91DFFFFF17607240F9000200B4B5
:107EE000010080526209009400FBFF35607240F986
:107EF00001E88E526103A072E10800948000003412
:107F0000600000D000500C91D2FFFF17607240F962
:107F10002100805256090094C0FBFF35600A40B929
:107F2000A000F836D4021D32BF3F03D5A00640F9A9
:107F3000147C0079007182D252D4FF97600A40B954
:107F4000A000F83694001837600000D000E40C91CF
:107F5000C0FFFF17F35341A9F55B42A9FD7BC3A8FE
:107F6000C0035FD6FD7BBEA9FD030091F30B00F9B2
:107F7000F30300AAA0FFFF97E00313AAF30B40F955
:107F8000FD7BC2A87DFFFF17FD7BBEA9FD0300910D
:107F9000F35301A9E2F7FF97F40300AA130840F98D
:107FA00084008052006840F96362019102008052AF
:107FB000610000D021980D916DECFF97E00313AAAA
:107FC00021008052C7FCFF97601240B9A001003623
:107FD0000101A0D2000180D23BB7FF97604E00F9AB
:107FE000000100B5600000D000BC0D91BAD8FF9729
:107FF00060018012F35341A9FD7BC2A8C0035FD684
:10800000800240F9010C40B9000480522210C05A8D
:108010003F0000710000024B00109F1A0004005145
:10802000013C00131F040031600100542000805205
:108030000020C11A3F480071C00400541F00417164
:108040000C0300543F1C0071800300543F44007136
:1080500000040054BF3F03D5600640F91FA4003957
:10806000601A40F9A00000B4010040F9610000B4BA
:10807000E00313AA20003FD6BF3F03D5600640F9B6
:1080800061078052E14FA072013400B9BF3F03D5B0
:10809000600640F91F3800B900008052D6FFFF1774
:1080A0003F500071600000543F54007141FDFF5487
:1080B000C0018052020000144001805200000032D2
:1080C000BF3F03D5610640F920A40039E5FFFF1743
:1080D00080018052FAFFFF17FD7BBBA9FD030091D1
:1080E000F35301A9F40300AAF30301AAF55B02A963
:1080F000F603032AF76303A9F92300F9F903022A17
:10810000020080D2201440F9610000B021300E91AD
:10811000006840F9004840F927E9FF97F70300AAF3
:10812000601640F9020080D2610000B021700E910B
:10813000006840F9004840F91FE9FF97F80300AADA
:10814000600640F9154040B9BF3F03D5B502370A74
:10815000B502182A75019837600000B0009C0E9196
:108160005DD8FF97A0028012F35341A9F55B42A9A5
:10817000F76343A9F92340F9FD7BC5A8C0035FD687
:10818000606240F9600000B571F8FF9760820BA94A
:1081900060B240B9611240B900001E3260B200B94D
:1081A000600640F92105083601FC40B9BF3F03D500
:1081B000217C1053600240F9611A00B9800200F975
:1081C000611A40B921181F7280010054600640F9FD
:1081D000004440B9BF3F03D5F7FE60D318FF60D31A
:1081E0001700370AE102182A205C50D31F000071E3
:1081F000E007801A602200B9601E40B9C001003556
:10820000631A40B9A23E48D3A03648D37F181F72E4
:10821000632240B90000821A02488852E201A0722B
:108220007F000071007C021B027C031B4010801A3F
:10823000601E00B9601E40B900010035600000B04A
:1082400000200F91C7FFFF1701FC4179213C00126C
:10825000BF3F03D5D8FFFF17790000341F00196B0B
:108260000090991A801600B9D6000035621A40B9FC
:108270005F181F72C0070054D6FF80521608D61A26
:10828000A0020872961200B90206A0520000821ADB
:108290003507C837800E00B99500D036800E40B93A
:1082A00000001932800E00B9601240B9A0002036DB
:1082B000627240B9800E40B90000022A800E00B9F7
:1082C0009500A836800A40B900081F32800A00B91C
:1082D000800A40B902000332820A00B9621A40B92A
:1082E0005F181F72A00000549500903700780112AB
:1082F00000000332800A00B9601240B980002836BD
:10830000800A40B900701C12800A00B9800E40B982
:1083100060003836601240B92003483621701D12C3
:10832000601240B9A00058368100F836800A40B982
:1083300000001532800A00B981001036800A40B969
:1083400000001832800A00B9611640B9810000347B
:10835000800A40B90000012A800A00B9E0FF9F525C
:10836000801A00B90000805280FFFF17167C085366
:10837000C4FFFF1700040F32C7FFFF173F0840F28A
:1083800000FDFF54800A40B9A100083602DC80528B
:108390000000022A800A00B9E2FFFF1702081B3220
:1083A0003F0040F200041B320000821AFAFFFF1760
:1083B00058F7FF17FD7BBDA9FD030091F35301A9F9
:1083C000F40300AAF303012AF51300F9007840F939
:1083D00040E3FF970060403995C240F91F100071DB
:1083E000E9000054F51340F9E103132AE00314AA4D
:1083F000F35341A9FD7BC3A8DC0100147F667AF228
:1084000001030054A01A40B9BF3F03D50064121203
:10841000540080520120132A21001132BF3F03D59E
:10842000A11A00B9EDD2FF9713040091A11A40B927
:10843000BF3F03D5E1007836E8D2FF977F0200EB1B
:1084400065FFFF54A11A40B9BF3F03D581027837B9
:108450009F06007101020054000080520A000014BF
:10846000430000D0E215805263F43391610000B004
:10847000600000B021DC0F910050109196D7FF975B
:10848000A0028012F35341A9F51340F9FD7BC3A864
:10849000C0035FD634008052E0FFFF17A00D8012AA
:1084A000F9FFFF17FD7BBBA9FD030091F35301A961
:1084B00013008052F55B02A9F50300AA1600805252
:1084C000F76303A9F803012A17008052F96B04A986
:1084D000F7E2FF97F40300AA1A8000911900805276
:1084E000E103162AE00314AAB3FFFF9760020034E9
:1084F00017008052D6060011DFA2007121FFFF5441
:10850000B3030035600000B000B01091B50200B4B4
:10851000A10A40A9210040F96FD7FF97F35341A961
:1085200080008012F55B42A9F76343A9F96B44A967
:10853000FD7BC5A8C0035FD6E103182AE0031AAA91
:108540002CEFFF9760FDFF35F7060011FF02136B5C
:108550002DFDFF54F903162AF303172AE6FFFF1730
:10856000620000906100009042782B9121A42B9131
:10857000EAFFFF1740008052F55B42A9610EC01A66
:10858000E00314AAF35341A9F76343A92103014B64
:10859000F96B44A9FD7BC5A887FFFF17FD7BBDA92B
:1085A000FD030091F35301A9F51300F9F50300AAA7
:1085B000131440F9606A40F9BDE2FF97F40300AA82
:1085C000600A40B96005F83762FE40B95F28007163
:1085D000680400545F200071080500545F100071AA
:1085E00000050054480300545F781E72E2079F1A8A
:1085F00042781F5380C240F9001840B9BF3F03D5ED
:1086000000701D120000022ABF3F03D581C240F94D
:10861000201800B9600A40B96000F836E00315AAD6
:1086200051FEFF97A06240391F100071E90200540B
:10863000F51340F9E10314AA606A40F962FE40B9FB
:10864000F35341A9FD7BC3A8CC0000145F20007147
:1086500062008052E213821AE7FFFF17422C00519A
:108660005F080071A200805242309F1AE2FFFF179C
:1086700002008052E0FFFF1782008052DEFFFF17EA
:1086800062008052DCFFFF17F35341A9F51340F954
:10869000FD7BC3A8C0035FD6FD7BBEA9FD0300918F
:1086A000F30B00F9F30300AA81E2FF97E20300AAAB
:1086B00001800091E00313AAF30B40F9FD7BC2A8EF
:1086C0003CFFFF17FD7BB9A9FD030091F35301A9FE
:1086D000F30300AAF55B02A9F76303A9F96B04A9E8
:1086E000FB7305A97EE2FF97F70300AAE00313AA34
:1086F0006FE2FF97F50300AAE00313AA75E2FF9764
:10870000F40300AAE00313AA0FE3FF971F0400B1CC
:10871000A00E0054A0C200F9A00E00B4E1830191A4
:10872000E00313AA3D1D0094E303002A80080034EF
:108730006000009000283191930700B4610A40A9BD
:10874000210040F9E4D6FF97600640F9800200F965
:1087500043F74F9063000891A0C240F9020C80D209
:10876000410000D02100039100000891800600F92B
:10877000400000B000003F91801A00F9801240B91B
:1087800000001A32801200B9E00303AA9ED1FF97BD
:10879000E30300AA0000009000901291E10315AAE3
:1087A000601C00F9E00313AA12F5FF9700030035DF
:1087B000610000B0E00313AA2128119184E2FF9721
:1087C00040040036E10315AAE00313AAE500009473
:1087D000E0010035B6820091961600F9B37A00F9EF
:1087E000E10314AAA21640B9E00315AA03008052BF
:1087F0003AFEFF97C0000035F60200F9801640F9F6
:10880000140800F9E00313AAE0FDFF97F35341A910
:10881000F55B42A9F76343A9F96B44A9FB7345A92A
:10882000FD7BC7A8C0035FD6620000906100009086
:1088300042782B9121A42B91C3FFFF17E083019174
:10884000981C0094C1FFFF17590A40F9560000D048
:108850007A9240B9D642009178018052C20240F922
:10886000E1031A2AE00319AA030080D26DCAFF9718
:10887000200300B4000C4039C1224039BBC240F98A
:10888000211400122020002ABF3F03D5601300B935
:1088900000000832BF3F03D5601300B9CFD1FF9766
:1088A0001C280091611340B9BF3F03D5E100D037C8
:1088B000CAD1FF979F0300EB65FFFF54611340B9D6
:1088C000BF3F03D58101D03621780712BF3F03D5C2
:1088D000611300B9D64200911807007101FCFF54E2
:1088E000BDFFFF17A0028012C9FFFF1760018012B1
:1088F000C7FFFF17A00D8012C5FFFF17FD7BBEA9A4
:10890000211C0012FD030091F35301A9F30300AAF7
:10891000002440B9BF3F03D500781F122200001287
:108920004100003700000032BF3F03D5602600B988
:10893000A200003400008052F35341A9FD7BC2A87D
:10894000C0035FD6A5D1FF9714E02E91602640B9F1
:10895000BF3F03D500FF0F37A0D1FF979F0200EB69
:1089600065FFFF54602640B9BF3F03D540FE0F3777
:10897000A00D8012F1FFFF17FD7BBCA9FD03009144
:10898000F35301A9F55B02A9F76303A95F300071F6
:10899000480E0054E203022AF70300AA400000B088
:1089A00000C01291F30301AA147862F8400000B0ED
:1089B000006014919622009198620191157862F8F6
:1089C000E20316AAC1825FF8D6420091E04A40F95C
:1089D000CEE6FF97DF0218EB41FFFF54B62200916D
:1089E000B8220191C1825FF8E20316AAE04A40F979
:1089F000D6420091C5E6FF97DF0218EB41FFFF5416
:108A000060C240F921008052BDFFFF97810A40B942
:108A1000BF3F03D560C240F982008452021000B902
:108A2000BF3F03D560C240F9011400B9811A40B9B3
:108A3000BF3F03D560C240F902018452021000B961
:108A4000BF3F03D560C240F9011400B9814A40B963
:108A5000BF3F03D560C240F982018452021000B9C1
:108A6000BF3F03D560C240F9011400B9812A40B963
:108A7000BF3F03D560C240F902028452021000B920
:108A8000BF3F03D560C240F9011400B90100805214
:108A900060C240F99AFFFF97F603002A40010034B4
:108AA000600000B000BC17910BD6FF97F35341A9AB
:108AB000E003162AF55B42A9F76343A9FD7BC4A82E
:108AC000C0035FD6813A40B9BF3F03D560C240F9C9
:108AD00002008452021000B9BF3F03D560C240F9C2
:108AE000011400B960C240F9002440B9BF3F03D56A
:108AF00061FE8F52C1FFBF720000010AA10A40B996
:108B00000000012ABF3F03D561C240F9202400B90B
:108B100060C240F9002840B9BF3F03D5A11A40B94F
:108B2000006C0C120000012ABF3F03D561C240F95E
:108B3000202800B9A12A40B9BF3F03D560C240F93F
:108B4000014000B9A13A40B9BF3F03D560C240F926
:108B5000011C00B9D6FFFF17B6028012D4FFFF1721
:108B60000200805285FFFF17FD7BBDA9215C1853D1
:108B7000FD030091F35301A9F30300AA00058052FD
:108B8000F51300F92108C01ABF3F03D560C240F9B0
:108B900015028452151000B960C240F9141440B98E
:108BA000BF3F03D5201C0853211C4092000001AA9E
:108BB000943E18129402002A2100805260C240F9AB
:108BC0004FFFFF97BF3F03D560C240F9151000B9B2
:108BD000BF3F03D560C240F901008052141400B9B0
:108BE00060C240F946FFFF97F303002A800000347B
:108BF000600000B000BC1791B7D5FF97F51340F99E
:108C0000E003132AF35341A9FD7BC3A8C0035FD639
:108C1000217C7C93026861B8820000341F6821B80F
:108C20002100805201001039C0035FD6227C7C9362
:108C300001D0218B006862B860000034200440F944
:108C4000C0035FD6000080D2FEFFFF17E30300AA37
:108C5000020080D240EC7CD3606860B8200100350F
:108C6000457C7C93E003022A62D0228B2400805250
:108C7000646825B8410400F964001039C0035FD668
:108C8000420400915F0001F161FEFF546003801215
:108C9000FBFFFF17FD7BBEA9FD030091F30B00F95D
:108CA000F30300AA87000094E303002A20020035A2
:108CB000654240B944F74F9084800991E00304AACB
:108CC000E103052ADAFFFF971F0013EB210200548E
:108CD000035841B963010034021C40F9E103052A3D
:108CE000600000B000D436917BD5FF97E30180127D
:108CF000F30B40F9E003032AFD7BC2A8C0035FD653
:108D0000E103052AE00304AAC2FFFF97F9FFFF175A
:108D100043028012F7FFFF17067440F9660100B4A2
:108D20008101F8B7050440F9BF0001EB23010054AD
:108D3000A50001CBBF0002EBC3000054E20000B469
:108D4000F00306AA00021FD6C00B8012C0035FD634
:108D5000A0028012FEFFFF1700008052FCFFFF17E9
:108D6000FD7BBEA9FD030091F30B00F9F30300AAFC
:108D7000001440B980010035430000D0610000B00C
:108D8000637C35912194379102368052600000B0A7
:108D900000F0379150D5FF97600000B00040389147
:108DA00006D1FF9740F74F90E10313AA0080099185
:108DB000040080520300805202008052A4FFFF97FB
:108DC0004007F837604200B9600206917F5A01B946
:108DD000000000A9603640B960000035605E40B90F
:108DE000603600B9601240B9E103002AC0030034C4
:108DF000220400D10000C05A0010C05A5F0001EAEE
:108E000000009F1A611640B9602600B9E203012AEA
:108E1000E1020034430400D12100C05A2110C05A9D
:108E20007F0002EA21009F1A220080524020C01ACF
:108E3000000400514220C11A61020529610240F973
:108E400042040051623200B90080C4D21F0021EAFE
:108E50002001005400008052F30B40F9FD7BC2A8B2
:108E6000C0035FD600008052E7FFFF170100805269
:108E7000EEFFFF17620640F9010080D2E00313AA5B
:108E8000A6FFFF971F000071C10B80120410417AEA
:108E900020FEFF54611E40F9600000B0005438917C
:108EA0000DD5FF97ECFFFF1720008052EBFFFF1757
:108EB000A0028012C0035FD600008012C0035FD6FC
:108EC000FD7BBBA9FD030091F35301A9F55B02A94A
:108ED00016000691F76303A918008052F92300F9E0
:108EE000790000B039F7389113C040F973C205D149
:108EF00077BA40F9F7C205D175C20591BF0216EBEA
:108F000001010054F35341A9E003182AF55B42A97B
:108F1000F76343A9F92340F9FD7BC5A8C0035FD6D9
:108F200061C240F9600206913F0000EB600000540E
:108F3000E00313AAE3FFFF97E00313AA56FFFF978E
:108F4000F403002A4001F836611E40F9E203002ACA
:108F5000E00319AAE0D4FF97E0BA40F9F30317AA97
:108F6000F803142A17C005D1E4FFFF17A10240A996
:108F7000200400F9F403182A010000F9BF7E00A9BB
:108F8000601E40F902B1FF97E00313AA00B1FF97FA
:108F9000F2FFFF1700008052C0035FD6040040F9C3
:108FA000843440F9840040F9F00304AA00021FD67B
:108FB000FD7BBAA9E403012AFD030091F55B02A938
:108FC000F503022AF603032A620000B0E303002A35
:108FD00042A83991F35301A9F403012AC10380D2B5
:108FE000F303002AE00301916AD4FF97E0030191A3
:108FF00059CFFF97640000B0E50300AAE7C30091D2
:10900000E6E3009184E83991E303162AE203152A86
:10901000E103142AE003132AB20900940001003589
:10902000E01B40F9000040F92DE0FF97F35341A900
:10903000F55B42A9FD7BC6A8C0035FD6000080D2C5
:10904000FBFFFF17FD7BBCA9FD030091F35301A9B2
:10905000F303012AF40302AAF51300F9F50303AAA6
:109060001FE0FF97054440F9E40315AAE3E30091EC
:10907000E20314AAE103132AA0003FD6F35341A947
:10908000F51340F9FD7BC4A8C0035FD6FD7BBCA9E6
:10909000FD030091F35301A9F303012AF40302AA8B
:1090A000F51300F9F50303AA0DE0FF97054040F919
:1090B000E40315AAE3E30091E20314AAE103132AEF
:1090C000A0003FD6F35341A9F51340F9FD7BC4A896
:1090D000C0035FD6FD7BBDA9FD030091F35301A939
:1090E000F30300AAF51300F900E0FF97F40300AAC8
:1090F000E00313AAFADFFF97135019A9540100B532
:10910000530280126000009000483A9172D4FF9799
:10911000F51340F9E003132AF35341A9FD7BC3A8DB
:10912000C0035FD6F50300AAE00314AA290900943E
:10913000F303002AE0FEFF35E00315AAB100009416
:10914000F303002A80000035E00315AAFB01009418
:10915000F303002AE00314AA20090094EDFFFF178F
:10916000FD7BBFA9FD030091DDDFFF97FD7BC1A85B
:10917000F0010014FD7BB7A9FD030091F35301A991
:10918000F303012AF51300F9F50302AAD4DFFF97D0
:10919000011040B9C1020034F40300AA600AC11AE8
:1091A00000CC011B40020035E103012AA00AC19A4C
:1091B00000D4019BC00100B5020B80D20100805297
:1091C000E0E30091F6CEFF97823A40F9F35704A905
:1091D000E1E30091E00314AA40003FD6F35341A914
:1091E000F51340F9FD7BC9A8C0035FD6A002801229
:1091F000FBFFFF17FD7BBFA9FD030091B8DFFF97C1
:10920000CF01009400008052FD7BC1A8C0035FD64F
:1092100060418012C0035FD660418012C0035FD6F8
:10922000FD7BB6A9FD030091F35301A9F30302AA44
:10923000F55B02A9F50301AAF60304AAF76303A9E3
:1092400038008052F77F40B2F96B04A93900805290
:10925000FB2B00F9FB0303AA149C40F9330100B572
:1092600000008052F35341A9F55B42A9F76343A97B
:10927000F96B44A9FB2B40F9FD7BCAA8C0035FD65C
:1092800082BE41B9FA0313AA80DA4639FF7F06A9E4
:10929000417C1053E0CB007980D24639E0A30139FC
:1092A00080DE4639E1870139413C48D3FF7F07A979
:1092B000007C011BFF7F08A9FF7F09A9007C031325
:1092C000F8830139E1A70139F53B00F9E0E3013901
:1092D000E1E70139E2030239F98700B9F64B00F9F9
:1092E0005F0317EBE18301914093979AE08B00B9FC
:1092F00080CE40F9C21000940002003580CE40F9C3
:10930000E18301915210009480010035E13B40F966
:10931000E08B40B92100008BE13B00F9E14B40F9C3
:109320005A0300EB2100008BE14B00F9A1FDFF5433
:10933000E003132A3301003460F9FF37610340F979
:10934000D6C2208BB5C2208B73C220CB21C0208B0C
:10935000610300F9C2FFFF1780008012C2FFFF17F0
:10936000FD7BBBA9211C001224208052FD0300912B
:1093700000CC40F9FF7F01A9E12B00792100805248
:10938000FF7F03A9E1C3003921008052FF7F04A9B8
:10939000E4230079FF7F02A9E18F0629E1430091D0
:1093A000E22300F92A100094FD7BC5A8C0035FD614
:1093B000FD7BBBA9211C001224208052FD030091DB
:1093C00000CC40F9FF7F01A9E12B007921008052F8
:1093D000FF7F03A9E1C3003941008052FF7F04A948
:1093E000E4230079FF7F02A9E18F0629E143009180
:1093F000E22300F916100094FD7BC5A8C0035FD6D8
:10940000FD7BADA9222080522200A072FD030091B5
:10941000F35301A9C3008052F30300AAF55B02A92C
:10942000F71B00F902BC01B9E20310B201CC40F90C
:10943000222080F22220C0F202E000F96210805265
:10944000210C40B93F0073F2610080523500821A4E
:10945000E2430191010C8012C2FFFF97A015F8367C
:10946000147C40939F0640B1881400542000805221
:10947000E06700B960008052E0AB013920208052E3
:10948000FFD300792000A072E06F00B9811640B9C7
:109490004102183762008052E26700B9020081522F
:1094A000E2E3007962018052E2CB0139E07700B952
:1094B000800240391FD000710101005480064039FC
:1094C00000A80051001C00121F0400716800005425
:1094D00000018052E0C3013961013036E06740B9D4
:1094E00000001932E06700B900008152E0430179C1
:1094F000600D8052E08B0239802080522000A072E3
:10950000E0A700B96000009000F03A91601E00F9F9
:1095100060CA40F960A600F960008052600200391C
:1095200020008052601600B900808152600600B9A8
:10953000739E00F9801A4079810A40B9017C011BB1
:10954000610600F9618A02B901000090214008918A
:10955000613A00F90100009021800891614200F910
:109560000100009021600891614600F9801640B921
:10957000600D3837801640B98000703660CE41B932
:1095800000001B3260CE01B9801640B98000183649
:10959000E06740B900781E12E06700B9E06740B9A3
:1095A000E2630191E3670191A102000A200441D323
:1095B0003F0079F2E10080520000811AE16B0191D5
:1095C00000087DD3004000912168603861DA0639D7
:1095D000E173019142686038216860B86068603862
:1095E00061BE01B9211C00124000000B60DE06398B
:1095F0003F100071C10E0054800240391F8000717D
:10960000600E00541FB00071200E0054E22301913F
:10961000E00313AA23008052A106805251FFFF9756
:10962000000BF837E0234139200D083700001F32C6
:10963000E21F019123008052A1008052E0270139EE
:10964000E00313AA47FFFF97C009F837E01F41392D
:1096500003008052020080D2C1008052E023013911
:10966000E00313AA53FFFF97E2230191E00313AA3B
:1096700043008052210080524EFFFF972008F837A8
:10968000000080D236CEFF97F50300AAF78793D269
:10969000E00315AA32CEFF971F0017EB8904005490
:1096A00061CA40F96000009000183B91010800B4C5
:1096B000230840A9610040F907D3FF97A00D80124D
:1096C0000F000014821A4039C200003594620091E4
:1096D000800A40B980FFFF35740F809207000014A4
:1096E000421C4092E1430191E00314AAF9CDFF9797
:1096F000E0FEFF3594EBFFB5E003142AF35341A9D4
:10970000F55B42A9F71B40F9FD7BD3A8C0035FD6E8
:10971000540000B094121691EEFFFF1760CE41B9CD
:109720000000003260CE01B993FFFF17E21F0191E4
:10973000E00313AA23008052A100805209FFFF9783
:10974000E0FDFF3760CE41B9F61F4139F603362AF6
:10975000C0010037210080523F000071E0079F1ACE
:10976000DF02006A60F9FF54E21F0191E00313AACF
:1097700023008052A1068052FAFEFF972002F8369D
:10978000A0028012DEFFFF17E21F0191E00313AA7F
:1097900023008052010E8052F2FEFF9700FBFF373C
:1097A000E11F413921001912ECFFFF17420000F0C0
:1097B000410000F042782B9121A42B91BFFFFF17AD
:1097C000E01F4139E0FDFF34C0FD0F3660D246395D
:1097D00020030035802240796000003460D20639D1
:1097E00015000014610640F90020A0D23F0000EBF4
:1097F000A90300548000805260D2063980024039AB
:109800001F04007160000054801640B940015836B2
:1098100061DA4639600000D000D41591020080D290
:10982000030040397F00016B4101005401044039BD
:1098300061DA063960D246391F10007128FAFF54E8
:1098400074D200F94001005400008052ACFFFF17B1
:1098500042040091000800915F1800F121FEFF54BE
:10986000F4FFFF1760008052DDFFFF1780024039D0
:109870001F040071A0FEFF54801640B960FE5F37E0
:1098800060CE41B9800030366000009000A03B916E
:1098900091D2FF9760D240F9000040391FB00071AB
:1098A00040020054280100541F800071E001005460
:1098B000E00F80126242079123008052E102805241
:1098C00060420739180000141F080371A0000054FB
:1098D0001FBC0371600000541F740271A1FEFF548D
:1098E000140080520700001434008052E00313AAD1
:1098F00003008052020080D2C1008052ADFEFF976B
:10990000E00313AA03008052020080D201098012F2
:10991000A8FEFF97B4F9FF3403008052020080D202
:1099200081008052E00313AAA2FEFF97C7FFFF1732
:1099300060418012C0035FD60AFDFF17D6FCFF17F7
:10994000FD7BBEA9FD030091F35301A9F40300AA16
:10995000E3DDFF97F30300AAE00314AADADDFF9723
:10996000000040B960000034600240F988AEFF9703
:10997000F35341A900008052FD7BC2A8C0035FD60B
:10998000FD7BBEA9FD030091F35301A9F40300AAD6
:10999000D3DDFF97F30300AAE00314AACADDFF9703
:1099A000010040B9C1000034217C4093800080D286
:1099B0008EB0FF97600200F9A00000B40000805252
:1099C000F35341A9FD7BC2A8C0035FD6600180129A
:1099D000FCFFFF17FD7BB7A9E403022A03008052B6
:1099E000FD030091F35301A9E5030191F40301AADA
:1099F000F51300F9620000906100009042983C91DC
:109A0000004840F921E83C9162E3FF97F303002A04
:109A100040020035E12340F9E2E30091E00B80527F
:109A2000EFE1FF97F303002A80010035E01F40F9C2
:109A3000010040F9353440F9800200F9A20240F9F2
:109A4000620100B4E1030191E00314AA40003FD693
:109A500080010034F303002AF51340F9E003132AD0
:109A6000F35341A9FD7BC9A8C0035FD6E04B40B9C1
:109A70001F04007101010054E04F40B9800600F955
:109A8000A10640F9A1FEFFB4E00314AA20003FD6CE
:109A9000F1FFFF17B3028012F0FFFF17FD7BBDA996
:109AA000FD030091F35301A9F40300AAF51300F993
:109AB000000040F98ADDFF97F50300AA800240F913
:109AC00081DDFF97000040B9810240F9210040F993
:109AD000233440F9A0010034A10240F9930640F973
:109AE00062F67ED3330813AB20010054206862B8BD
:109AF00000040011206822B81F0400718D0000547A
:109B0000200E801205000014130080D2610C40F971
:109B1000C10000B500008052F35341A9F51340F98C
:109B2000FD7BC3A8C0035FD6E00314AA20003FD684
:109B300020FFFF3433FFFFB4610240B9210400511C
:109B4000610200B9F5FFFF17FD7BBDA9FD03009180
:109B5000F35301A9F40300AAF51300F9000040F93A
:109B60005FDDFF97F50300AA800240F956DDFF97FD
:109B7000000040B9810240F9210040F9233440F946
:109B8000C0010034A10240F9930640F962F67ED389
:109B9000330813AB40010054206862B81F00007105
:109BA000CD02005400040051206822B88000003427
:109BB000E001801205000014130080D2611040F90A
:109BC000C10000B500008052F35341A9F51340F9DC
:109BD000FD7BC3A8C0035FD6E00314AA20003FD6D4
:109BE00020FFFF3433FFFFB4610240B921040011AC
:109BF000610200B9F5FFFF17200E8012F3FFFF1777
:109C0000FD7BBAA90300805262000090FD03009121
:109C1000F35301A9F40300AA42983C91F55B02A911
:109C2000351C001261000090F76303A921E83C9104
:109C3000B8020012004840F9130080521700805209
:109C4000EEE2FF97F603002AFF02166B6B02005448
:109C5000DF020071B5020052E0D79F1A1F00156A9B
:109C600000010054E00314AA47DDFF97E12740F903
:109C70003F0000EB61000054E00314AA4ADDFF97A7
:109C8000F55B42A9E003132AF35341A9F76343A903
:109C9000FD7BC6A8C0035FD6E203172AE12301912A
:109CA000E00314AA4CFFFF97F303002AA0FEFF3540
:109CB000E02301911801003479FFFF971FC801319B
:109CC0004100005400008052F7060011F303002AFF
:109CD000DEFFFF179DFFFF971FC801310418503AA0
:109CE000F8FFFF1721008052C6FFFF17FD7BBCA9BC
:109CF000FD030091F35301A9F51300F9000040F9A9
:109D000091DDFF97F30300AA00C49ED2E1E3009126
:109D100022008052E000A0F2B79BFF97F403002AD4
:109D200060030035F53B40B9604640B9A002002A07
:109D3000604600B9200080D2D2CCFF97604A40B97B
:109D4000B502002A754A00B9000080D284CCFF9782
:109D5000F50300AA604E40B9BF3F03D51F1C007237
:109D6000A1000054E00315AA7DCCFF971F9C0FF1C2
:109D700029FFFF54E00315AA79CCFF971F9C0FF130
:109D800068000054604E40B9BF3F03D5F51340F959
:109D9000E003142AF35341A9FD7BC4A8C0035FD696
:109DA000FD7BBEA9FD030091F30B00F9F30300AAAC
:109DB000C8DCFF97A00000B4130000F9F30B40F9D2
:109DC000FD7BC2A8CAFFFF17F30B40F9A002801267
:109DD000FD7BC2A8C0035FD6FD7BBEA9FD03009139
:109DE000F35301A9F40300AAB7DCFF97800B00B47A
:109DF000F30300AA82078012804A40F961000090B4
:109E000021C43D91C4E1FF97601600B9820780121A
:109E100061000090804A40F921243E91BEE1FF9705
:109E2000601A00B98207801261000090804A40F9F0
:109E300021843E91B8E1FF97601E00B9820780122D
:109E400061000090804A40F921E83E91B2E1FF971D
:109E5000602200B98207801261000090804A40F9B8
:109E600021443F91ACE1FF97602600B90200805287
:109E700061000090804A40F921A03F91A6E1FF9740
:109E8000602A00B96100009021F43F91804A40F9B6
:109E900090E2FF9760BA0039610000B0215800914C
:109EA000804A40F9FBE1FF97F40300AA6004F8B789
:109EB000610000B021A8009186E2FF9700000052E7
:109EC00060FA0039610000B062020191210C019139
:109ED000E00314AA8DE1FF9760000034601A40B9D6
:109EE000604200B9611640B93FF4003120010054CE
:109EF000601A40B91FF40031C00000543F00006BED
:109F000081000054603A40B900000032603A00B964
:109F1000612240B93FF4003180000054602640B90E
:109F20001FF400310101005400008052F35341A995
:109F3000FD7BC2A8C0035FD62000805260FA0039C2
:109F4000E7FFFF173F00006B01FFFF54603A40B985
:109F500000001F32603A00B9F4FFFF17A000801222
:109F6000F3FFFF17FD7BBBA9FD030091F35301A98C
:109F7000F30300AAF55B02A9750000B0B5160291C3
:109F8000F76303A950DCFF97F40300AA604A40F985
:109F9000610000B0217C01914EE2FF9780B2003950
:109FA000610000B021CC0191604A40F949E2FF977D
:109FB00080B60039E10315AA604A40F999E1FF979C
:109FC000801A00F9800200B4981A40F9E00318AA38
:109FD00040CBFF97E1230191F60300AAC00C805209
:109FE0003ADFFF9760000035E02740F9000200B536
:109FF000801640F91F3C60F2610500540000805259
:10A00000F35341A9F55B42A9F76343A9FD7BC5A8BA
:10A01000C0035FD6604A40F9B5E1FF97801A00F9A6
:10A0200040FDFFB5A0028012F6FFFF177F0200EB94
:10A0300081000054E023019136DFFF97EBFFFF170B
:10A0400021DCFF97F70300AA001840F921CBFF9706
:10A05000DF02006B01FFFF54E01A40F9E10318AA88
:10A06000FCCAFF9780FEFF35841A40F9600000901B
:10A0700000500291F30000B5420000D0410000D032
:10A08000E30315AA42782B9121A42B91040000141C
:10A09000610A40A9E30315AA210040F98ED0FF9779
:10A0A000E1FFFF17608A40B900001132608A00B9F1
:10A0B000D3FFFF17FD7BBEA9FD030091F30B00F951
:10A0C000F30300AA34DCFF97000100B4010040F95B
:10A0D000C10000B4E00313AAF00301AAF30B40F996
:10A0E000FD7BC2A800021FD6F30B40F9A00480122A
:10A0F000FD7BC2A8C0035FD6FD7BBDA9FD03009117
:10A10000F35301A9F303012AF51300F9F50300AA9B
:10A1100021DCFF97400300B4F40300AA000840F9D3
:10A12000E00200B4E00315AAE7DBFF97011440B991
:10A130003FF40031600000543F00136BAC02005448
:10A14000001840B91FF40031600000541F00136B69
:10A150000B0200547FF60031C0010054820A40F91E
:10A16000E103132AF35341A9E00315AAF51340F9BB
:10A17000F00302AAFD7BC3A800021FD6A004801230
:10A18000F35341A9F51340F9FD7BC3A8C0035FD683
:10A19000A0028012FBFFFF17FD7BBDA9FD0300910C
:10A1A000F35301A9F303012AF51300F9F50300AAFB
:10A1B000F9DBFF97400300B4F40300AA001440F950
:10A1C000E00200B4E00315AABFDBFF97012040B90D
:10A1D0003FF40031600000543F00136BAC020054A8
:10A1E000002440B91FF40031600000541F00136BBD
:10A1F0000B0200547FF60031C0010054821640F972
:10A20000E103132AF35341A9E00315AAF51340F91A
:10A21000F00302AAFD7BC3A800021FD6A00480128F
:10A22000F35341A9F51340F9FD7BC3A8C0035FD6E2
:10A23000A0028012FBFFFF17FD7BBEA9FD0300916A
:10A24000F30B00F9F30300AAD3DBFF97000100B47E
:10A25000011840F9C10000B4E00313AAF00301AAF9
:10A26000F30B40F9FD7BC2A800021FD6F30B40F9A7
:10A27000A0048012FD7BC2A8C0035FD6FD7BBCA9F1
:10A28000FD030091F35301A9F40300AAF303012A8B
:10A29000F55B02A9F76303A9BFDBFF97E00600B4F3
:10A2A000F70300AA000440F9800600B4E00314AAF2
:10A2B00085DBFF97F60300AA001440B91FF40031B4
:10A2C000600000541F00136BCC050054C01A40B945
:10A2D0001FF40031600000541F00136B2B05005465
:10A2E0007FF60031E0040054C02A40B90004003475
:10A2F000E00314AAD1FFFF97F803002AE00314AA91
:10A300006DFFFF97F503002AE20640F9E00314AA67
:10A31000E103132A40003FD6F403002AC0010035B0
:10A32000C12A40B981010034BF02007104CB407AD8
:10A33000200100547302156BE003012A7356935AEF
:10A34000010400D133C0338B600EC09A007C40936F
:10A350004CCBFF97F55B42A9E003142AF35341A9C4
:10A36000F76343A9FD7BC4A8C0035FD6F503132A96
:10A3700018008052E5FFFF17B4048012F6FFFF17A4
:10A38000B4028012F4FFFF17FD7BBCA9FD0300910E
:10A39000F35301A9F55B02A9F50300AAF71B00F925
:10A3A000371C00127CDBFF97A00500B4F30300AA62
:10A3B000001C40F9400500B4E00315AA42DBFF97FA
:10A3C000F40300AA7700003700B04039C00400371A
:10A3D000802A40B900040034E00315AA97FFFF97D4
:10A3E000F603002A621E40F9E103172AE00315AACA
:10A3F00040003FD6F303002A20020035802A40B9EE
:10A40000E0010034DF020071E40A407A8001005468
:10A41000E00315AA28FFFF97E103002A1F0000713F
:10A42000ED000054802A40B9020400D141C0218BC4
:10A430002008C09A007C409312CBFF97F55B42A99D
:10A44000E003132AF35341A9F71B40F9FD7BC4A88D
:10A45000C0035FD616008052E3FFFF17B3048012DB
:10A46000F7FFFF1793018012F5FFFF17FD7BBEA9D1
:10A47000FD030091F30B00F9331C0012E103132AD2
:10A48000C2FFFF971F98003104184D3A0001005495
:10A490001F40003173020052E1179F1A3F00136AF8
:10A4A000610000541FC80131410000540000805277
:10A4B000F30B40F9FD7BC2A8C0035FD6FD7BBEA9AC
:10A4C000FD030091F35301A9F30300AA341C001209
:10A4D00031DBFF97200100B4022040F9E20000B414
:10A4E000E103142AE00313AAF35341A9F00302AADB
:10A4F000FD7BC2A800021FD6F35341A9A00480121D
:10A50000FD7BC2A8C0035FD6E30302AAE20301AA4F
:10A51000E10300AAC00C80523EDFFF17FD7BBEA9FD
:10A52000FD030091F35301A9F40300AAE6DAFF97B3
:10A53000F30300AA003840B96007103761FA4039C8
:10A54000E00314AADEFFFF971F980031400000547B
:10A550008000003560FA4039600100370000805209
:10A5600061BA40396102003601008052E00314AA4A
:10A5700086FFFF97613A40B921001E32613A00B967
:10A5800009000014614240B93FF4003180FEFF54DD
:10A59000E00314AAD9FEFF971F98003100FEFF5474
:10A5A000E0FDFF34F35341A9FD7BC2A8C0035FD691
:10A5B00061B240396100003761B6403901030036AD
:10A5C000610240B93F0C00716100005421008052CB
:10A5D000E7FFFF17613A40B981000036611640B9C4
:10A5E000E00314AA26FFFF97611E40B93F000071E7
:10A5F0006D000054E00314AA21FFFF97C0FBFF3554
:10A60000603A40B940FE0F36612240B9E00314AA17
:10A61000E2FEFF9700FBFF35EDFFFF17600F801292
:10A62000D5FFFF17200E8012DFFFFF17FD7BBFA9AC
:10A63000FD030091BAFFFF971F000071610F8012A8
:10A640000410417AE00000541F980071210E80121E
:10A650000410417A00109F1AFD7BC1A8C0035FD689
:10A6600000008052FDFFFF17FD7BBDA9FD03009197
:10A67000F35301A9F30300AAF40301AAF55B02A9AD
:10A6800061000090F50302AA004840F921E8029118
:10A69000560180528FE0FF971F0040F24000805229
:10A6A000D602801A604A40F96100009021CC0191E5
:10A6B00088E0FF97041C1C538400162AE30314AAA5
:10A6C000E10315AAE00313AA02008052A8E2FF9753
:10A6D000600000341F080031E1010054604A40F975
:10A6E0000200805261000090213403918ADFFF97BD
:10A6F000801A00B90200805261000090604A40F95F
:10A700002194039184DFFF97801E00B9C0000034BC
:10A7100000008052F35341A9F55B42A9FD7BC3A819
:10A72000C0035FD6604A40F9020080526100009089
:10A730002178039178DFFF97801E00B9F5FFFF179E
:10A74000E00301AA210040F9410000B4BFE1FF1776
:10A7500020008052C0035FD6FD7BBCA9FD030091A1
:10A76000F35301A9F55B02A9F60300AA55000012F4
:10A77000F71B00F9200040F9200100B5550600350F
:10A78000B4048012F55B42A9E003142AF35341A9F3
:10A79000F71B40F9FD7BC4A8C0035FD6232040B956
:10A7A000F30301AA571C0012D500003483010034C2
:10A7B00063040011232000B9340E8012F2FFFF174A
:10A7C0007F040071A900005463040051F401801259
:10A7D000232000B9ECFFFF1703FFFF34E103172A22
:10A7E000E00313AAA8E1FF97F403002AE000003475
:10A7F000C10640F9E203172A6000009000D40391DB
:10A80000B5CEFF97E0FFFF1715010035601E40B978
:10A8100060000034E003002A1ACAFF97602240B9A2
:10A820000004005107000014601A40B960000034B1
:10A83000E003002A13CAFF97602240B90004001108
:10A84000602200B914008052CFFFFF17FD7BBEA924
:10A85000FD030091F35301A9341C0012F30300AA75
:10A8600013DAFF97E10300AAE203142AE00313AA14
:10A87000F35341A9FD7BC2A8B8FFFF17FD7BBEA91A
:10A88000FD030091F30B00F9F30300AA08DAFF9728
:10A89000E10300AAE00313AAF30B40F9FD7BC2A871
:10A8A000A8FFFF17FD7BBFA9FD03009106DAFF9704
:10A8B000E00000B4010044293F00006BA1028012B7
:10A8C0000000811AFD7BC1A8C0035FD6A0008012E2
:10A8D000FDFFFF17FD7BBFA9FD030091FAD9FF978C
:10A8E000E00000B4018042293F00006BA102801209
:10A8F0000000811AFD7BC1A8C0035FD6A0008012B2
:10A90000FDFFFF17FD7BBDA9FD030091F35301A9D6
:10A91000F30300AAF51300F9E5D9FF97F50300AAA0
:10A92000E00313AAE8D9FF97400200B46100805207
:10A93000010000B9540000F094A60D91604A40F95E
:10A94000E10314AAE3DFFF971F0040F2420000D0AA
:10A95000423033914200949AE10315AAF51340F96D
:10A96000E00313AAF35341A9FD7BC3A83FFFFF17E0
:10A97000F35341A9A0008012F51340F9FD7BC3A851
:10A98000C0035FD6FD7BBFA9FD030091D1D9FF971E
:10A99000000840B9FD7BC1A81F000071E0079F1AA5
:10A9A000C0035FD6FD7BBDA9FD030091F35301A950
:10A9B000F40300AAF51300F9351C0012C5D9FF975E
:10A9C000F30300AAE00314AAB9D9FF97F40300AA7D
:10A9D000600240F955010036D6D3FF97610A40B9AD
:10A9E00021040011610A00B9C0010034F35341A9E8
:10A9F000F51340F9FD7BC3A8C0035FD6DAD3FF97F8
:10AA0000610A40B921040051610A00B900FFFF3515
:10AA1000801E40B9A000003500008052F4FFFF17EF
:10AA2000801A40B9FCFFFF17E003002A95C9FF9781
:10AA3000FAFFFF17FD7BBEA9FD030091F35301A9A7
:10AA4000F40300AAA3D9FF97F30300AA010080D260
:10AA5000E00314AAA5D4FF971FFC3FB1600200F9E0
:10AA600000209F1AF35341A9FD7BC2A8C0035FD603
:10AA7000FD7BBEA9FD030091F35301A9341C001214
:10AA8000F30300AA8AD9FF97E10300AAE203142A7C
:10AA9000E00313AAF35341A9FD7BC2A82FFFFF17C0
:10AAA000FD7BBEA9FD030091F30B00F9F30300AA9F
:10AAB0007FD9FF97E10300AAE00313AAF30B40F943
:10AAC000FD7BC2A81FFFFF17FD7BBDA9FD03009101
:10AAD000F35301A9F303012AF40300AAF51300F9C3
:10AAE00073D9FF97011440F9610300B4014840B9DC
:10AAF0003F00136B61020054014040B93F000071F8
:10AB000000A00091F5079F1AE103152ADEE0FF97E8
:10AB1000F303002AC0000034810640F96000009071
:10AB2000E203152A00D40391EBCDFF97F51340F90A
:10AB3000E003132AF35341A9FD7BC3A8C0035FD6EA
:10AB4000014C40B93F00136BA1000054014440B9CF
:10AB5000EBFFFF17B3048012F5FFFF17B30280125B
:10AB6000F3FFFF17FD7BBEA9FD030091F35301A97D
:10AB7000F40300AA4ED9FF97F30300AA001440F98A
:10AB8000200200B4E00314AA4FD9FF9701804229A4
:10AB90003F00006BCC01005460A20091ABE0FF9736
:10ABA000614240B93F00006BA1000054604A40B9C7
:10ABB000F35341A9FD7BC2A8C0035FD6604E40B9E4
:10ABC000FCFFFF17A0048012FAFFFF17A0028012FB
:10ABD000F8FFFF17FD7BBBA9FD030091F35301A90B
:10ABE000F40300AAF55B02A9F71B00F930D9FF971F
:10ABF000F30300AAE00314AA33D9FF97000600B4B8
:10AC000081008052010000B963A20091E00314AA00
:10AC10004400805202008052410000F021A40D91B6
:10AC200053E1FF9776000090804A40F9D69605914F
:10AC3000E10316AA8DDEFF978003F837027C40936C
:10AC4000800080D25F4C00F1E10316AA55FC42D38C
:10AC5000E2030191B592809A804A40F9A37E409325
:10AC600095DEFF972002F83775010034E04340B9C4
:10AC7000604A00B9E04740B9604200B9BF0A0071BC
:10AC8000AD000054E04B40B9604E00B9E04F40B910
:10AC9000604600B962000090E10313AA42B005913A
:10ACA000E00314AA71FEFF97F35341A9F55B42A993
:10ACB000F71B40F9FD7BC5A8C0035FD6A00080123A
:10ACC000FAFFFF17FD7BBDA9FD030091F35301A916
:10ACD000341C0012F30300AAF51300F9010040F937
:10ACE000353440F99F2A007161000054A10180525F
:10ACF000F5FFFF97A20A40F9E103142AE00313AA23
:10AD000040003FD61F2C003160FFFF54F35341A990
:10AD1000F51340F9FD7BC3A8C0035FD6010040F9DD
:10AD2000213440F9220040F9820000B4417640B954
:10AD3000F00302AA00021FD600008052C0035FD6B3
:10AD400000008052C0035FD6011C0012400E40F983
:10AD5000400000B4DCFFFF17C0035FD6FD7BBEA937
:10AD6000FD030091F35301A9540E40F9540100B5BD
:10AD7000F35341A9FD7BC2A8C0035FD673060091BF
:10AD8000E00314AAD0FFFF976102403981FFFF352D
:10AD9000F8FFFF17F30300AAFCFFFF17400E40F96E
:10ADA000000100B4020040F9423440F9420040F989
:10ADB000820000B4417640B9F00302AA00021FD617
:10ADC000C0035FD6FD7BBDA9FD030091F35301A92C
:10ADD000540A40F9D40700B4E00314AA61000090BB
:10ADE000215C069138C5FF97F30300AAE00200B585
:10ADF000E00314AA61000090218C06918FC1FF9797
:10AE0000F303002AE2A30091E103132AE00D80522C
:10AE1000E6DCFF9760030035E01740F9400E00F9CB
:10AE2000410E40F9810000B4411A40F9210078B286
:10AE3000411A00F9DAFFFF97F35341A9000080524D
:10AE4000FD7BC3A8C0035FD64107805297C7FF9719
:10AE5000000100B40200134BE10313AAE00314AA9B
:10AE60003AC1FF97F303002AE0FCFF36E1FFFF172A
:10AE7000E00313AA97C7FF97E203002AF7FFFF1723
:10AE80007F020071ED010054407A40F9E2A3009185
:10AE9000617E409304008052030080D2C2D9FF97A4
:10AEA00000010035E01740F9BFD8FF971FBC0171C2
:10AEB00081000054E01740F936D8FF97E0FAFF34DC
:10AEC0006000009000AC0691B6C8FF97E2A3009125
:10AED00001008052E00D8052A7DCFF97E0F9FF34BB
:10AEE000E2A3009101008052E00D805288DCFF97C0
:10AEF00040F9FF34E1A30091E00D8052E2DCFF97BE
:10AF0000EFFFFF17FD7BBFA9FD03009171D8FF97ED
:10AF1000A0048012FD7BC1A8C0035FD6FD7BBAA947
:10AF2000FD030091F35301A9F40300AAF51300F9FE
:10AF30005FD8FF97F30300AAE00314AA94D8FF9701
:10AF4000F50300AAE00314AAFFD8FF971F0400B17D
:10AF5000E0070054607E00A902008052610000906A
:10AF6000804A40F9210807916BDDFF97601A00B90C
:10AF70000200805261000090804A40F9213407911C
:10AF800065DDFF97601600B92200805261000090D5
:10AF9000804A40F9215C07915FDDFF97601200B99C
:10AFA000601E40B9E0020035804A40F9020080523C
:10AFB000410000D021BC2B9157DDFF97601E00B9E6
:10AFC00000020035E2E30091E00314AA0100805280
:10AFD000F7D1FF9740020035E0E300910ED2FF97D2
:10AFE0001F04403148000054601E00B9601E40B983
:10AFF0008000003500209C52A0BEA072601E00B9E7
:10B00000BF060071E1028052E00080520010811AF8
:10B01000602200B90000805209000014029800115B
:10B020005F900071C800005421008092E1FEBFF2E1
:10B03000E1FDDFF22128C29AA1FD0736F35341A9B1
:10B04000F51340F9FD7BC6A8C0035FD6A0028012AD
:10B05000FBFFFF17030040F9021880B9001440B944
:10B060004200038B2120C01A217C4093406861B8C4
:10B07000C0035FD6FD7BBFA9FD03009115D8FF97E4
:10B08000040C40F9A1008052E00304AAF2FFFF97EC
:10B09000A0000036FD7BC1A8E00304AA0100805295
:10B0A000EDFFFF1740018012FD7BC1A8C0035FD6F2
:10B0B000FD7BBEA9FD030091F30B00F9331C0012C8
:10B0C00004D8FF97000C40F9A1008052D30000364D
:10B0D000E1FFFF9700000012F30B40F9FD7BC2A8CF
:10B0E000C0035FD6DCFFFF971F007BF2E0179F1ABB
:10B0F000FAFFFF17030C40F9640040F9601880B9AB
:10B10000631440B90000048B2120C31A217C4093B2
:10B11000026821B8C0035FD6FD7BBEA9FD03009184
:10B12000F30B00F9331C0012EAD7FF97E40300AADF
:10B13000000C40F9A1008052C7FFFF97A0012836FC
:10B14000E203132AE00304AA01008052EAFFFF97FA
:10B150007F2A0071A000005400008052F30B40F9D8
:10B16000FD7BC2A8C0035FD693ABFF97FBFFFF1721
:10B1700040018012FAFFFF17FD7BBEA9FD0300917D
:10B18000F30B00F9F303012AD2D7FF9762061E12D0
:10B19000610600125F30007173061C12600A507A5B
:10B1A000810100543F0C007140010054220000F066
:10B1B000422832914268E13861008052CEFFFF9709
:10B1C00000008052F30B40F9FD7BC2A8C0035FD69C
:10B1D00060418012FCFFFF17FD7BBFA9E50300AAB9
:10B1E000E603012AFD030091000C40F96100805242
:10B1F00099FFFF97077818120200193261008052F8
:10B20000E00305AABCFFFF97E00305AAC21C0012D9
:10B2100001008052B8FFFF97E00305AAC23C48D363
:10B2200021008052B4FFFF97FD7BC1A8E203072AEB
:10B23000E00305AA61008052AFFFFF17FD7BBEA9A6
:10B24000FD030091F30B00F9F303012AA1D7FF9747
:10B25000020C40F9616E1C53736E1D53421C40B9C1
:10B260007302020B610AC11ADCFFFF97F30B40F96E
:10B2700000008052FD7BC2A8C0035FD6E50300AA90
:10B28000E603012AFD7BBFA9FD030091A00C40F954
:10B29000A100805270FFFF97A0FF3736E00305AA98
:10B2A000020080522100805293FFFF97E00305AA1D
:10B2B00062008052810080528FFFFF97A00C40F9FE
:10B2C00041008052022040B9E00305AA8AFFFF979F
:10B2D00062008052E00305AAE103022A86FFFF977D
:10B2E000DF040031A0000054FD7BC1A8E103062A61
:10B2F000E00305AAB9FFFF17FD7BC1A8C0035FD615
:10B30000FD7BBDA9FD030091F35301A9F30300AA3E
:10B3100067D7FF97E00313AA6ED7FF97E1830091E9
:10B32000F40300AAE00313AA3C1200946000003565
:10B33000E0830091DB110094E00313AA5CD7FF9730
:10B34000800E00F901008012E00314AACCFFFF97E1
:10B35000F35341A900008052FD7BC3A8C0035FD610
:10B36000FD7BBDA9FD030091F35301A9F40300AADD
:10B37000F55B02A9F503022A020040F9563440F9B0
:10B38000C21640F9020200B440003FD6F303002A7F
:10B39000E0010034400000F0003C0991140300B4C7
:10B3A000810A40A9E303132A210040F9CACBFF9781
:10B3B000F55B42A9E003132AF35341A9FD7BC3A81F
:10B3C000C0035FD6B3028012F3FFFF17C21A40F921
:10B3D000220100B4E103152AE00314AA40003FD67D
:10B3E000F303002A60FEFF34400000F000C409911E
:10B3F000EBFFFF17B3028012FCFFFF17420000B003
:10B40000410000B0E303132A42782B9121A42B9131
:10B41000E7FFFF17FD7BBEA9FD030091F35301A9D0
:10B42000F40300AA25D7FF97F30300AAE00314AAA8
:10B430002ED7FF97140000F9610A40B9010800B93E
:10B44000610E40B9010C00B901018052011000B930
:10B4500000008052F35341A9FD7BC2A8C0035FD610
:10B46000FD7BBEA9FD030091F35301A9F40300AADB
:10B470001BD7FF97F30300AA02008052804A40F9CD
:10B48000410000F021480A9123DCFF97600200B9D7
:10B4900000008052F35341A9FD7BC2A8C0035FD6D0
:10B4A000FD7BBCA9FD030091F35301A9F55B02A943
:10B4B000F50300AAF76303A9181840F9000340F93F
:10B4C000163440F9E00318AA05D7FF97F40300AA41
:10B4D000E00315AA05D7FF97015C4129930240B903
:10B4E00033030034610000347F02016B7392811AD0
:10B4F000800640B91F00136B81000054800A40B9D8
:10B500001F00176BE0000054E203172AE103132A1F
:10B51000E00318AA93FFFF972002003593DE00296D
:10B52000C10240F9A10100B4F35341A9E00315AAF7
:10B53000F55B42A9F00301AAF76343A9FD7BC4A808
:10B5400000021FD63F00007113D490523300A07246
:10B550003310931AE7FFFF1700008052F35341A9FD
:10B56000F55B42A9F76343A9FD7BC4A8C0035FD67E
:10B57000011840F9210040F9213440F9210440F933
:10B58000610000B4F00301AA00021FD6C0035FD619
:10B59000051840F9A60040F9A52040F9C63440F945
:10B5A000A50440F9A50840B9BFD00171A10000541D
:10B5B000C50C40F9A50000B4F00305AA00021FD68F
:10B5C000C00B8012C0035FD6A0048012FEFFFF17DD
:10B5D000000040F9B3FFFF17000040F9E5FFFF1737
:10B5E000000040F9EBFFFF17FD7BBFA9FD030091B1
:10B5F000B2D6FF97800000B4000040B9FD7BC1A81F
:10B60000C0035FD620008012FDFFFF17FD7BBCA9A1
:10B61000FD030091F35301A9F40300AAF55B02A90D
:10B62000F60302AAF503012A020040F9423440F968
:10B63000431C40F9230300B4E2C3009160003FD6ED
:10B64000F303002AA0020034400000F000900A91A9
:10B65000740100B4810A40A9E403132AE303152A04
:10B66000210040F91CCBFF97F55B42A9E003132AA8
:10B67000F35341A9FD7BC4A8C0035FD6420000B0CC
:10B68000410000B0E403132AE303152A42782B910A
:10B6900021A42B91F4FFFF17E1E30091E00314AA2A
:10B6A00095D6FF97E01F40F9600000B55302801265
:10B6B000EEFFFF1781D6FF97000040B91F00156B02
:10B6C000A1000054E01F40F913008052C00200F9AD
:10B6D000E6FFFF17E0E300918FD6FF97F2FFFF1719
:10B6E000FD7BB9A9FD030091F35301A9F55B02A904
:10B6F000F503022AF60307AAE2830191F76303A97F
:10B70000F803032AF70306AAF96B04A9F903012A2F
:10B71000FA0304AAE103002AFB7305A9FC03002A2B
:10B72000FB0305AA800E805293DAFF97E0010034F4
:10B73000F303002AE203002AE1031C2A400000F080
:10B74000000C0B91E4CAFF97F55B42A9E003132AB2
:10B75000F35341A9F76343A9F96B44A9FB7345A9C6
:10B76000FD7BC7A8C0035FD6E03340F9E2A3019197
:10B77000E103192AA6FFFF97F303002A5F0300F1F4
:10B780000018533A81070054E03340F9E3A30191D4
:10B79000E2031BAAE1031AAA80D7FF97F303002A4A
:10B7A00040FDFF35E03740F944D6FF97190000B956
:10B7B000F40300AAF5030034E003152A806201298E
:10B7C000E03740F9018840B901010037F1D5FF9712
:10B7D000F303002AA0FBFF35E03740F943D6FF977B
:10B7E000E13740F9010000F9E03740F93FD6FF9713
:10B7F000F90300AAE03340F939D6FF97FA0300AA0B
:10B80000000440B9A006003435070035940000B4A8
:10B81000800E40B91F00186B21070054E03340F937
:10B82000E00200F913008052D90200F9C7FFFF17A8
:10B83000E13340F9400000F0001C0C91010100B41C
:10B84000240840A9830C8052810040F9A2CAFF97C6
:10B8500000D490522000A072D9FFFF17420000B020
:10B86000410000B042782B9121A42B91830C80528F
:10B87000F7FFFF1780020034E13340F9400000F089
:10B8800000700B91010100B4260840A9E503132ABA
:10B89000E403192AE3031C2AC10040F98ECAFF976A
:10B8A000AAFFFF17420000B0410000B0E503132AD1
:10B8B000E403192AE3031C2A42782B9121A42B913B
:10B8C000F7FFFF17E03740F9C0F7FFB4FBD5FF974C
:10B8D000F40300AABBFFFF17E00319AA3DFFFF977F
:10B8E000F303002A20F9FF3498FFFF17400740B9FF
:10B8F000E0F8FF341F00156BA0F8FF54E03340F967
:10B90000E203182AE103152A96FEFF97F303002AA3
:10B9100060F8FF34E00319AA30FFFF978BFFFF1791
:10B92000FD7BBCA902008012FD030091F35301A925
:10B93000F40300AAF55B02A9F50301AA410000B0D7
:10B94000F71B00F921343491004840F9F2DAFF97EF
:10B95000A00200B902D49052410000F0804A40F9A0
:10B960002200A07221480A91EBDAFF97A00A00B9E1
:10B97000410000F021D40C91804A40F9D5DBFF97BB
:10B98000161C0012804A40F9410000F021F80C9189
:10B99000D0DBFF97171C0012804A40F9410000F0ED
:10B9A000211C0D91CBDBFF97001C1E531604162A99
:10B9B000410000F0804A40F9214C0D91C5DBFF9712
:10B9C000131C0012804A40F9410000F021740D91CF
:10B9D000C0DBFF97001C19531310132A410000F01D
:10B9E000804A40F97302162A7302172A21B40D9176
:10B9F00022008052C8DAFF971F1000712003005404
:10BA00001F200071200300541F08007141000054E2
:10BA100073021732804A40F9410000F02200805240
:10BA200021F80D91BCDAFF971F100071200200541D
:10BA30001F200071200200541F08007141000054B3
:10BA400073021432B30E00B900008052F35341A9BF
:10BA5000F55B42A9F71B40F9FD7BC4A8C0035FD684
:10BA600073021632ECFFFF1773021232EAFFFF1760
:10BA700073021332F4FFFF1773021132F2FFFF1744
:10BA8000FD7BBEA9FD030091F30B00F9F30300AAAF
:10BA90008AD5FF97E10300AA604A40F9A000F8B7F1
:10BAA000E00313AAF30B40F9FD7BC2A89DFFFF172B
:10BAB000F30B40F900008052FD7BC2A8C0035FD6A3
:10BAC000FD7BBEA9FD030091F35301A9F403012AF4
:10BAD00080D5FF97F30300AA000440F98402009484
:10BAE000600640F9E103142AB002009460864239EE
:10BAF00060000036600640F983020094600640F959
:10BB000075020094F35341A900008052FD7BC2A846
:10BB1000C0035FD622084039E201003622204039B6
:10BB20006200003422284039220300362260403966
:10BB30006200003422684039A2020036222840B94F
:10BB40002202003423844039630000120200805234
:10BB50000900001422284039A20100372268403928
:10BB6000620100372284403903008052E203222A16
:10BB7000420000124200032A02010034C3000034D4
:10BB8000F905001423008052F1FFFF1703008052D3
:10BB9000EFFFFF171106001400008052C0035FD6AC
:10BBA000FD7BBFA9FD0300914AD5FF97003C40F9FA
:10BBB000A00000B4FD7BC1A8010840B9000040F915
:10BBC000CB0F001400008052FD7BC1A8C0035FD6DC
:10BBD000FD7BBAA9222080D2E213C0F2FD030091BE
:10BBE000FF7F02A9E21300F9E20300B2FF7F04A97C
:10BBF000E22300F962008052FF7F05A9F30B00F9F0
:10BC0000F30300AAFF7F03A9E24B00B9E12B00F97F
:10BC1000E18300912203009480000035E1830091CC
:10BC2000E00313AA34030094F30B40F9FD7BC6A88C
:10BC3000C0035FD6FD7BBEA9FD030091F35301A9AC
:10BC4000F403012A23D5FF97F30300AA010040B9AA
:10BC5000000440F9E203142A40020094600640F90F
:10BC6000E203142A610240B963125129651A52296C
:10BC7000F35341A9FD7BC2A872020014FD7BB9A950
:10BC8000FD030091F35301A9F403012AF55B02A916
:10BC9000F60300AAF76303A9F96B04A9FB2B00F9CB
:10BCA0000CD5FF97F30300AA000440B974000034D8
:10BCB0001F00146B42000054F403002A600640F990
:10BCC0000B020094607640B98001F837E103142A32
:10BCD000E00316AAD8FFFF97600640F921008052C2
:10BCE000627640B90E020094600640F91500805259
:10BCF000F90100941B000014606E40B91F00146B22
:10BD000000040054E00316AAF2D4FF97F80300AA37
:10BD100001488852E00316AAE101A072FF7F0D29B5
:10BD2000190740F9C4FFFF9702008052210080529A
:10BD3000E00319AAFA010094E00319AAE6010094AD
:10BD4000E1A30191E00318AAA2FFFF97F503002ADF
:10BD5000A0020034400000F000AC0E91EFA4FF9769
:10BD6000F35341A9E003152AF55B42A9F76343A900
:10BD7000F96B44A9FB2B40F9FD7BC7A8C0035FD634
:10BD8000606640B91F00146BE1FBFF54756A40B94F
:10BD9000E00316AA15FEFF97BF02006B41FBFF549C
:10BDA000D2FFFF171B008012FA031B2A17008052D4
:10BDB000E103142AE00316AA9FFFFF97E00319AAE4
:10BDC000CB010094E203172A21008052E00319AA54
:10BDD000D3010094E00319AABF010094E1B30191DB
:10BDE000E00318AA7BFFFF97F503002A40FBFF350D
:10BDF000E1034D295F070031C10100543F00006B92
:10BE00007B03971AFA029A1AF7060011FF42007193
:10BE100061FDFF545F07003121010054400000F034
:10BE20009500801200280F91BCA4FF97CDFFFF174B
:10BE30003F00006B00020054FB060051E00319AA0A
:10BE40005A031B0BAA01009442008052E00319AA76
:10BE500021008052420FC21AB1010094146700B948
:10BE6000E00316AAE1FDFF97006B00B9746E00B9FC
:10BE70009EFFFF17FB03172AE4FFFF170000805205
:10BE8000C0035FD6FD7BBDA9FD030091F35301A95B
:10BE9000F30301AAF55B02A9F50300AA000040F92B
:10BEA000001840F98BD4FF97F40300AA160440F958
:10BEB000A00240F9CDFDFF97E103002A82824239BA
:10BEC000E00316AACA010094602640B91F0400715D
:10BED0006022403921020054611A40F9E10100B4A6
:10BEE00000040034602A40B91F200071680000542B
:10BEF000809A40B960030036E10313AAE00314AA54
:10BF00000B03009460050034F35341A9F55B42A98B
:10BF1000FD7BC3A8C0035FD680030034601A40F9DC
:10BF2000400300B4602A40B91F200071680000542B
:10BF3000809A40B9A0020036E10313AAE00314AAD4
:10BF4000CA03009420FEFF35F55B42A9E10313AA62
:10BF5000E00314AAF35341A9FD7BC3A80204001413
:10BF6000E10313AAE00314AA4D020094E0FCFF359C
:10BF7000F55B42A9E10313AAE00314AAF35341A914
:10BF8000FD7BC3A85C020014E10313AAE00314AA1A
:10BF9000A6020094A0FBFF35F55B42A9E10313AABA
:10BFA000E00314AAF35341A9FD7BC3A8A002001427
:10BFB000808A4239E10313AAC0000036F55B42A92A
:10BFC000E00314AAF35341A9FD7BC3A8ACFFFF17FC
:10BFD000F55B42A9E00314AAF35341A9FD7BC3A872
:10BFE0000D03001400008052C0035FD60000805291
:10BFF000C0035FD6FD7BBAA9FD030091F35301A9ED
:10C00000F51300F9F50300AA29D4FF97F40300AA59
:10C01000E00315AA2FD4FF97F30300AA800640F986
:10C02000600600F9800A40F9600A00F9805241393F
:10C03000608A02398062403960820239801E40B9CC
:10C04000601A00B9802240B9601E00B9802640B94C
:10C05000602200B9803640B9607600B9801640F998
:10C06000601600F9800240B9600600B9803A40B914
:10C07000608200B9803E40B9608600B9804240B914
:10C08000608A00B9804640B9608E00B9804A40B9E4
:10C09000609200B9804E40B9609600B9805240B9B4
:10C0A000609A00B9600240B900010035E2E30091F6
:10C0B000E00315AA01008052BDCDFF972004003493
:10C0C0004690FF97600200B9E00315AAF10E0094B4
:10C0D000603E00F9400000B4720E0094606240B906
:10C0E000A0000035E00313AA8101009420008052D3
:10C0F000606200B9610240B9E03F99D24073A7F293
:10C100002000008B0008C19A41068052007C011B70
:10C11000410000D0607200B921B80F91E00315AA68
:10C120002BD4FF9740010036E00315AAAEFFFF971E
:10C13000F35341A9F51340F9FD7BC6A8C0035FD6B0
:10C14000E0E30091B4CDFF97DFFFFF17E00315AAEE
:10C15000A7FFFF97F7FFFF17FD7BBFA9FD03009126
:10C16000019040B9400A40F9C7BAFF971F0000711B
:10C1700000A09F5AFD7BC1A8007C4093C0035FD6FE
:10C18000FD7BBDA9FD030091F35301A9F40300AAAF
:10C19000F51300F9C6D3FF97F30300AAE00314AA2E
:10C1A000CCD3FF97F50300AA01008052E00314AA44
:10C1B00071D4FF97600600F962A2009121008052BD
:10C1C000E00314AA58D4FF97600A00F9410000D098
:10C1D00021FC0F91804A40F9BED9FF976062003977
:10C1E00002108052410000D0804A40F9214810914D
:10C1F000C9D8FF97601E00B982008052410000D06C
:10C20000804A40F921881091C3D8FF97602200B975
:10C2100002008052410000D0804A40F921C81091AC
:10C22000BDD8FF97602600B9611640F9E05B40B2C7
:10C230003F0000EB6900005420008052A0860239C4
:10C24000804A40F9410000D0211C1191A1D9FF97EB
:10C2500060520139E00314AAC0FFFF97F50300AA5A
:10C260002001F8B6400000D0004C11911AC8FF9789
:10C2700040028012F35341A9F51340F9FD7BC3A896
:10C28000C0035FD602249452410000D0E200A072A5
:10C2900021480A91A0D8FF97600200B9022080527D
:10C2A000E00315AA410000D0210812919AD8FF9707
:10C2B000603A00B902028052E00315AA410000D0A2
:10C2C0002130129194D8FF97603E00B90219805234
:10C2D000E00315AA410000D0215C12918ED8FF978F
:10C2E000604200B9E21F8052E00315AA410000D06D
:10C2F0002194129188D8FF97604600B9820280523B
:10C30000E00315AA410000D021CC129182D8FF97FA
:10C31000604A00B982028052E00315AA410000D0B1
:10C32000210413917CD8FF97604E00B9410000D0E2
:10C33000213C139102008012E00315AA7FD8FF97D9
:10C34000603600B9E00314AA91D3FF97000440B906
:10C35000605200B900008052C7FFFF1702604039E9
:10C36000211C00122201003403644039E300003430
:10C37000000180520008C31A007C021B41000036F5
:10C38000007C0153C0035FD600008052FEFFFF1700
:10C39000FD7BBDA9FD030091F35301A9130080D2D9
:10C3A000F55B02A9F50300AA000080D2ECC2FF975A
:10C3B000F40300AAF67082D2E00314AAE8C2FF9741
:10C3C0001F0016EB49010054017182D2400000D0D9
:10C3D000001C1491C0C7FF9700008052F35341A97D
:10C3E000F55B42A9FD7BC3A8C0035FD6F2A6FF9709
:10C3F000A00240B9BF3F03D5C000F83673060091D4
:10C400007F0E00F1A1FDFF5420008052F4FFFF17C2
:10C41000130080D2E9FFFF17421C1053211C145354
:10C420002100022A001C18532000002AC0035FD6F6
:10C43000E20300AA20084039E001003620204039FC
:10C44000600000342028403960010036202840B9BF
:10C450006001003420844039000000124098023905
:10C46000200440391F200071E9000054604180120F
:10C47000C0035FD600008052F9FFFF1720008052F2
:10C48000F7FFFF17230000D0636031916078E078F8
:10C4900000FFFF37408C0239202440391F200071F3
:10C4A00068FEFF546078E07840FEFF374090023924
:10C4B000208040391F200071A8FDFF546078E0788B
:10C4C00080FDFF374094023900008052E9FFFF17DA
:10C4D000C0035FD6010040B9BF3F03D52100003241
:10C4E000BF3F03D5010000B9C0035FD6010040B9CA
:10C4F000BF3F03D521781F12BF3F03D5010000B90C
:10C50000C0035FD6010040B9BF3F03D521001932F7
:10C51000BF3F03D5010000B9C0035FD6FD7BBFA9B3
:10C52000E503012AFD030091F1FFFF97031040B9D5
:10C53000BF3F03D561000032BF00007163781F1256
:10C540006300811A430C1F33BF3F03D5FD7BC1A895
:10C55000031000B9E0FFFF17FD7BBFA9E303012A29
:10C56000FD030091E2FFFF97050040B9BF3F03D5EF
:10C570006304005146781F536104020BE2018052AC
:10C58000A56C09122108C61A210400513F3C007114
:10C590002190821AA14C012ABF3F03D5FD7BC1A87F
:10C5A000010000B9CCFFFF17FD7BBFA9E30300AA80
:10C5B000E203012AFD030091CDFFFF97000040B97F
:10C5C000BF3F03D500741D124200083600001F3221
:10C5D00042001E534200002ABF3F03D5FD7BC1A885
:10C5E000620000B9E00303AABBFFFF17FD7BBFA9F0
:10C5F000E503012AE40300AAFD030091BCFFFF97B5
:10C60000030040B9BF3F03D5020100346200173276
:10C61000A20C1633BF3F03D5FD7BC1A8820000B931
:10C62000E00304AAACFFFF172000805262781612C4
:10C630000020C51AE003202A050C0012F5FFFF17A1
:10C64000FD7BBFA9E903012AE83F9952FD03009150
:10C650004873A772E70300AAA5FFFF972001080B04
:10C660004800080B0008C91A0209C21A0100020B8F
:10C670003F00036B480000546300014B2104000B92
:10C680003F00056B48000054A500014B7F00026B82
:10C69000010400516320821AA500010B6300010B05
:10C6A000C604005181040051C600000BA508C01A41
:10C6B0002100000BC608C01A2108C01AA51C185377
:10C6C0006308C01AC61C0012211C10532100062A40
:10C6D000A360032A2100032ABF3F03D5FD7BC1A825
:10C6E000E10C00B9E00307AA7BFFFF17FD7BBFA9A0
:10C6F000E20300AAFD030091000440F97CFFFF97CC
:10C70000400440F9011440B9BF3F03D5400C502903
:10C7100021340A12633C10536010002A0000012AE1
:10C72000BF3F03D5410440F9201400B9BF3F03D5F2
:10C73000400440F91F2400B9401840B9007C01535F
:10C74000BF3F03D5410440F9201800B9BF3F03D5CE
:10C75000400440F91F4400B9FD7BC1A8400440F9E2
:10C760005DFFFF17FD7BBEA9FD030091F35301A9F7
:10C77000F30300AABF3F03D5019000B921000032A6
:10C78000BF3F03D5F4E18452019000B9609240B9F3
:10C79000BF3F03D5E0010836200080D29406005147
:10C7A00038C2FF9704A6FF979F06003101FFFF5490
:10C7B000400000D000E01491C7C6FF9708000014A5
:10C7C000BF3F03D5000080527F9200B905000014DE
:10C7D000E00313AAEFFEFF9740FFFF3580008012B1
:10C7E000F35341A9FD7BC2A8C0035FD623004039A3
:10C7F0007F080071E1010054030440F92110403921
:10C8000064E040B9BF3F03D5E31F80522120C21A24
:10C810006320C21A8300230A2100032ABF3F03D5E5
:10C82000000440F901E000B900008052C0035FD667
:10C83000A0028012FEFFFF17040440F9E60300AADD
:10C84000631C0012850040B9BF3F03D5A301003629
:10C85000FD7BBFA9FD030091E5FFFF97E0000035D8
:10C860000020A852A500002ABF3F03D5C00440F90C
:10C87000050000B900008052FD7BC1A8C0035FD64F
:10C880000020A812A500000ABF3F03D5C00440F94C
:10C89000050000B900008052C0035FD6FD7BBFA930
:10C8A000E70300AAFD030091E2FEFF97E303002ADD
:10C8B000C0010035E3984239E00307AA0200805224
:10C8C000DEFFFF97E303002A00010035E2944239BE
:10C8D000E1904239E08C4239D0FEFF97BF3F03D54B
:10C8E000E10440F9200400B9E003032AFD7BC1A85C
:10C8F000C0035FD6FD7BBCA9E40301AAE60300AA3E
:10C90000FD030091F35301A9F55B02A9341840F926
:10C910002314403922104039362840B90198423951
:10C92000130440F9200000724200831A5FF0017185
:10C93000810000541F000071800180524210801A53
:10C94000451C0853E00304AAE53F00B984FEFF97A5
:10C950001F7C00716806005460000034A11C002A8E
:10C96000E13F00B9C1060051E03F40B921080C5336
:10C970002100002A8020403921000932E13F00B91E
:10C9800080010034810840F9BF3F03D5C00440F95D
:10C99000019400B9E13F40B98020403900040051C2
:10C9A000000410530000012A00000D32E03F00B9DE
:10C9B000E13F40B9E00313AA6BFFFF97F503002A9C
:10C9C0006002003560A240B9BF3F03D5DF1200719D
:10C9D00082008052E1F30091C292821AE03F00B9D6
:10C9E000E00314AA08C1FF97DF1200710901005487
:10C9F00060A640B9BF3F03D5C2120051E1F30091D8
:10CA0000E03F00B980120091FFC0FF97F35341A9A6
:10CA1000E003152AF55B42A9FD7BC4A8C0035FD6DD
:10CA200075418012FAFFFF179DFFFF17FD7BBCA920
:10CA3000E20300AAE00301AAFD030091F35301A958
:10CA4000F55B02A943984239361840F93310403952
:10CA50007F0040F2342840B921144039550440F990
:10CA60007302811A01204039731E085341010034BA
:10CA7000030840F9BF3F03D5410440F9239400B9AE
:10CA80000120403921040051210410533300132A9E
:10CA900073020D324198423931FEFF971F7C0071BD
:10CAA0002804005440000034731E002AF4020034AD
:10CAB0009F12007180060051E10316AA8200805285
:10CAC000000814538292821A1300132AE0F3009193
:10CAD000CDC0FF9773021132E03F40B9BF3F03D58D
:10CAE000A0AA00B99F1200710901005482120051DE
:10CAF000C1120091E0F30091C3C0FF97E03F40B93D
:10CB0000BF3F03D5A0AE00B9E103132AE00315AA85
:10CB100015FFFF97F35341A9F55B42A9FD7BC4A81C
:10CB2000C0035FD6C00B8012FBFFFF17FD7BBFA9C0
:10CB3000E70300AAFD030091296040393DFEFF97FD
:10CB4000E403002AA0050035E3984239E80301AA6E
:10CB5000E00307AA0203805238FFFF97E403002A8C
:10CB6000C0040035E12040B9BF3F03D5E00440F9DF
:10CB7000011C00B9E09842396004003605154039BF
:10CB8000E1904239E2944239E08C423923FEFF972A
:10CB9000A500002A010940F9BF3F03D5E00440F990
:10CBA000016800B909010034E1984239E00308AA9C
:10CBB000EBFDFF971F7C0071A80200544000003479
:10CBC000A560002ABF3F03D5E00440F9050400B981
:10CBD000E00440F9011440B9BF3F03D500214039BA
:10CBE000216C1C12000400510000012ABF3F03D534
:10CBF000E10440F9201400B9E003042AFD7BC1A838
:10CC0000C0035FD605114039DEFFFF176441801273
:10CC1000FAFFFF17FD7BBCA9FD030091F35301A9A7
:10CC2000F30300AA20008052F55B02A9F71B00F96C
:10CC3000340840F9351840F9362840B925FEFF97E9
:10CC400060864239E0030036611640F98042368B37
:10CC5000E203162A1F0001EB42030054600A40F968
:10CC60000000148B620000B41F0840F2A1010054C0
:10CC7000010080D25F0001EBC1010054600640F961
:10CC8000C4FDFF97800B003580008012F35341A94B
:10CC9000F55B42A9F71B40F9FD7BC4A8C0035FD632
:10CCA00001144038420400D1A1160038EEFFFF17EE
:10CCB00003686138A36A213821040091EEFFFF1751
:10CCC000BF3F03D5600640F9166C00B9BF3F03D5DE
:10CCD000600640F921008052016000B9160200355B
:10CCE000750640F9000080D29DC0FF97F40300AAAA
:10CCF000A06240B9BF3F03D520092837E00314AA3A
:10CD000097C0FF971F2800F128080054200080D208
:10CD1000DCC0FF97A8A4FF97F6FFFF1717E2845225
:10CD2000600640F9142C40B9BF3F03D5943E007211
:10CD300001020054200080D2D2C0FF979EA4FF972A
:10CD4000F7060071E1FEFF54400000D0007C159111
:10CD5000A10D801260C5FF97BF3F03D5600640F963
:10CD600041008052016000B9A00D8012C8FFFF177A
:10CD7000601E40B9620A40F9807E001B1F00166BDE
:10CD80000090961AA10640F2610000541F0440F280
:10CD900040020054E303002A010080D23F0003EB6D
:10CDA00041010054B542208BD602004B600640F989
:10CDB000142C40B9BF3F03D5943E00127EA4FF97C8
:10CDC00094FDFF35C6FFFF1744004039A46A21389F
:10CDD00021040091F2FFFF17037C02533F0003EB95
:10CDE00020FEFF54440040B9A47A21B821040091E8
:10CDF000FBFFFF1700008052A5FFFF17400000D087
:10CE0000A10D801200F81591D3FFFF17400000D04C
:10CE1000A10D801200A41691CFFFFF17BF3F03D5CD
:10CE2000600640F901048052016000B9000080D220
:10CE3000750640F94AC0FF97F40300AAA06240B902
:10CE4000BF3F03D5C0F12F36E00314AA44C0FF97BB
:10CE50001F2800F148FDFF54200080D289C0FF97B1
:10CE600055A4FF97F6FFFF17FD7BBFA9E70300AAB4
:10CE7000FD0300916FFDFF97E303002AA006003534
:10CE8000E3984239E80301AAE00307AA02028052AC
:10CE90006AFEFF97E303002AC0050035E12040B990
:10CEA000BF3F03D5E00440F9011C00B9E0984239C6
:10CEB0006005003602154039E1904239E09442396C
:10CEC000214C14532040002A0000022ABF3F03D502
:10CED000E10440F9200800B9E2944239E190423976
:10CEE000E08C42394DFDFF97BF3F03D5E10440F987
:10CEF000200400B9010940F9BF3F03D5E00440F91F
:10CF0000017800B9E098423900010036E00440F9A8
:10CF1000003840B9BF3F03D500001232BF3F03D5F0
:10CF2000E10440F9203800B9E00440F9011440B9A7
:10CF3000BF3F03D500214039216C1C120004005171
:10CF40000000012ABF3F03D5E10440F9201400B9D5
:10CF5000E003032AFD7BC1A8C0035FD6021140395C
:10CF6000D6FFFF17FD7BBAA9FD030091F35301A97A
:10CF7000F30300AA20008052F55B02A9F76303A91E
:10CF8000F96B04A9FB2B00F9350840F9341840F976
:10CF9000362840B94FFDFF97609A4239F703162AA9
:10CFA000600400376086423920040036601640F97C
:10CFB000A17E4092F542358BBF0200EB8203005404
:10CFC000600A40F90000018B770000B41F0840F2AE
:10CFD000E1010054010080D2FF0201EB0102005484
:10CFE000600640F9EBFCFF97C00C00358000801212
:10CFF000F35341A9F55B42A9F76343A9F96B44A92F
:10D00000FB2B40F9FD7BC6A8C0035FD681164038D4
:10D01000F70600D101140038ECFFFF17826A61386F
:10D020000268213821040091ECFFFF17798240B992
:10D030009F0640F2C0040054E00317AA5DA1FF97C9
:10D04000F50300AA200A00B4E10314AAF40315AA08
:10D05000E20317AA6CBFFF97BF3F03D5600640F9F4
:10D06000167C00B9BF3F03D5600640F9210080520D
:10D07000FAFF9F52017000B9017D80D2607240B901
:10D08000009C0F910008C19AFEBFFF975602003521
:10D09000760640F9000080D2B1BFFF97F40300AAE2
:10D0A000C07240B9BF3F03D5600A2837E00314AA15
:10D0B000ABBFFF971F2800F168090054200080D201
:10D0C000F0BFFF97BCA3FF97F6FFFF17150080D2B4
:10D0D000E2FFFF173F03166B000080D23793961ACA
:10D0E000620A40F9E17E02531F0001EB6102005425
:10D0F000E2060072A10200547B0640F9000080D2D3
:10D1000097BFFF97F80300AA602F40B9BF3F03D530
:10D110001F001A6BE9020054E00318AA90BFFF97A2
:10D120001F2800F168030054200080D2D5BFFF976C
:10D13000A1A3FF97F5FFFF17837A60B80004009161
:10D14000430000B9E9FFFF17630A40F9E1767E92D8
:10D150008102018B000080D22468603800040091B5
:10D16000640000395F00006B81FFFF54E3FFFF178D
:10D170009442378BD602174B8FA3FF97C4FFFF173C
:10D18000000080529BFFFF176001801299FFFF177C
:10D19000400000B0007C1591A10D80124EC4FF9795
:10D1A000BF3F03D5600640F941008052017000B9CD
:10D1B000750000B4E00315AA75A0FF97A00D8012BA
:10D1C0008CFFFF17F5F0FFB4E00315AA70A0FF97DE
:10D1D00084FFFF17400000B0A10D801200381791A6
:10D1E000EFFFFF17400000B0A10D801200E817917B
:10D1F000EBFFFF17BF3F03D5600640F901048052E3
:10D20000017000B9000080D2760640F954BFFF9744
:10D21000F40300AAC07240B9BF3F03D540FD2F36CA
:10D22000E00314AA4EBFFF971F2800F148FDFF54EA
:10D23000200080D293BFFF975FA3FF97F6FFFF17F1
:10D24000211C0012421C00123F100071E002005429
:10D25000E80000543F040071600300543F0800716F
:10D260004001005460418012C0035FD63F2000712E
:10D27000A1FFFF54420200371F0071F2604180128B
:10D28000E013801AF9FFFF17C20000370100965221
:10D290001F00016A60418012E013801AF3FFFF173C
:10D2A00001C08852FBFFFF17620000370100945253
:10D2B000F8FFFF1701808852F6FFFF171F0072F278
:10D2C000EFFFFF1700008052E8FFFF17FD7BBFA9AB
:10D2D000E30301AA22008052FD030091210440399A
:10D2E000040C40B9E003042AD6FFFF974003003541
:10D2F00060204039C000003461244039E003042A32
:10D3000022008052CFFFFF976002003560604039F5
:10D31000C000003461644039E003042A22008052D6
:10D32000C8FFFF9780010035602440B980010034B8
:10D33000618040391F080071E2179F1AE003042A38
:10D34000C0FFFF971F000071E0179F1AFD7BC1A867
:10D35000C0035FD600008052FDFFFF1720008052FF
:10D36000FBFFFF17220040F923E09FD24200038A0F
:10D370005F0420F1E002005422204039A200003472
:10D38000220440F94200038A5F0420F12002005485
:10D3900022604039C2000034220C40F923E09FD2C1
:10D3A0004200038A5F0420F140010054222440B966
:10D3B0005F040071C9000054228040395F20007171
:10D3C00061000054222840B942000037C0FFFF1717
:10D3D00000008052C0035FD6230840396301003744
:10D3E000232840392301003723684039E300003700
:10D3F00023844039A3000037220040395F040071C4
:10D4000041000054B2FFFF1700008052C0035FD6F6
:10D41000040040F9E20300AAE30301AA841840F9DA
:10D42000840040F9843440F9841040F9A40000B429
:10D43000840440F9640000B4F00304AA00021FD67B
:10D44000E10303AAE00302AAE4FFFF17FD7BBBA9E7
:10D45000FD030091F35301A9F40301AAF55B02A9AE
:10D46000F50300AAF76303A9F92300F9020040F9C4
:10D47000421840F9420040F9563440F9E5FFFF9761
:10D48000A00B0036E00315AA52F8FF97F303002A19
:10D490000002F837C01240F9C00200B4020840F997
:10D4A000820200B4E10314AAE00315AA40003FD6AB
:10D4B000F303002AA00000341F300831C00B801293
:10D4C0006412407A60010054E00315AA43F8FF9704
:10D4D000BF030091E003132AF35341A9F55B42A96E
:10D4E000F76343A9F92340F9FD7BC5A8C0035FD6C4
:10D4F000802A40B960070034802640B9961A40F966
:10D500001F04007100070054F70316AA160080D20A
:10D510008322403993024039826240397302030BFF
:10D520007302020B603E009100187C92FF6320CBD7
:10D53000800A4079F9030091E00300398305003443
:10D5400060040051E4070091860A40F900701D5301
:10D55000010080D2C524C09A856821382104009139
:10D56000002000517F00016B6CFFFF546304001129
:10D57000A2000034421C40922003038BE11F805222
:10D5800007BEFF97D80217AA640080521F0300F15C
:10D5900061721D5384049F1AE20319AA8404409205
:10D5A000E00315AA030080D20EF8FF97F303002AC8
:10D5B00000F9FF35B8F8FFB4812A40B9E30316AA91
:10D5C000E20317AAE00315AA440080D221701D537C
:10D5D00004F8FF97A0F7FF34F303002ABDFFFF17FD
:10D5E000160080D2170080D2CAFFFF17230080D216
:10D5F000E0FFFF1773418012B6FFFF17030040F9E9
:10D60000E40300AAE20301AA631840F9630040F9A9
:10D61000633440F9631040F9E30000B4650040F959
:10D62000650000B4F00305AA00021FD6600840F9A7
:10D63000C00200B54020403943004039811840B94C
:10D640006300000B406040396300000BA100003410
:10D650003F00036B62000054A0028012C0035FD63B
:10D66000409444291F04007141010054801440B9C2
:10D67000800000341F00056B0090851A402800B917
:10D68000402840B9A0FEFF3400008052F4FFFF178D
:10D6900081FFFF342100034B3F00056B2190851A69
:10D6A000412800B9F7FFFF17202C40F90200801233
:10D6B0001F0800B9202C40F9020000B9202C40F9C5
:10D6C000000040B91F0C40F201010054000000901E
:10D6D00000E0279102048052202800F900008052C7
:10D6E000229400B9C0035FD600000090020280526D
:10D6F00000B02891F9FFFF17E2038052229000B991
:10D70000EAFFFF1700048052209400B90000009047
:10D7100000102791202800F900008052C0035FD636
:10D72000010C47A9049840B9064040F9847C0313D2
:10D73000029040B9630001CB012C40F9847C4093F6
:10D74000252040B9014440F9210006CB210003CB3C
:10D75000630CC49A210CC49A4100014B4200054B52
:10D760005F00036B4230831A030080123F00026B9C
:10D770002190821A210400513F04003141000054DD
:10D78000C0035FD6043C40F9029C80B99F0002EBC5
:10D79000C0000054039840B9023840F97F2000715E
:10D7A0004101005443004039022C40F9436000B964
:10D7B000029840B9043840F9427C031382C0228B9E
:10D7C000023800F9ECFFFF1743004079F7FFFF171D
:10D7D000030848A9012C40F9420003CB039840B943
:10D7E000212440B9637C0313637C4093420CC39AA9
:10D7F0003F00026B2130821A210400513F040031A6
:10D8000041000054C0035FD6022C40F9044440F9A3
:10D81000436040B9029C80B99F0002EBC0000054F5
:10D82000049840B9024040F99F2000710101005462
:10D8300043000039029840B9034040F9427C031389
:10D8400062C0228B024000F9ECFFFF174300007911
:10D85000F9FFFF17202840B92200A0521F40407155
:10D860000090821A202800B900008052C0035FD6C1
:10D87000FD7BBEA9FD030091F30B00F9F303012A20
:10D8800014CEFF97136C00B900008052F30B40F9DF
:10D89000FD7BC2A8C0035FD6FD7BBDA9FD0300913F
:10D8A000F35301A9F303012AF51300F9F50300AAC4
:10D8B000FFCDFF97F40300AAE00315AA05CEFF975A
:10D8C000012C40F9820240B93F0800B95F00136B98
:10D8D0004390931A4290931A013040F92108C29A5A
:10D8E000022C40F92104001121381F12411400B903
:10D8F00022008052012C40F9220800B9036800B9C7
:10D9000000008052F35341A9F51340F9FD7BC3A8F1
:10D91000C0035FD6FD7BBEA9FD030091F35301A9AF
:10D92000F30300AAE2CDFF97F40300AAE00313AAD1
:10D930008FCEFF97800600F9A00000B5A0028012EC
:10D94000F35341A9FD7BC2A8C0035FD6604A40F9EA
:10D9500002249452E200A072410000B021480A91D2
:10D96000EDD2FF97800200B9410000B021801891EC
:10D97000604A40F9D7D3FF9720FE07370000805256
:10D98000F0FFFF17FD7BBEA9FD030091F30B00F92B
:10D99000D0CDFF97013040B9F30300AA001440F93D
:10D9A00053080094A0000035E00313AAF30B40F9DC
:10D9B000FD7BC2A8ECC7FF17F30B40F9FD7BC2A8A3
:10D9C000C0035FD602844239019840B92104005156
:10D9D000420476D3211000122100022A0288423923
:10D9E000006C40B942047AD3000478D34000002A86
:10D9F0002000002AC0035FD6019840B90284423952
:10DA000021040051420478D3211070D32100022A4E
:10DA100002884239006C40B942047CD300047AD3B6
:10DA20004000002A2000002AC0035FD60284423949
:10DA3000019840B921040051420478D3210C00120E
:10DA40002100022A02884239006C40B942047CD38A
:10DA500000047AD34000002A2000002AC0035FD6C9
:10DA6000FD7BBDA9FD030091F35301A9F30300AAB7
:10DA7000F51300F9F50301AA96CDFF97E20300AA7A
:10DA8000F40300AA01008052E00313AA48C7FF97DD
:10DA9000F303002A00020035E00314AAA5C7FF978C
:10DAA0001F000071A10480120410417A600000542C
:10DAB0001F300831A1010054E00314AA56C7FF9794
:10DAC000A00200F9800000B5B3028012E00314AA9E
:10DAD000A5C7FF97F51340F9E003132AF35341A9B3
:10DAE000FD7BC3A8C0035FD6F303002AFAFFFF172C
:10DAF000FD7BBBA9FD030091F35301A9F55B02A9CE
:10DB0000F50300AAF76303A9A1CDFF97F60300AAC6
:10DB1000E00315AA66CDFF97F30300AAE00315AA58
:10DB20006CCDFF97F40300AA00018052E04F00B9CA
:10DB3000600640F9802E00F981820191600240B9AF
:10DB4000806A00B9E00315AAC6FFFF97F303002A15
:10DB500080020035E00315AA5ECDFF9718A0009162
:10DB6000F70300AAE10318AAE00315AA2B08009402
:10DB7000F303002A200200341F3008310418423A0F
:10DB8000C0030054400000B000A81891B50200B4D2
:10DB9000A10A40A9E303132A210040F9CEC1FF974F
:10DBA000F55B42A9E003132AF35341A9F76343A9A4
:10DBB000FD7BC5A8C0035FD6E00318AAB90700948F
:10DBC000F303002AA0010034E01640F9010B40B92C
:10DBD000C7070094400000B0007C1991ECFFFF17CC
:10DBE000220000F0210000F0E303132A42782B9179
:10DBF00021A42B91EAFFFF17960600B4E10314AAB3
:10DC0000E00315AAC0023FD6F303002AA0FCFF35AB
:10DC1000802E40F9410000B0E233019121501A9169
:10DC2000005C40B9A04A40F938D2FF978001003526
:10DC3000E14F40B93F0C007189000054809640B913
:10DC40003F00006BC9000054400000B000881A91EA
:10DC5000A1C1FF9700018052E04F00B9E04F40B9E9
:10DC6000809A00B9802E40F99F8602391F0800B9BA
:10DC7000802E40F91F2C00B920008052812E40F9DF
:10DC8000200800B9819240B9C1F8FF35812E40F9D2
:10DC9000201800B9812E40F9221840B95F00006BAE
:10DCA000E1000054000400111F00047101FFFF5443
:10DCB000809200B93F1800B9BAFFFF171F04007126
:10DCC00000109F1AFBFFFF17B3028012B5FFFF176A
:10DCD000C0035FD6FD7BBBA9FD030091F35301A9EF
:10DCE000F40301AAF55B02A9F60300AAF76303A9EE
:10DCF000F92300F9000040F9382440B9191840F917
:10DD0000E00319AAF3CCFF97812240391F07007165
:10DD100095024039F30300AAB502010B8162403934
:10DD2000B502010BB51E4092A13E009121107C92DC
:10DD3000FF6321CB6100805221049F1A01840239C4
:10DD4000012840F9F703009120003FD6612E40F9E9
:10DD50003F0800B9612E40F9200000B91F0700718B
:10DD6000A1000054612E40F9802A40B900040051FE
:10DD7000200400B9612E40F920008052200800B92B
:10DD8000810A4079E102003981224039A101003441
:10DD900020040051E3060091850A40F900701D53EC
:10DDA000020080D2A424C09A646822384204009100
:10DDB000002000513F00026B6CFFFF542004001153
:10DDC00082624039C2000034007C4093421C409281
:10DDD000E002008BE11F8052F1BBFF97C00240F9C7
:10DDE00001008052BBFFFF97773A00F9F702158BCD
:10DDF000773E00F97F7E08A9610247A93F0000EB4A
:10DE0000E1020054951A40F91F070071A106005461
:10DE1000754200F9802A40B9A002008B604600F9E3
:10DE2000C00240F9F1F5FF971823C01A602E40F99F
:10DE3000181000B9610248A93F0000EB61010054CD
:10DE400014008052602E40F9210080521F1000B94A
:10DE5000C00240F99FFFFF9713000014E00313AACC
:10DE600030FEFF97E5FFFF17E00313AA59FEFF9767
:10DE7000604240F91F0015EB01030054612E40F988
:10DE8000213440B9A1021836400000B000141B91A3
:10DE9000B90100B4210B40A9210040F9940080127F
:10DEA0000DC1FF97BF030091E003142AF35341A96A
:10DEB000F55B42A9F76343A9F92340F9FD7BC5A8A7
:10DEC000C0035FD6220000F0210000F042782B91C1
:10DED00021A42B91F2FFFF17F50300AAD6FFFF172D
:10DEE000753A00F9802A40B9B502008B753E00F9F9
:10DEF000E00313AA0BFEFF97C00240F9BBF5FF97A2
:10DF0000210080522120C01A602E40F9011000B972
:10DF1000610247A93F0000EBC10200542FBCFF97EC
:10DF200014D0439194020991B5008052602E40F9BB
:10DF3000002840B9BF3F03D50000150A1F1000712B
:10DF400000F8FF5425BCFF979F0200EB05FFFF542C
:10DF5000602E40F9002840B9BF3F03D50000150AE4
:10DF60001F100071E0F6FF54B40D8012B6FFFF17CA
:10DF7000E00313AAEBFDFF97E6FFFF17FD7BBCA9AB
:10DF8000FD030091F35301A9F403012AF55B02A9F3
:10DF9000F50300AAF60303AAF76303A9F70302AA8D
:10DFA000F80304AA001840F94ACCFF979F0A40F2F0
:10DFB00060020054400000B000841B91750100B461
:10DFC000A10A40A9210040F913008012C2C0FF97A6
:10DFD000F55B42A9E003132AF35341A9F76343A970
:10DFE000FD7BC4A8C0035FD6220000F0210000F032
:10DFF00042782B9121A42B91F4FFFF17F30300AA81
:10E0000098000036E00315AA0100805231FFFF9707
:10E01000DF0200F1E41A40FAE1070054DF0200F1E8
:10E02000E0079F1A00781F53612A40F96086023981
:10E03000E00313AA947E035320003FD6773A00F9F9
:10E04000612E40F9F702148B773E00F9764200F911
:10E05000D602148B764600F9749E00B93F0800B9C9
:10E06000612E40F9220040B91F00026B40000054AD
:10E07000200000B9E00315AA5CF5FF97622E40F975
:10E08000210080522020C01A401000B9602E40F9B3
:10E09000010800B9E00313AAA2FDFF97CDFDFF9789
:10E0A000600648A93F0000EB68FFFF54CBBBFF9719
:10E0B00014D0439194020991B6008052602E40F929
:10E0C000002840B9BF3F03D50000160A1F10007199
:10E0D00060010054C1BBFF979F0200EB05FFFF5496
:10E0E000602E40F9002840B9BF3F03D50000160A52
:10E0F000B30D80121F1000714100005413008052B4
:10E1000098F60F36E00315AA21008052F1FEFF9722
:10E11000B0FFFF1700008052C4FFFF17050040F951
:10E12000A53440F9A50040F9650000B4F00305AA44
:10E1300000021FD6A0048012C0035FD6E00301AA2C
:10E14000E103022AE20303AAE30304AA43A2FF179E
:10E15000FD7BBEA9FD030091F30B00F9F30301AAB7
:10E16000DCCBFF97010040F9610200F9000440F99F
:10E17000600600F900008052F30B40F9FD7BC2A855
:10E18000C0035FD6FD7BBEA9FD030091F35301A937
:10E19000F40300AAC6CBFF9701008052F30300AA44
:10E1A000E00314AA2FCCFF971F0400B1C000005455
:10E1B000600200F900008052F35341A9FD7BC2A820
:10E1C000C0035FD6A0028012FCFFFF17FD7BBDA934
:10E1D000FD030091F35301A9F30300AAF51300F91D
:10E1E000BCCBFF9715400091F40300AAE10315AAE8
:10E1F000E00313AA8906009440020034E303002AD6
:10E20000200000D000283191330100B4610A40A9F8
:10E21000210040F930C0FF9740028012F35341A91A
:10E22000F51340F9FD7BC3A8C0035FD6220000D0E0
:10E23000210000D042782B9121A42B91F6FFFF17EB
:10E24000E00315AA17060094E00313AAA4000094A3
:10E2500060FEFF344000009000902191AF9BFF973B
:10E26000800A40F9A10A40B921060094EBFFFF178C
:10E27000FD7BBBA9FD030091F35301A913C00191DC
:10E2800014800291F55B02A9160080D2F76303A9FE
:10E290001800A8D2F92300F979827FA9150080D24D
:10E2A000610240F93F0015EB680100547342009190
:10E2B000D602158B7F0214EB01FFFF54401240F988
:10E2C0001F0016EB00040054400000900050239102
:10E2D0000A0000141F0018EB0190989A1F1C00F10F
:10E2E000080100544000009000E021918B9BFF97B3
:10E2F0004000009000AC2291889BFF9714BAFF97D2
:10E30000000180D2F70300AA00F87FD31F0001EBC1
:10E31000A9FFFF54E10317AAA002198B16A0FF97CB
:10E32000FF0200EB800000544000009000F02291BA
:10E33000F2FFFF17600240F9B502178B000015CB02
:10E34000D8FFFF17F35341A9F55B42A9F76343A92F
:10E35000F92340F9FD7BC5A8C0035FD600A0019159
:10E36000010281D20100A3F2E40300AA273000D108
:10E3700003008052260080D2820440F9620600B475
:10E38000820040F94300003542004491BF3F03D56D
:10E39000220000B9BF3F03D5459C60D3220002B9DB
:10E3A000BF3F03D5250400B9BF3F03D5250402B9FB
:10E3B000BF3F03D5228000B9BF3F03D5228002B9F9
:10E3C000BF3F03D5258400B9BF3F03D5258402B9DB
:10E3D000821440A94200058B420400D1BF3F03D5FF
:10E3E000220800B9BF3F03D5459C60D3220802B97B
:10E3F000BF3F03D5250C00B9BF3F03D5250C02B99B
:10E40000BF3F03D5228800B9BF3F03D5228802B998
:10E41000BF3F03D5258C00B9BF3F03D56220001153
:10E42000258C02B9C520C39AC220C29A4200052A8F
:10E43000BF3F03D5E20000B9BF3F03D5854081D27D
:10E440000500A3F2A20000B963040011844000910A
:10E45000214000917F0C007101F9FF54028281D2AA
:10E46000030080520200A3F2453000D1240080D284
:10E47000010440F9810200B4010040F94300003575
:10E4800021004491BF3F03D5410000B9219C60D3D6
:10E49000BF3F03D5410400B9011840A92100068BF4
:10E4A000210400D1BF3F03D5410800B9219C60D3AE
:10E4B000BF3F03D5410C00B98120C39ABF3F03D5AC
:10E4C000A10000B963040011004000914240009196
:10E4D0007F0C0071E1FCFF54C0035FD6FD7BB8A93F
:10E4E000FD030091F35301A9F55B02A9F50300AA0E
:10E4F000F76303A9F96B04A9FB2B00F9ECCAFF979A
:10E50000E00315AAF3CAFF97F60300AA001380D20E
:10E51000289CFF97F40300AA7487FF97170C42B951
:10E52000BF3F03D57187FF97185842B9BF3F03D546
:10E530006E87FF97135842B96C87FF97F9030091D4
:10E5400073020032135802B9F30312AA001380D2E7
:10E55000189CFF97021380D201008052600200F9DC
:10E56000400240F90EBAFF97E00315AAD0CAFF9700
:10E57000F30300AA80C69ED2A1A30191A2008052FB
:10E58000E000A0F29C89FF97A07B40B90000001238
:10E59000602200390004001180460239A07B40B996
:10E5A000000441D3602600390004001180020039C4
:10E5B000A0F74079000C4092804A02397B2640390E
:10E5C0007A2240394987FF97130C42B94787FF9752
:10E5D0007B0F04537A6F1A2A7376031273021A2A76
:10E5E000130C02B98002403920010034410000D0F0
:10E5F00022201291214442F9811200F91F04007176
:10E6000060000054400440F9802E00F9E00315AA90
:10E610003F030091A6CAFF9701204039C100003690
:10E62000020A82D20200A3F2410040B921001C324A
:10E63000410000B900244039000200362B87FF97C3
:10E64000132842B92987FF9773021E32132802B993
:10E650002687FF97132842B92487FF97010A82D2A1
:10E66000730218320100A3F2132802B9200040B946
:10E6700000001B32200000B9E00315AAB53700F9ED
:10E680008BCAFF9700104079A2A30191600100B4EA
:10E690004100009021942591E0098052A9CEFF9776
:10E6A000E103002A00010034400000900098269108
:10E6B00009BFFF97830000144100009021142691A8
:10E6C000F6FFFF172000805280420239E00314AAAF
:10E6D000DF0100944000009000602791FEBEFF978C
:10E6E000E00314AA7E010094E00314AA53020094EC
:10E6F000F303002AA00000344000009000C82791D6
:10E70000F5BEFF971D000014E00314AA88020094D0
:10E71000F303002A8000003440000090003C289160
:10E72000F8FFFF17E00314AAB9020094F303002ACC
:10E73000800000344000009000B02891F1FFFF17E6
:10E74000E40312AA030080D2400A40F9020080527A
:10E75000850442F8010080D2930E40F91FB8FF975C
:10E76000F903002AE0010034B30080124000009059
:10E77000004C2991699AFF97E00314AA049BFF9724
:10E78000F55B42A9E003132AF35341A9F76343A9B8
:10E79000F96B44A9FB2B40F9FD7BC8A8C0035FD6E9
:10E7A0008046403980000036E00080D2607E009BC9
:10E7B00013FC43D3411240F93F0013EBA90100546D
:10E7C00021FC54D34000009000D82991C2BEFF978D
:10E7D00061FE54D34000009000CC2A91BEBEFF974A
:10E7E0004000009000E82B91BBBEFF975F1200F93C
:10E7F000411240F9610100B43F0013EB20010054C5
:10E8000021FC54D34000009000A82C91B2BEFF9789
:10E810004000009061FE54D3007C2D91AEBEFF9766
:10E82000441240F9E20312AA240200B5130200B414
:10E83000400000D000601191430040F9217F4093D7
:10E8400021180091670204CB061440A96310018BC4
:10E85000660400F9BF0007EB63030054400040F971
:10E860000110018B270800F9531000F9810640F9C7
:10E8700040000090421040F900302E9142FC54D3E9
:10E8800095BEFF978042403940060036E00314AA47
:10E8900098020094800300364000009000682E919A
:10E8A0008DBEFF97A1A301918011805276CEFF9774
:10E8B000200200344000009000F02E9186BEFF97A9
:10E8C000A3B8FF97430040F93907001100400091B9
:10E8D0006310018B650800F9430040F96110018B5A
:10E8E000210840F98400018B3F0F007161FAFF5449
:10E8F000DEFFFF17A03740F9010080D281060094A7
:10E90000F0FFFF177986FF97000C42B9BF3F03D590
:10E910001803002AB8000037F77E1D53F706005190
:10E92000FF06007109010054E00314AAEF030094EC
:10E93000F303002A8000003440000090008C2F91E7
:10E9400070FFFF1740000090003C309162BEFF97BF
:10E95000400240F947FEFF974000009000BC309114
:10E960005DBEFF97400240F97DFEFF97B53700F985
:10E97000A2A3019141000090E00980522120319131
:10E98000F0CDFF97F303002AA0000034E103002A32
:10E99000400000900080319146FFFF17400000903A
:10E9A000003C32914CBEFF97400240F9003440F9E0
:10E9B000C00200F9401240F9C00600F94B86FF97EB
:10E9C000155842B94986FF97B57A1F12155802B9F2
:10E9D0004000009000AC32914AFFFF17FD7BB7A9C1
:10E9E000FD030091F35301A9F55B02A9F76303A9A5
:10E9F000F96B04A9FB7305A9FB0300AA200040B929
:10EA0000E08700B9200440B9E07300B9200840B99C
:10EA1000E06B00B9200C40B9E08B00B9E28F00B97F
:10EA2000386442293A58432937544429342840B994
:10EA3000631400B47F0000B960F310911C989AD25F
:10EA4000F30303AA3C00A0F2E03300F9000080D2F7
:10EA500043B9FF97E03F00F9E03340F9000040B9C7
:10EA6000BF3F03D520010034E03F40F93CB9FF9798
:10EA70001F001CEB88120054200080D281B9FF9740
:10EA80004D9DFF97F5FFFF17000080521000001406
:10EA90001F140071E104005475040035C000805259
:10EAA0000B0000147900003540008052080000146B
:10EAB000BF3F03D5793704B9FCFFFF177A00003454
:10EAC000BF3F03D57A3304B9600080521F10007134
:10EAD0000CFEFF541F08007120FFFF541F0C007133
:10EAE000000100541F040071E0FDFF547800003461
:10EAF000BF3F03D5783B04B920008052F4FFFF17D5
:10EB000076000034BF3F03D5762F04B97700003577
:10EB1000A0008052EEFFFF17BF3F03D5772B04B94B
:10EB2000FCFFFF17BF3F03D5752704B9DCFFFF17B4
:10EB300074000034BF3F03D5742304B9E18346A9B0
:10EB4000E28740B9211C70D3001068D30000012A6D
:10EB5000E18B40B9213C00122174022A0000012AF5
:10EB6000BF3F03D5603F04B916989AD2000080D207
:10EB700075731191FAB8FF97F40300AA3600A0F25A
:10EB8000A00240B9BF3F03D520010037E00314AA1B
:10EB9000F3B8FF971F0016EB48020054200080D204
:10EBA00038B9FF97049DFF97F6FFFF1715008052B5
:10EBB000605F44B9BF3F03D5600200B975010035FD
:10EBC00014008052E08F40B99F02006B4104005452
:10EBD000605F44B900781F12605F04B9160000142A
:10EBE000B50D8012F3FFFF17340000909452399155
:10EBF000E10314AA4000009000F83291B6BDFF97DF
:10EC0000620240B9E10314AA40000090005C339115
:10EC1000421041D3B0BDFF97620240B9400000905E
:10EC2000E10314AA00E03391421C45D3AABDFF972B
:10EC3000B50D8012F35341A9E003152AF55B42A9F3
:10EC4000F76343A9F96B44A9FB7345A9FD7BC9A8E8
:10EC5000C0035FD69F060071200100549F0A007117
:10EC600060010054D4010035605B44B9BF3F03D557
:10EC7000600600B994060011D3FFFF17605744B92E
:10EC8000BF3F03D5600A00B9FBFFFF17605344B9CB
:10EC9000BF3F03D5600E00B9F7FFFF1760CA348B82
:10ECA00021000090215039911F0400B940000090CC
:10ECB0000078349188BDFF97EFFFFF17B5028012EF
:10ECC000DDFFFF1721000090400000902150399196
:10ECD00000E4349180BDFF97D6FFFF17FD7BBEA9EE
:10ECE000FD030091F35301A9F30300AA001040F9BA
:10ECF000140040B9BF3F03D5940A001221000090D0
:10ED000040000090E203142A21E4389100D43591A8
:10ED100071BDFF973401003461820091030080527D
:10ED2000600240397F00006B0B010054F35341A98E
:10ED3000FD7BC2A8C0035FD6400000900050369112
:10ED400065BDFF9782B7FF97200040F93F1000B9DB
:10ED5000020042B9BF3F03D5200040F9008042B90C
:10ED6000BF3F03D5447C1D53427058D3241400B9CF
:10ED7000221C00B9027C1D53007058D3221800B920
:10ED8000202000B984000034201040B90004001194
:10ED9000201000B982000034201040B90004001196
:10EDA000201000B96304001121E00091DDFFFF177E
:10EDB000FD7BBDA9FD030091F35301A91300109140
:10EDC000000080D2F51300F965B8FF97F403002A1C
:10EDD000154C9DD2E00314AA61B8FF971F0015EBF4
:10EDE00009010054E20313AA2100009021A03891E8
:10EDF00040000090000C379137BDFF9754B7FF9744
:10EE0000200080D29FB8FF976B9CFF97610240B9AA
:10EE1000BF3F03D5620240B9BF3F03D542001F1276
:10EE2000210000122000022A60FDFF345F00007103
:10EE3000E0179F1A0000010AF35341A90004005192
:10EE4000F51340F9FD7BC3A8C0035FD6FD7BB8A9CD
:10EE5000FD030091F35301A9F30300AAF55B02A996
:10EE6000F76303A9F96B04A9FB2B00F91F04003910
:10EE700000404239A0020037350000905700009052
:10EE800076820091B56E3891F76239911400805204
:10EE900038008052600240391F00146B4C0A005445
:10EEA000610000542000805260060039F35341A9EC
:10EEB000F55B42A9F76343A9F96B44A9FB2B40F921
:10EEC000FD7BC8A8C0035FD6200080D2784A4239B3
:10EED0004000C0F2E03B00F9800080D2F5C3019110
:10EEE0000001C0F2F4A30191E03F00F92000A0D29C
:10EEF0004000E0F257008052E03700F9A00240B92C
:10EF00001F03006AA0020054990240B9000080D299
:10EF10009A1384D21B989AD211B8FF97F60300AACD
:10EF20003A1AA2F23B00A0F2400340B9BF3F03D51A
:10EF30003F03206A20010054E00316AA08B8FF9797
:10EF40001F001BEB48040054200080D24DB8FF97EF
:10EF5000199CFF97F5FFFF17A00640B91F03006A31
:10EF6000A0020054990240B9000080D21A1484D241
:10EF70001B989AD2FAB7FF97F60300AA3A1AA2F2A0
:10EF80003B00A0F2400340B9BF3F03D53F03206AD6
:10EF900020010054E00316AAF1B7FF971F001BEBF6
:10EFA00068010054200080D236B8FF97029CFF977A
:10EFB000F5FFFF17B522009194120091FF06007132
:10EFC000C0F5FF5437008052CDFFFF17210000909D
:10EFD00040000090216C389100F43791BEBCFF973F
:10EFE000DBB6FF97C08643F872FFFF97E303002A62
:10EFF00060010034807E4093010780D2E203142A2E
:10F00000004C019BE10315AA1FA00039200000F06D
:10F0100000A03891B0BCFF97F2FFFF17D8021D384F
:10F02000E203142AE10315AAE00317AA94060011CB
:10F03000A9BCFF9798FFFF17FD7BBAA9FD030091BC
:10F04000F35301A9F30300AA004280D2F55B02A9A1
:10F05000768200910052C0F2F76303A9180000D035
:10F0600018832091F96B04A9FA630191370000F02D
:10F0700015008052F71A3A91770600F9E02F00F94F
:10F08000600240391F00156BEC04005400008052F0
:10F090001F000014C00240F9417B79B8236860B8B2
:10F0A000BF3F03D5600640F974080012E10317AAB8
:10F0B000E8B6FF97837E409340010035007B63F8FC
:10F0C000600600F939070091C01240B91F00196BA2
:10F0D00028FEFF54B5060011D6E20091E9FFFF17A4
:10F0E000017B63F8600640F93F0000EBC0FEFF546F
:10F0F000E203152A010000F0200000F021203891E1
:10F1000000383A9174BCFF97A0028012F35341A9D2
:10F11000F55B42A9F76343A9F96B44A9FD7BC6A837
:10F12000C0035FD6190080D2E8FFFF17FD7BBDA9A1
:10F1300004008052FD030091F35301A9F30300AAD8
:10F14000804680D28056C0F2E5A30091E01700F916
:10F1500060220191140080D2610240393F00046BAB
:10F160006C040054140500B5010000F0200000F00C
:10F170002174379100C43A9157BCFF97A0028012C6
:10F18000740E00F91700001402805DF8A67861B8CB
:10F19000C26862B8BF3F03D5467C62D3427C65D368
:10F1A000027821F8DF1C00F1490000546300028B53
:10F1B0002104009102805EB85F00016B68FEFF547D
:10F1C00000E00091A30100B5010000F0200000F074
:10F1D0002174379100C43A913FBCFF97A00280127E
:10F1E000F35341A9FD7BC3A8C0035FD6010080D2C1
:10F1F000030080D2F0FFFF179402038B84040011F8
:10F20000D6FFFF1700008052DEFFFF17FD7BBEA96F
:10F21000014880D203800091FD030091E7630091D3
:10F220000158C0F206008052020080521F2000796F
:10F23000E10F00F9010040393F00026BAC040054BB
:10F240000000805215000014610040F9E57864B8B0
:10F25000A16861B8BF3F03D528040072212048D3BC
:10F26000E5079F1A86000035054000394800003444
:10F270000144003906404039DF00056B200100548D
:10F28000010000F0200000F0212C379100583B9144
:10F2900011BCFF97A0028012FD7BC2A8C0035FD6FD
:10F2A0008500003405444039BF00016BA1FEFF54C6
:10F2B0008404009126008052611040B93F00046B25
:10F2C00048FCFF544204001163E00091DAFFFF178D
:10F2D000040080D2F9FFFF17818186D21F380071A8
:10F2E0002124C09A2100001220309F1AC0035FD64B
:10F2F000FD7BB7A9FD030091F76303A9170000F098
:10F30000F7DA3691F35301A91400805213008052AA
:10F31000F55B02A9F50300AA16800091200000F019
:10F3200000843C91F96B04A9FB7305A9E03F00F947
:10F33000A00240391F00136BEC010054D4000036CA
:10F34000010000F04000009021D8369100D40091D7
:10F35000E1BBFF97F55B42A9E003142AF35341A9EF
:10F36000F76343A9F96B44A9FB7345A9FD7BC9A8C1
:10F37000C0035FD6C00240F9180043B9BF3F03D5B0
:10F38000E03F40F91A3F0012193F0012E3031A2A26
:10F39000187F1053E203132AE10317AACEBBFF978D
:10F3A000B8020034200000F000403D91CABBFF9736
:10F3B0003C0000B0020000D09CEF189142802A91DE
:10F3C0001B008052400040B90027C09AC0000036A0
:10F3D000410440F9E0031CAAE23700F9BEBBFF97E5
:10F3E000E23740F97B070011424000917F2B00710A
:10F3F000A1FEFF54F9010034C40240F9200000F0DE
:10F4000000AC3D91390000F09B400C91030080520C
:10F410003C0000F0E03700F9207B3E91E03B00F932
:10F420005F03036B6D0000547F4000718100005446
:10F4300073060011D6E20091BEFFFF17610340B9C9
:10F44000BF3F03D5650740B926140012F803012A0F
:10F45000E51B1129BF3F03D5E03740F9E203132A2A
:10F46000E10317AAE38700B99BBBFF97E03B40F994
:10F47000E1031BAA7B23009197BBFF9701631653FF
:10F4800080F73E9194BBFF9701571153200000F085
:10F49000004C3F9190BBFF9701430A53200000F0BE
:10F4A00000B43F918CBBFF9700270653220000F069
:10F4B0008AFFFF9742403C9118000072210000F043
:10F4C00021FC3B91191C00124100819A40000090E0
:10F4D0000014009180BBFF97E51B5129400000906C
:10F4E00000600091E103052A218006AA7ABBFF97FC
:10F4F000E38740B91F0300713413941A63040011A9
:10F50000C8FFFF17FD7BB2A9FD030091F55B02A9BF
:10F51000F50300AA004C80D2F35301A9F30315AA06
:10F52000005CC0F2F76303A9980080D214008052F7
:10F53000F96B04A919989AD27860C0F23900A0F248
:10F54000FB7305A9E04F00F9A00240391F00146BBE
:10F550000C0A00540000805221000014E03640B92B
:10F56000E1C30291E0B300B9820580D2E03E40B928
:10F57000E0B700B9E0830191F8EB0BA9FFFF0CA9FC
:10F58000FFDB00B920B6FF97601240F9E3830291D8
:10F59000E18301910200805211FDFF9700020035C6
:10F5A000FBA340B9BB028037130000F073BA35915A
:10F5B000E203142AE10313AA4000009000680191BD
:10F5C00045BBFF97621F45D3E10313AA400000909B
:10F5D000001C029140BBFF97A0028012F35341A987
:10F5E000F55B42A9F76343A9F96B44A9FB7345A9ED
:10F5F000FD7BCEA8C0035FD6000080D2FC630291E1
:10F6000057B6FF97FB03002A200080D29DB6FF97D4
:10F61000601240F9817B76B8206860B8BF3F03D59F
:10F6200020010036D6060091F7120091603240B9F1
:10F630001F00166B48F9FF549406001173E2009105
:10F64000C2FFFF17E0031BAA45B6FF971F0019EB87
:10F65000C9FDFF54130000F073BA3591E203142A78
:10F66000E10313AA4000009000C402911ABBFF9767
:10F67000E2A340B9E10313AA400000900070039197
:10F68000421C45D314BBFF97A00D8012D4FFFF1777
:10F69000F70313AA160080D21A0880D2E4FFFF17DE
:10F6A000FD7BB3A9FD030091F35301A9F40300AA64
:10F6B000004C80D2005CC0F2F55B02A9F76303A99D
:10F6C000F92300F9E04700F9C40600B4800400D132
:10F6D0001F0004EA61060054F603012A537C40939C
:10F6E000C10180528410C0DAE3B700B9639460D3DB
:10F6F000C14E219B820580D2D57E4093E3BB00B9E9
:10F70000FFBF00B9810A018BFF6300F9FFCB00B98D
:10F71000203440B9E0A300B9203C40B9E183029114
:10F72000E0A700B9800080D26060C0F2E05700F925
:10F73000E00780520000044BE0B300B9E0430191C0
:10F74000B1B5FF97000780D2E3430291E1430191F5
:10F7500002008052B552009BA01240F9A0FCFF9716
:10F76000F403002A00020035F79340B9B70280374E
:10F77000130000F073563491E203162AE10313AA32
:10F780004000009000680191D3BAFF9740000090BC
:10F79000E21E45D3E10313AA001C0291CEBAFF97E3
:10F7A000B4028012F55B42A9E003142AF35341A985
:10F7B000F76343A9F92340F9FD7BCDA8C0035FD6C9
:10F7C000000080D219989AD2E5B5FF9773F67ED3E0
:10F7D000F70300AAF82302913900A0F2200080D29A
:10F7E00028B6FF97A01240F9016B73B8206860B883
:10F7F000BF3F03D580FD0737E003172AD8B5FF9731
:10F800001F0019EBC9FEFF54130000F0735634912A
:10F81000E203162AE10313AA4000009000C40291FB
:10F82000ADBAFF97B40D8012E29340B9E10313AA79
:10F830004000009000700391421C45D3A6BAFF9788
:10F84000D9FFFF17FD7BBCA9FD030091F55B02A961
:10F85000F60300AA15008052F76303A9172001914F
:10F86000F35301A9C00240391F00156BEC0200548C
:10F87000140080520F000014E47A73F8E203132A94
:10F88000E103152AE00316AA030080D27306009153
:10F8900084FFFF97F403002AA00100344000009089
:10F8A000E203182AE103152A001C04918ABAFF9783
:10F8B000F55B42A9E003142AF35341A9F76343A976
:10F8C000FD7BC4A8C0035FD6130080D2E0825EB87F
:10F8D000F803132A1F00136B08FDFF54B50600112F
:10F8E000F7E20091E0FFFF17014440394100003684
:10F8F000D5FFFF1704FFFF17FD7BBCA9FD03009197
:10F90000F35301A9F40301AAE2E30091F55B02A914
:10F91000F50300AA010040F9000D805230CAFF979C
:10F92000F303002A80010035E01F40F9010040F98F
:10F93000363440F9800200F9C20240F9620100B495
:10F94000E10315AAE00314AA40003FD68001003469
:10F95000F303002AF55B42A9E003132AF35341A9FC
:10F96000FD7BC4A8C0035FD6A00A40B91F04007184
:10F9700001010054A00E40B9800600F9C10640F90B
:10F98000A1FEFFB4E00314AA20003FD6F1FFFF1749
:10F99000B3028012F0FFFF17FD7BB9A9E403012A2F
:10F9A00003008052FD030091F30B00F9F30302AA58
:10F9B000E5830091410000904200009021E00B910E
:10F9C00042AC0B9173CBFF977F0200F980000035AA
:10F9D000E10313AAE0830091C8FFFF97F30B40F9FE
:10F9E000FD7BC7A8C0035FD6010040F9210040F9A4
:10F9F000213440F9210840F9610000B4F00301AA64
:10FA000000021FD600008052C0035FD6010040F9FB
:10FA1000210040F9213440F9210C40F9610000B483
:10FA2000F00301AA00021FD600008052C0035FD677
:10FA3000FD7BBEA9FD030091F35301A9F40300AAC5
:10FA400013008052800A40B91F00136BA8000054B5
:10FA500000008052F35341A9FD7BC2A8C0035FD6CA
:10FA6000810240F9607E7B932000008BE8FFFF97C6
:10FA700020FFFF3773060011F3FFFF17010040F965
:10FA8000210040F9213440F9211040F9610000B40F
:10FA9000F00301AA00021FD600008052C0035FD607
:10FAA000FD7BBEA9FD030091F35301A9F40300AA55
:10FAB00013008052800A40B91F00136BA800005445
:10FAC00000008052F35341A9FD7BC2A8C0035FD65A
:10FAD000810240F9607E7B932000008BE8FFFF9756
:10FAE00020FFFF3773060011F3FFFF17FD7BBDA951
:10FAF000FD030091F35301A9F403012AF30300AAC3
:10FB0000F51300F915008052BF02146B6B0000540E
:10FB1000000080520C000014600240F9800000B523
:10FB2000B506001173820091F8FFFF17E00313AAD6
:10FB3000B7FFFF9780000035E00313AAABFFFF97E4
:10FB400000FFFF34F35341A9F51340F9FD7BC3A82F
:10FB5000C0035FD6FD7BBCA9030080524200009029
:10FB6000FD030091F35301A942AC0B91F40301AAE8
:10FB7000F55B02A9F71B00F9F70300AA3F0800B9DB
:10FB80004100009021E00B911CCBFF97F303002A6A
:10FB90001F0000712D020054007C7B9301009052E5
:10FBA000F1B3FF97800200F9400300B4150080D242
:10FBB000820240F9E103152AE00317AA4214158BCB
:10FBC00076FFFF976001F836F303002A810A40B9F7
:10FBD000800240F9C6FFFF97F55B42A9E003132AB4
:10FBE000F35341A9F71B40F9FD7BC4A8C0035FD6BE
:10FBF000800A40B9B506009100040011800A00B9DE
:10FC00007F02156B6CFDFF5413008052F3FFFF174A
:10FC100073018012F1FFFF17004840F9CEFFFF1774
:10FC2000FD7BBEA9000280D2FD030091F35301A920
:10FC3000F40301AA01009052CBB3FF97600100B416
:10FC4000F30300AAE10300AAE00314AAC2FFFF978E
:10FC500040000034137C4093E00313AAF35341A9FE
:10FC6000FD7BC2A8C0035FD673018092FBFFFF1724
:10FC7000FD7BBFA9FD030091EAFFFF971F0440B180
:10FC800049000054000080D2FD7BC1A8C0035FD6AC
:10FC9000014840F9F7FFFF17FD7BBEA9FD03009166
:10FCA000F30B00F9F30300AA000040F909C5FF9720
:10FCB000630640F901048052020040F9200080D21E
:10FCC000610CC11A0020C31A21741E53217C409379
:10FCD000446861B80000042A406821B800008052DE
:10FCE000F30B40F9FD7BC2A8C0035FD6FD7BBDA925
:10FCF000FD030091F35301A9F30300AAF51300F9E2
:10FD0000000040F9F3C4FF97620640F901048052F5
:10FD1000040040F943100012410CC11A220080D2A5
:10FD20004220C39AF503022A21741E53217C40937A
:10FD3000856861B8A200220A826821B8130040F9E0
:10FD4000000080D27302018B85B4FF97F40300AAF0
:10FD5000600240B9BF3F03D5BF02006A20010054D2
:10FD6000E00314AA7EB4FF971FD007F148010054A6
:10FD7000200080D2C3B4FF978F98FF97F5FFFF173D
:10FD800000008052F35341A9F51340F9FD7BC3A84D
:10FD9000C0035FD6A00D8012FBFFFF17FD7BBEA93D
:10FDA000FD030091F30B00F9CAC4FF974C81FF9744
:10FDB000132440B94A81FF97E1F99F52C11FA072F5
:10FDC0007302010A132400B900008052F30B40F9BA
:10FDD000FD7BC2A8C0035FD6FD7BBDA9FD030091DA
:10FDE000F35301A9F30300AAF51300F9B9C4FF976F
:10FDF000F40300AAE00313AA5DC5FF97F50300AA68
:10FE0000604A40F9020280524100009021FC0B91AF
:10FE1000C1C9FF97A042208B800200F900008052E8
:10FE2000F35341A9F51340F9FD7BC3A8C0035FD686
:10FE3000FD7BBEA9220000B041000090FD030091AF
:10FE4000034840F9E4630091423C359121480C910C
:10FE5000B8C5FF9700008052FD7BC2A8C0035FD6E3
:10FE6000FD7BBFA9FD0300919AC4FF97000040F9F4
:10FE7000010040B9BF3F03D581000036BF3F03D525
:10FE8000C10E8052010C00B900008052FD7BC1A858
:10FE9000C0035FD6FD7BBDA9FD030091F35301A90B
:10FEA000F40300AA8BC4FF97F30300AAE00314AA8B
:10FEB000ECFFFF97BF3F03D5600240F9410000907F
:10FEC000E2B3009121E00B911F0000B9804A40F994
:10FED000C1C9FF97600100B473420091E00313AA07
:10FEE000D4FEFF97E02F00B960000035E00313AAAD
:10FEF000ECFEFF97F35341A9FD7BC3A8C0035FD677
:10FF000000008052FCFFFF17FD7BBBA9FD030091A1
:10FF1000F35301A9F40300AA6EC4FF97F30300AAE8
:10FF2000E00314AA15C5FF97600200F9A00000B510
:10FF3000A0028012F35341A9FD7BC5A8C0035FD680
:10FF4000E2A30091E00314AA0100805218BEFF97BB
:10FF5000E02700B900FFFF35E0A3009175BEFF97D1
:10FF6000E02700B980FEFF35E0A300912ABEFF978D
:10FF7000017D80D20008C19A600A00B9A0FDFF345B
:10FF8000804A40F941000090E293009121E00B91FA
:10FF900091C9FF97800000B5E00314AABEFFFF9748
:10FFA000E5FFFF1773420091E00314AAE10313AACF
:10FFB0001AFFFF97E02700B9E0FBFF35E00313AA23
:10FFC000B8FEFF97E02700B980FEFF34DAFFFF1785
:10FFD000FD7BBDA9FD030091F35301A9F40300AA21
:10FFE000F51300F9F50301AA3AC4FF97F30300AA39
:10FFF000E00314AAA8FFFF9701048052620A40B9E7
:020000022000DC
:10000000600240F9427C151B420400714310C05A43
:10001000E20180522100034B21109F1A2140007100
:1000200021509F1A3F3C007121D0821A2110010BF0
:10003000BF3F03D5010400B9600240F9BF3F03D5BB
:1000400021008052010000B9E00314AAF35341A932
:10005000F51340F9FD7BC3A882FFFF17FD7BBCA908
:10006000C2038052210000F0FD030091F35301A967
:10007000F30300AA21300D91F55B02A9F71B00F9EB
:10008000004840F924C9FF97F603002A604A40F966
:1000900002F48152210000F021600D911EC9FF97EA
:1000A00081008052150CC11A210000F0604A40F90D
:1000B00021940D91B57E409306CAFF97C002003788
:1000C000604A40F9210000F03700805221E00D9194
:1000D00000CAFF97E00313AA01C4FF97F40300AA24
:1000E00017840039000080D2930200F9960A00B903
:1000F000950A00F99AB3FF97800E00F9000080522C
:10010000F35341A9F55B42A9F71B40F9FD7BC4A855
:10011000C0035FD617008052EFFFFF17FD7BBBA91E
:10012000FD030091F35301A9F55B02A9F76303A94D
:10013000030040F9633440F9630040F9030600B45A
:10014000F40300AAF60301AA60003FD6F503002AD3
:10015000A0040035E00314AAE1C3FF97F30300AA4B
:10016000020280D2E0030191010080520CB3FF979C
:1001700078A200916082403960000036E00318AA3E
:100180005D97FF97620A40F9177D80D2830640F998
:10019000E00318AA427C179B0100009021800B917C
:1001A0006797FF97630A40F9010280D2E00301914B
:1001B000220000F042240E91F6B7FF9720008052F3
:1001C00060820039C40AD79A220000B0810640F943
:1001D000200000F0E303019142AC109100540E9115
:1001E0003DB8FF97F35341A9E003152AF55B42A9F7
:1001F000F76343A9FD7BC5A8C0035FD6B504801291
:10020000F9FFFF17FD7BBCA980118052FD0300910F
:10021000E1E30091F35301A9F51300F91FC6FF971D
:1002200080010035E01F40F9340000F0942A0F915E
:10023000157D8052130840F9736201D1E11F40F926
:1002400062620191214000915F0001EBC100005406
:10025000F35341A900008052F51340F9FD7BC4A877
:10026000C0035FD6E00313AA4AC3FF97000100351D
:10027000E00313AA9AC3FF9701844039E1000037D5
:10028000610640F9E00314AA13B8FF97732E40F9F2
:10029000736201D1EAFFFF17010840B9020080D262
:1002A000E00313AA217C151B9DFFFF9700FFFF347D
:1002B000610640F9200000F000880F91F3FFFF175E
:1002C000010040F9213440F9210840F9610000B4EF
:1002D000F00301AA00021FD6A0048012C0035FD65B
:1002E00001A000D100805DF8028840B9820000368C
:1002F0002180403941000036F2FFFF17C0035FD66E
:10030000030040F9633440F9630C40F9630000B422
:10031000F00303AA00021FD6FD7BBFA9E20301AAD6
:10032000210080D2FD0300917DFFFF974000F83748
:1003300007B2FF97FD7BC1A8C0035FD6040000D0C1
:1003400084843991030080D20268633862000034EB
:100350003F0003EB41000054C0035FD6457C40934F
:10036000856865386500003642800011421C001225
:100370000268233863040091F4FFFF17E403002AA6
:1003800000F74F90006443F9E00000B500008012D0
:10039000C0035FD600008012F35341A9FD7BC2A8C1
:1003A000C0035FD6FD7BBEA9E30302AAFD03009153
:1003B000F35301A9F403012AF303012A01F74F9033
:1003C000E20314AA213443F92140248B7BBBFF971D
:1003D0009F0200EB01FEFF54E003132AEFFFFF171B
:1003E000FD7BBDA9FD030091F35301A9F51300F9AD
:1003F0003F04007129010054020840B9F40300AA27
:100400005F800071400300545F400071A0080054F9
:100410003FBC3F7129010054200000F000181091EA
:10042000ADB7FF9700008052F35341A9F51340F98F
:10043000FD7BC3A8C0035FD65F30007141FFFF544E
:1004400000304079007C021B620080520008C21A12
:100450000E000014800240F9005873B8F3FFFF1734
:10046000800240F900587378F0FFFF17E05F1C32FC
:100470003F00006B22FDFF5480324079C200805261
:10048000007C021B007C02133508C01AB386001BD7
:10049000802240B91F00156B00020054C300805237
:1004A000820E40B9A07E031B0400030B4100004BE9
:1004B0009F00026B84224079820240F92180831AD6
:1004C0003F00036B8000000B2190831AACFFFF9765
:1004D000A0FAFF37952200B9800A40B91F40007189
:1004E00000FCFF541F80007160FBFF541F3000713F
:1004F000A1F9FF546106130B820240F9217C0153DC
:100500002004001141686138406860382020000BE9
:1005100053000036007C0453002C0012C3FFFF1769
:10052000E0FD9F523F00006B88F7FF548032407916
:10053000C2008052007C021B007C0113D3FFFF1716
:10054000FD7BBBA9FD030091F35301A9F40303AAAA
:10055000F55B02A9F50300AAF60302AAF76303A953
:10056000F92300F98103003417344079001C40B9A5
:10057000F702011BA4324079DF1640F260050054F7
:1005800084FC0091F303009184E47A928438019111
:1005900084347C92FF6324CBF8FF009118E77A92B1
:1005A000A03240791F0014EBA90100547F02009192
:1005B000B40500B500008052BF030091F35341A978
:1005C000F55B42A9F76343A9F92340F9FD7BC5A870
:1005D000C0035FD6171440B9E7FFFF17F9060011F3
:1005E000E20318AAE003172A2100805264FFFF9754
:1005F0001F040071800000547F02009100008012EF
:10060000EEFFFF17A2324079E00316AAE10318AA11
:10061000F703192AFCB1FF97A0324079D602008B6C
:10062000940200CBDFFFFF179F0014EB28FCFF5460
:10063000930AC49AE20316AAE003172AE103132AD5
:100640004FFFFF971F00136BA1FDFF54A1324079AC
:10065000F702000B207C001BD602008B940200CB1B
:10066000D4FFFF17A0324079F3030091210080529C
:1006700000FC009100E47A920038019100347C92F1
:10068000FF6320CBE003172AF5FF0091B5E67A92CD
:10069000E20315AA3AFFFF971F040071E1FAFF5425
:1006A000E20314AAE10315AAE00316AAD6B1FF9744
:1006B0007F020091C0FFFF17FD7BBCA9FD030091E5
:1006C000F35301A9F30300AA00F74F90F55B02A9C9
:1006D000006443F9F71B00F9000100B51400801213
:1006E000F55B42A9E003142AF35341A9F71B40F933
:1006F000FD7BC4A8C0035FD6F60301AAF70302AAD4
:10070000011040F9000880D221FC009121E47A9286
:100710006D95FF97F50300AA20FEFFB4E20300AA3F
:10072000210080520000805215FFFF97A000F8368C
:1007300014008012E00315AA1593FF97E9FFFF1735
:10074000E10315AAE00313AA020880D2AEB1FF9715
:10075000651E4079602E403974324039642E4079EC
:100760001420142A65FEFF346242403922FEFF3411
:1007700060564039011E80521FDC03710490417A9B
:1007800081FDFF5480020851003C00121F003871A7
:1007900008FDFF54E303142A600400D11F0003EA9C
:1007A00081FCFF54603640396636403920FCFFB486
:1007B000010400D13F0000EAC1FBFF546400003592
:1007C000602640B960FBFF3461464039947E055392
:1007D000604A4039940600512020002A9402006AA1
:1007E00081FAFF5444010035612640B9010100340B
:1007F000A102019100048052E00200B9420380D2BC
:10080000E00316AA80B1FF97CBFFFF17003C7BD314
:100810004214041B619200910008C39A635240394C
:100820004200000B604E40390320032A430000358C
:10083000632240B96300024B800180520202805261
:100840006308C61A7FD43F710030821AEBFFFF178E
:10085000FD7BB7A922200091FD030091F35301A96C
:10086000F40300AAF30301AAE0430191E1C300915C
:10087000F51300F991FFFF9700050035660A40B9AE
:10088000F503002A00F74F9000A01991DF80007156
:1008900021010054E17740B9610E00B9E17340B91C
:1008A000612E00B941010035010440F9612E00B903
:1008B00007000014E1CF4079610E00B9E13340F93F
:1008C000219C58D3612E00B9A1FEFF34E1BF4079CD
:1008D000E3834139620E40B9633200B96122007985
:1008E000E47741396304021B631600B9E52F40F930
:1008F00064360079A29C58D362320079E10302AADF
:10090000020840F93F0002EB40010054200000F0D3
:100910000080109170B6FF97B5008012F35341A983
:10092000E003152AF51340F9FD7BC9A8C0035FD683
:10093000A4000035200000F0002C119166B6FF974E
:10094000F6FFFF17807C011B1F404071E900005437
:10095000E103002A2200A052200000F0009411912F
:100960005DB6FF97EDFFFF1784781F53DF8000719E
:1009700021030054E07F40B96300044B631E00B9BB
:10098000602A00B900008012602200B9C0008052C5
:100990007F4A0039217C001B000880D221FC001115
:1009A00021347A92C894FF97600200F960FBFFB48B
:1009B000930200F9602A40B980020129602A40B9F7
:1009C000807E0229200080D2800E00F99F1200F95B
:1009D000D3FFFF17E23340F900008052425C48D356
:1009E00042E87BD34208C19A622600B94200044B18
:1009F0004200030B621E00B9E2FFFF17FD7BBDA999
:100A0000FD030091F35301A9F51300F915F74F9079
:100A1000021040F942FC009142E47A9242000191B6
:100A2000FF6322CBA06603F9F3FF0091020C80D292
:100A300073E67A9200F74F9000A01991F2B0FF97F9
:100A4000E20313AA21008052000080524CFEFF975F
:100A50001F04007120010054BF6603F914008012C6
:100A6000BF030091E003142AF35341A9F51340F9A1
:100A7000FD7BC3A8C0035FD660FA0791420080D215
:100A8000210000F0213C129112B1FF97F403002ADB
:100A900040FEFF352100009060DA0091217823911B
:100AA000620080D20BB1FF97C0FDFF34210000909F
:100AB000604A019121882391A20080D205B1FF975D
:100AC00000FDFF34E5FFFF17FD7BB8A902F74F904B
:100AD000FD0300915F6403F9E2830091F35301A9E0
:100AE000F30300AAF403012AFFB6FF974002003483
:100AF00054010034620640B9E103142A200000F0DA
:100B000000481291F4B5FF9700008012F35341A9F9
:100B1000FD7BC8A8C0035FD6600E40F9FF0302A9A1
:100B2000601240F9E01B00F9FFE30039FF6301396F
:100B3000FF7B00B9E1830091E00313AAB0FFFF97A8
:100B4000F3FFFF17FD7BBDA9FD030091F35301A93E
:100B5000F30300AAF55B02A9001440B9E0000034D9
:100B6000150080D2F35341A9E00315AAF55B42A911
:100B7000FD7BC3A8C0035FD6630240F9F60301AA58
:100B8000621240B9601A40B974344079827E021B07
:100B9000A0040034600840B91F8000714004005474
:100BA000601440B9632440B94000000B6200024B5E
:100BB0009F02026B9492821A75020691E103142A35
:100BC000E20315AAEEFDFF97C0FCFF37600240F973
:100BD00000304079007C141BC00200B9601A40B993
:100BE000611240B9610E00B940020034620240F95E
:100BF000400840B91F800071C00100542104001159
:100C0000611200B940344079007C011B412440B995
:100C10001F00016B83FAFF5420008052601600B958
:100C2000D1FFFF17601C40B94000000BE3FFFF1726
:100C3000600240F9EBFDFF97601200B91F040071DC
:100C4000C9FEFF54610240F9210840B93F8000719C
:100C5000C00000543F40007102FE815201FE9F52CD
:100C60002100821AEBFFFF17E15F1C32E9FFFF173B
:100C7000FD7BBDA9FD030091F30B00F9F30300AA6E
:100C8000011C40B941020035E1B30091AEFFFF976E
:100C9000800000B57F1200F9000080D20900001426
:100CA000E12F40B9217C055321040051611E00B998
:100CB000601200F9601240F901004039E1FEFF3492
:100CC000F30B40F9FD7BC3A8C0035FD6001040F9C9
:100CD00021040051611E00B900800091F5FFFF174B
:100CE000FD7BBAA9FD030091F35301A9F30300AA08
:100CF000F55B02A9F76303A9F92300F91FA400F922
:100D0000E00313AADBFFFF97F40300AA200100B55C
:100D1000000080527F1A00F9F35341A9F55B42A904
:100D2000F76343A9F92340F9FD7BC6A8C0035FD64A
:100D3000601E40B9610E40B960060529601240F995
:100D4000601A00F9820240395F940371A0FDFF54DC
:100D5000812E403981041836210C00123F3C00716D
:100D600001FDFF54E2FC373615004039F40300AAB8
:100D700019344039F6430191B57A191277E200919E
:100D8000020080D2B5060051BF060031A108005410
:100D9000800240391F9403710418457A20FBFF54E8
:100DA00062C2228B010080D2000080525FE00039D5
:100DB000027C0153401C002A826A613821040091A0
:100DC0000000020B001C00123F2C00F121FFFF5419
:100DD0003F03006B61F9FF5454F9FFB460E20091E6
:100DE00060A600F976E20491E10314AAF50316AABD
:100DF000E00316AA020180D203B0FF977F020539F3
:100E0000A1024039E01B80523F00006AE109005412
:100E10008032403980001836A102164BE00316AA32
:100E200047FDFF9781224039E01B80523F00006A56
:100E300060020054F70315AAC00580528122009178
:100E4000620080D2E0160038E00317AAEEAFFF97E9
:100E50008032403980002036E00317AA610080D23A
:100E600037FDFF97BF120039F50317AAA1024039D9
:100E7000E01B80523F00006AC1060054BF020039E7
:100E800060E244391F940371810600547FE2043903
:100E900060A640F9C00600B4200080529FFFFF17F3
:100EA00083060091000080D201F87FD36168613829
:100EB0000168363881020034000400911F1400F1EB
:100EC00041FFFF54813A009123004039C3CA2038C2
:100ED000A301003400040011210800911F2C0071AF
:100EE00041FFFF5481724039E16F0139C100003484
:100EF000807A4039E07301391F000071E0079F1AC2
:100F0000003000115800000B1FFF0371ACEFFF54BD
:100F1000147C4093E10317AAE0C2208BD5AFFF9762
:100F2000E20314AAE10316AAE00317AAB6AFFF97DB
:100F3000E00313AA4FFFFF97F40300AA20EEFFB4CB
:100F4000027F409390FFFF17B5060091ADFFFF179A
:100F5000B5060091C6FFFF171F140071A1F9FF54D9
:100F60004003801260E20439CAFFFF1776A600F939
:100F7000CAFFFF17FD7BBBA9FD030091F35301A935
:100F8000F30300AAF55B02A9F50301AAF76303A91D
:100F9000F703022AF96B04A91AE00491990B805215
:100FA000F40315AA80024039800000341FBC007190
:100FB0000410597A80010054E00314AA45AFFF974A
:100FC000000500B55701083720008012F35341A9EE
:100FD000F55B42A9F76343A9F96B44A9FD7BC5A85A
:100FE000C0035FD694060091EFFFFF170000805208
:100FF000F7FFFF17B5060091A002403980000034CA
:101000001FBC00710410597A61FFFF54601A40B987
:1010100000050034A20214CB5F0400F16102005409
:10102000210000D021D81291E00314AA12AFFF973B
:1010300000040035600240F9012840B961860129A9
:10104000002840B9600A00B97F1600B97F1E00B9B8
:101050007F1200F9A002403940FAFF35DAFFFF178E
:10106000F50314AAE5FFFF175F0800F12102005401
:10107000210000D021D41291ECFFFF170100805213
:101080002C000014402840B960820129402840B952
:10109000600A00B9200080522B000014A0024039E1
:1010A00040F9FF3557FA073760028012C8FFFF1773
:1010B000B80214CBE00313AA0AFFFF9760F8FF34CD
:1010C00060A640F903AFFF971F0300EB61A640F94C
:1010D0000023809A167C4092E00314AAE20316AA29
:1010E000B6AEFF972001003460A640F91F001AEB4E
:1010F00020FEFF54E20316AAE1031AAAE00314AA91
:10110000AEAEFF9780FDFF35611240F9202C4039CB
:1011100060FC2736620240F920344079430840B928
:101120007F800071C1FAFF5421284079213C10537F
:101130000000010B600A00B960FAFF3460820129E7
:10114000000080527F8202297F1E00B97F1200F9C1
:1011500094FFFF17FD7BB5A9FD030091F76303A979
:10116000F80301AA013080D2F70302AA2100A0F2FD
:10117000F35301A9F30300AA000880D2F55B02A98A
:10118000F96B04A9FA0303AAF90304AAFB7305A9DE
:10119000CD92FF97801800B4FC0300AAE1E301910F
:1011A000ACFDFF97F503002AC0050035E10313AA43
:1011B000E0031CAA220080526FFFFF97F503002A6C
:1011C000C0040035811340F9E28340B9F627417924
:1011D000202840795F800071341C40B93334407955
:1011E000003C10533F0300F9E123417900009F1AAE
:1011F000FF0214EB2A0300545F0300F18D0000543A
:10120000FA021A8B9F021AEB94D29A9AD67E011B8D
:101210007302000B1BFE9F52FA0316AAFF021AEB81
:101220004A030054DA021ACB5403148BF7021AABA8
:10123000800A0054DF0214EB000880D2DAD2949ABC
:1012400041FF009121E47A929F92FF97FB0300AA4D
:10125000800400B515008012E03F40F94C90FF97E4
:10126000E0031CAA4A90FF97F35341A9E003152A13
:10127000F55B42A9F76343A9F96B44A9FB7345A940
:10128000FD7BCBA8C0035FD6E103132AE0E3019105
:1012900054FCFF97F303002A1F04007102FE8152E1
:1012A000A8000054200000D000E012910AB4FF977B
:1012B000E9FFFF17E08340B91F800071E000005490
:1012C0001F4000716003821A7F02006BC2FEFF5450
:1012D0005A03168BD2FFFF17E05F1C32FBFFFF178C
:1012E000E20300AAE3031AAAE103132AE0E301914F
:1012F00094FCFF97E0000034200000D0002C1391F4
:10130000F5B3FF97E0031BAA2190FF97D2FFFF17C9
:1013100094021ACB5A0317CBE2031AAA6103178B64
:10132000E00318AAB8AEFF97E0031BAA1890FF9736
:10133000200340F900001A8B200300F9F4F8FFB4F1
:10134000E103132AE0E3019118031A8B25FCFF97B0
:10135000F303002A1F04007169FAFF54E08340B9C7
:101360001F800071C00200541F40007101FE8152B5
:1013700000FE9F520000811A7F02006B42F9FF5469
:10138000FB0316AAF703132A1AFE81527F0314EBFC
:10139000AB010054837E4093E20318AAE103132AB1
:1013A000E0E3019167FCFF97A0020035200340F9BC
:1013B0000000148B200300F9A8FFFF17E05F1C3228
:1013C000EEFFFF17E103172AE0E3019105FCFF9709
:1013D00001040051FF02016B80010054637F4093C0
:1013E000E20318AAE103132AE0E30191E33700F9CD
:1013F00054FCFF97E33740F960020034200000D02E
:10140000002C1391AAFFFF171F040071C9F4FF54A9
:10141000E18340B93F800071200100543F400071DA
:1014200001FE9F5221009A1A1F00016BC2F3FF5464
:101430007B03168BF703002AD5FFFF17E15F1C32F1
:10144000FAFFFF17200340F9E103172A94021BCB90
:1014500018031B8B0000038B200300F9E0E30191CC
:10146000E0FBFF97F303002A1F040071C9F1FF544A
:10147000E08340B91F800071200100541F400071BB
:1014800000FE9F5200009A1A7F02006BC2F0FF54C8
:10149000FB0316AAE003132AE7FFFF17E05F1C32E5
:1014A000FAFFFF177501801270FFFF1700000000A0
:1014B000D8830200000000008883020000000000C2
:1014C0008883020000000000388302000000000052
:1014D000E882020000000000D88302000000000043
:1014E0008883020000000000388302000000000032
:1014F000E882020000000000988202000000000064
:1015000098820200000000004882020000000000F3
:101510004882020000000000088202000000000073
:10152000C881020000000000C88102000000000025
:1015300088810200000000004881020000000000D5
:101540000882020000000000C881020000000000C4
:1015500088810200000000004881020000000000B5
:101560000881020000000000088102000000000065
:10157000C880020000000000C880020000000000D7
:101580005F5F02000000000000000000000000009B
:10159000000000000000000000000000000000004B
:1015A00000690200000000000000000000000000D0
:1015B00011690200000000000000000000000000AF
:1015C000266902000000000000000000000000008A
:1015D0003869020000000000000000000000000068
:1015E0004E69020000000000000000000000000042
:1015F00000000000000000000000000000000000EB
:10160000683102000000000000000000000000003F
:10161000793102000000000000000000000000001E
:1016200000000000000000000000000000000000BA
:1016300058E800000000000044E90000000000003D
:10164000D8E80000000000000000000000000000DA
:101650000000000000000000EB6402000000000039
:101660009C23020000000000F9640200000000005A
:101670000000000000000000EE6302000000000017
:10168000000000000000000000000000000000005A
:10169000000000000000000000000000000000004A
:1016A00014BB01000000000084BE01000000000027
:1016B000000000000000000000000000000000002A
:1016C000000000000000000000000000000000001A
:1016D000000000000000000000000000000000000A
:1016E00000000000000000000000000000000000FA
:1016F00098160200000000007CBC01000000000001
:10170000C0BA01000000000000000000000000005E
:1017100000000000000000000000000000000000C9
:10172000484B020000000000000000000000000024
:1017300000000000000000000000000000000000A9
:101740000000000000000000000000000000000099
:101750000000000000000000F8FD00000000000094
:101760000000000000000000000000000000000079
:101770000000000000000000000000000000000069
:1017800049610200000000000000000000000000AD
:101790000000000000000000000000000000000049
:1017A0000000000000000000000000000000000039
:1017B000000000000000000058FD000000000000D4
:1017C0000000000000000000000000000000000019
:1017D00048FD00000000000048FD0000000000007F
:1017E00000000000000000000000000000000000F9
:1017F000000000000000000050FD0000000000009C
:1018000000000000000000000000000000000000D8
:1018100000000000000000000000000000000000C8
:10182000D972020000000000E07202000000000017
:10183000CC72020000000000D7720200000000001D
:10184000DE72020000000000E572020000000000ED
:10185000866E0200000000004073020000000000DD
:101860000000000000000000000000000000000078
:101870000000000000000000D0FF01000000000098
:1018800094FE01000000000060FE01000000000066
:101890000000000000000000000000000000000048
:1018A0000000000000000000946C01000000000037
:1018B000246501000000000000000000000000009E
:1018C0000000000000000000000000000000000018
:1018D0000000000000000000000000000000000008
:1018E00000000000000000000000000000000000F8
:1018F00000000000000000000F6702000000000070
:10190000A8D60100000000001F67020000000000D0
:10191000A8D60100000000003567020000000000AA
:10192000A8D60100000000004B6702000000000084
:10193000A8D601000000000061670200000000005E
:10194000A8D6010000000000776702000000000038
:10195000A8D60100000000008C6702000000000013
:1019600004D70100000000009F6702000000000093
:10197000A8D6010000000000B067020000000000CF
:10198000A8D6010000000000C967020000000000A6
:10199000F8D6010000000000D96702000000000036
:1019A00004D7010000000000E96702000000000009
:1019B000A8D6010000000000FD6702000000000042
:1019C000A8D60100000000000E6802000000000020
:1019D000A8D60100000000001E6802000000000000
:1019E000A8D60100000000002F68020000000000DF
:1019F000A8D60100000000003F68020000000000BF
:101A0000A8D6010000000000000000000000000057
:101A1000000000000000000054D801000000000099
:101A20000000000000000000D4DC01000000000005
:101A300000000000000000000000000000000000A6
:101A40000000000000000000000000000000000096
:101A50000000000000000000000000000000000086
:101A600000000000000000007CDF0100000000001A
:101A7000181A02000000000098D8010000000000C1
:101A800070D801000000000000000000000000000D
:101A90000000000000000000000000000000000046
:101AA00000000000000000003F7102000000000084
:101AB000010000000000000054710200000000005E
:101AC000020000000000000073710200000000002E
:101AD0000300000000000000887102000000000008
:101AE0000800000000000000A771020000000000D4
:101AF0000900000000000000D17102000000000099
:101B00000A00000000000000037202000000000054
:101B10000B00000000000000357202000000000011
:101B20000C000000000000006672020000000000CF
:101B30000D0000000000000097720200000000008D
:101B4000CB4902000000000021410200000000001B
:101B500013410200000000000741020000000000E5
:101B60000000000000000000A94602000000000084
:101B7000BA46020000000000C94602000000000052
:101B8000D946020000000000EB4602000000000001
:101B9000FB460200000000000E47020000000000AB
:101BA0001F47020000000000314702000000000053
:101BB00042470200000000005547020000000000FC
:101BC0006A470200000000007C470200000000009D
:101BD0008D470200000000009F4702000000000047
:101BE000B047020000000000C347020000000000F0
:101BF000D6470200000000003F6102000000000024
:101C000000000000000000000000000000000000D4
:101C100000000000000000000000000000000000C4
:101C200000000000000000000000000000000000B4
:101C300000000000000000000000000000000000A4
:101C4000000000000000000084A901000000000066
:101C5000A4A9010000000000000000000000000036
:101C60000000000000000000000000000000000074
:101C700000000000000000005561020000000000AC
:101C80000000000000000000000000000000000054
:101C90000000000000000000D4A8010000000000C7
:101CA0000000000000000000000000000000000034
:101CB0000000000000000000A4A8010000000000D7
:101CC00000000000000000007CA8010000000000EF
:101CD0004CA801000000000000000000000000000F
:101CE00000000000000000000000000000000000F4
:101CF0000000000000000000AE4B020000000000E9
:101D00000000000000000000B94B020000000000CD
:101D100000000000000000000000000000000000C3
:101D20000000000000000000C04C020000000000A5
:101D300000000000000000000000000000000000A3
:101D40000000000000000000000000000000000093
:101D50000000000000000000C0330100000000008F
:101D60003433010000000000BC320100000000001C
:101D700050320100000000000432010000000000A9
:101D80000000000000000000000000000000000053
:101D90000000000000000000886102000000000058
:101DA0000000000000000000000000000000000033
:101DB000000000000000000064AB01000000000013
:101DC000C8AA0100000000000000000000000000A0
:101DD0000000000000000000000000000000000003
:101DE0000000000000000000A0AA010000000000A8
:101DF00070AA0100000000000000000000000000C8
:101E000000000000000000000000000000000000D2
:101E10000000000000000000204A02000000000056
:101E200000000000000000000000000000000000B2
:101E3000000000000000000000430100000000005E
:101E40000000000000000000000000000000000092
:101E50001860010000000000000000000000000009
:101E60003CE1010000000000F361020000000000FE
:101E70000000000000000000FB6102000000000004
:101E800000000000000000000462020000000000EA
:101E900001000000000000001862020000000000C5
:101EA00000000000000000002C62020000000000A2
:101EB00000000000000000003D6202000000000081
:101EC0000000000000000000000000000000000012
:101ED00000000000000000003CB201000000000013
:101EE00074B001000000000018B101000000000003
:101EF0000000000000000000B0B001000000000081
:101F000000000000000000000000000000000000D1
:101F100078B101000000000004AF010000000000E3
:101F2000BB4D0200000000000000000000000000A7
:101F3000A14D0200000000000000000000000000B1
:101F4000AE4D020000000000000000000000000094
:101F50000000000000000000000000000000000081
:101F6000934B020000000000000000000000000091
:101F700060540200000000000000000000000000AB
:101F80007954020000000000000000000000000082
:101F90008454020000000000000000000000000067
:101FA0004A54020000000000000000000000000091
:101FB0000000000000000000000000000000000021
:101FC00000000000000000009C85010000000000EF
:101FD0000000000000000000000000000000000001
:101FE00000000000000000000000000000000000F1
:101FF00000000000000000000000000000000000E1
:1020000000000000000000000000000000000000D0
:1020100097540200000000000000000000000000D3
:10202000B9540200000000000100000000000000A0
:10203000D554020000000000020000000000000073
:10204000F754020000000000030000000000000040
:10205000195502000000000004000000000000000C
:102060003B550200000000000500000000000000D9
:102070005D550200000000000700000000000000A5
:102080008055020000000000080000000000000071
:102090009D550200000000000B0000000000000041
:1020A000B6550200000000000C0000000000000017
:1020B000D5550200000000000D00000000000000E7
:1020C000AC710100000000000000000000000000F2
:1020D0006073010000000000447C0100000000006B
:1020E00000000000000000005C7201000000000021
:1020F000000000000000000060710100000000000E
:10210000E471010000000000000000000000000079
:1021100000000000000000000000000000000000BF
:10212000674B0200000000000000000000000000FB
:10213000000000000000000000000000000000009F
:10214000364D02000000000000000000000000000A
:10215000000000000000000000000000000000007F
:102160004F510200000000000000000000000000CD
:10217000000000000000000000000000000000005F
:102180008B2F020000000000000000000000000093
:10219000000000000000000000000000000000003F
:1021A000000000000000000000000000000000002F
:1021B000000000000000000098FC0100000000008A
:1021C000ECFC010000000000000000000000000026
:1021D000AE5E0200000000000000000000000000F1
:1021E00000000000000000000000000000000000EF
:1021F0008C900100000000004490010000000000ED
:1022000074910100000000006091010000000000D6
:10221000D00D000000000000180E000000000000BB
:102220000000000000000000B939020000000000BA
:10223000303E020000000000190000000000000015
:102240003B3E020000000000503E02000000000083
:102250000500000000000000653E020000000000D4
:102260006B3E0200000000000200000000000000C1
:10227000713E020000000000783E020000000000F5
:1022800016000000000000007F3E02000000000079
:10229000833E020000000000170000000000000064
:1022A0008C3E020000000000923E02000000000090
:1022B0001200000000000000993E02000000000033
:1022C0009F3E0200000000001A0000000000000015
:1022D0004C3C020000000000A53E0200000000008F
:1022E00011000000000000000038020000000000A3
:1022F000C33E0200000000000E00000000000000CD
:10230000CA3E020000000000D23E020000000000B1
:102310001000000000000000DA3E02000000000093
:10232000DE3E0200000000001B0000000000000074
:10233000E23E020000000000EA3E02000000000051
:102340001C00000000000000F93E02000000000038
:10235000FD3E0200000000001D0000000000000023
:102360000A3F0200000000000E3F020000000000D3
:10237000FFFFFFFF000000002B54020000000000E0
:102380002B54020000000000EFBEADDEEFBEADDE5C
:10239000EFBEADDEEFBEADDEEFBEADDE0000000095
:1023A0000100000088000000000000008C00000018
:1023B0009000000094000000000000009800000061
:1023C00000000000880000008C0000009000000069
:1023D00094000000980000009C000000A000000095
:1023E000A400000000000040010000000600000002
:1023F0000000002001000000050000000000004077
:1024000000000000020000000000002000000000AA
:1024100001000000000000100000000000000000AB
:1024200010270000A086010040420F00809698000F
:10243000000000000000000000000000000000009C
:1024400040787D0180BA8C0180F0FA020075190392
:102450000075190340787D0180F0FA0200E1F5056E
:1024600080F0FA0200D4650C00C2EB0B00C2EB0B4B
:1024700000C2EB0BB30000000100000001000000EF
:10248000E600000001000000010000000300000061
:102490004A0000007F000000070000004A00000022
:1024A0007F00000004000000000000600000000049
:1024B00003000000000000700000000001000000A8
:1024C000000000700000000000000000000000702C
:1024D000000000000000044000010440000204402D
:1024E00000030440000404400104044000050440CB
:1024F0000000054000010540090000000000003018
:102500001300000007000000000000300000000081
:10251000080000000000003000000000060000007D
:102520000000003000000000020000000000003049
:102530000000000005000000000000300000000066
:10254000000000000000003000000000000106084C
:10255000010006080A0A0C0C0000800017007D002C
:10256000250080008000800080008000360036005A
:102570003600360080002E00800080002E00800093
:102580007D007D0020BB150000000300000001005D
:1025900020000001000000004100000020BA1600E9
:1025A00000000300000001004000000100000000E6
:1025B0004000000020BB16000000030000000100E6
:1025C00040000001000000004000000020BA170099
:1025D0000000030000000100800000010000000076
:1025E0004100000020BB17000000030000000100B4
:1025F00080000001000000004100000020BB180026
:1026000000000300000001000001000100000000C4
:102610004100000020BA1800000003000000010083
:1026200000010001000000004100000020BA191064
:10263000440006000000010000020001000000004C
:10264000E108000020BA19000000030000000100AA
:102650000002000100000000E100000020BB191092
:10266000440006000000010000020001000000001C
:10267000C108000020BB1900000003000000010099
:102680000002000100000000C100000020BB180093
:102690000000030000000100000100010000000034
:1026A000C100000020BB2010440006000000010013
:1026B0000004000100000000E108000020BB200031
:1026C0000000030000000100000400010000000001
:1026D000C100000020BA20104400060000000100E4
:1026E0000004000100000000C108000020BA200022
:1026F00000000300000001000004000100000000D1
:10270000C100000020BA2100000003000000010009
:102710000008000100000000C110000020BB2100E3
:10272000000003000000010000080001000000009C
:10273000C110000021BA20000000030000000100C9
:102740000008000100000000C110000020BB2110A3
:102750004400060000000100000800010000000025
:10276000C118000020BB220000000300000001008F
:102770000010000100000000C110000020BA22007B
:102780000000030000000100001000010000000034
:10279000C11800002C5B1B10410006000000020065
:1027A0000004000100000000801801002C5B1C00E8
:1027B000000003000000020000080001000000000B
:1027C000801801000102154D000005000000010005
:1027D0004000000100000000600000000102164DF2
:1027E0000000050000000100800000010000000062
:1027F000600000000102194D008006000000040086
:102800008000000100000000604000000102194D3E
:10281000018006000000010000020001000000002D
:10282000604000000102204D00800600000004000E
:102830000001000100000000604000000102174D8F
:10284000018106000000010080000001000000007E
:10285000604000000120184D0181060000000100C9
:102860000001000100000000604000000102194D5D
:1028700001810600000001000002000100000000CC
:10288000604000000102204D0081060000000400AD
:102890000001000100000000604000000102204D26
:1028A000000005000000040000010001000000001D
:1028B000604000000102204D010005000000010001
:1028C0000004000100000000604000000102204FF1
:1028D00000000500000004000001000100000000ED
:1028E000604000000102214D0000050000000400CE
:1028F0000002000100000000600000000120180339
:10290000000005000000040040000001000000007D
:102910000000000001201803010005000000010074
:102920000001000100000000000000000120184D1F
:10293000018006000000010000010001000000000D
:10294000604000000120184D000005000000040058
:102950004000000100000000604000000120184D10
:10296000010005000000010000010001000000005E
:10297000604000000102130000000300000001009D
:10298000100000010000000000000000010214001F
:102990000000030000000100200000010000000012
:1029A000000000000102150000000300000001000B
:1029B00040000001000000000000000001021600BD
:1029C0000000030000000100800000010000000082
:1029D000000000000140150000000300000001009D
:1029E000200000010000000061000000014017000D
:1029F0000000030000000100800000010000000052
:102A0000010000000140140000000300000001006C
:102A1000100000010000000021000000016017000C
:102A20000000030000000100800000010000000021
:102A300061080000016018000000030000000100B0
:102A400000010001000000006108000001601900A1
:102A5000000003000000010000020001000000006F
:102A600061080000342A1A0F0390060000000400D9
:102A7000000100010000000060480000342A1B0F24
:102A800003900600000004000002000100000000A6
:102A900060480000342A1C0F00900600000004006B
:102AA000000400010000000060180000342B1A0F21
:102AB0000390060000000400000100010000000077
:102AC00060480000342B1B0F039006000000040038
:102AD000000200010000000060480000342B1C0FC1
:102AE0000090060000000400000400010000000047
:102AF00060180000342B190F089006000000020037
:102B0000000100010000000040080000202011002A
:102B1000000003000080000004000001000000002D
:102B2000000000002020120000000300000001004F
:102B3000040000010000000000000000202013003D
:102B40000000030000000100080000010000000078
:102B5000000000002020140000000300000001001D
:102B600010000001000000000000000020201500FF
:102B70000000030000000100200000010000000030
:102B800000000000202016000000030000000100EB
:102B9000400000010000000000000000202017009D
:102BA00000000300000001008000000100000000A0
:102BB00000000000202018000000030000000400B6
:102BC000400000010000000000000000208015000F
:102BD00000000300000001002000000100000000D0
:102BE000010000002071150000000300000001003A
:102BF00020000001000000006100000020711700AB
:102C0000000003000000010080000001000000003F
:102C100000000000000000000000000000000000B4
:102C2000000000000000000000000000000026017D
:102C3000D0FFD0FFD0FFD0FF2B01D0FFD0FFD0FFBF
:102C4000D0FFFA0043014E00D0FFD0FF3400D0FF88
:102C50002C01D0FFD0FF2301000000000100F4FD93
:102C60000200F4FDF4FDF4FD03000001020304057D
:102C7000060708090A0B0C0D0E0F030201000504DC
:102C8000070608090A0B0C0D0E0F030B1B66647474
:102C90005F66697875705F6D656D6F72795F62618F
:102CA0006E6B730073706C5F6E6F64655F746F5FE3
:102CB000626F6F745F6465766963650073706C5FE3
:102CC00072656769737465725F6661745F64657667
:102CD000696365006669745F66696E645F636F6EE1
:102CE0006669675F6E6F646500736F6366706761C6
:102CF0005F64747265675F70726F626500736468A9
:102D000063695F63646E735F7365745F74756E652A
:102D10005F76616C00626973745F6D656D5F696E8B
:102D200069745F62795F6164647200626F6172648A
:102D30005F626F6F745F6F72646572006C6F616465
:102D40005F73696D706C655F6669740073706C5F4A
:102D50006C6F61645F696D6167655F666174006176
:102D600064645F6D74645F646576696365006F7544
:102D7000745F6F665F62616E645F626973745F6DDA
:102D8000656D5F696E69745F7374617274007370EE
:102D90006C5F6C6F61645F73696D706C655F6669B1
:102DA00074006664745F7265636F72645F6C6F61F8
:102DB0006461626C65006563635F696E74657272FD
:102DC0007570745F737461747573006563635F65B8
:102DD0006E61626C655F73746174757300676574AE
:102DE0005F6D656D5F77696474685F696E666F00BB
:102DF0006664745F66696E645F6F725F6164645F6E
:102E00007375626E6F6465006765745F6D656D5F95
:102E1000746563686E6F6C6F677900696E69745F63
:102E20006D656D5F63616C00696F3936625F636108
:102E30006C5F7374617475730069735F6D61696C45
:102E4000626F785F737065635F636F6D70617469E3
:102E5000626C6500696F3936625F6D625F726571C1
:102E6000000808080808080808082828282828084A
:102E700008080808080808080808080808080808D2
:102E800008A01010101010101010101010101010BA
:102E900010040404040404040404041010101010AA
:102EA0001010414141414141010101010101010174
:102EB00001010101010101010101010110101010C6
:102EC0001010424242424242020202020202020246
:102ED000020202020202020202020202101010109A
:102EE00008000000000000000000000000000000DA
:102EF00000000000000000000000000000000000D2
:102F000000A0101010101010101010101010101041
:102F100010101010101010101010101010101010B1
:102F20001001010101010101010101010101010182
:102F30000101010101010101100101010101010172
:102F40000202020202020202020202020202020261
:102F50000202020202020202100202020202020243
:102F600002626F6172645F257500515350493A20C7
:102F70005265666572656E636520636C6F636B2076
:102F80006174202564206B487A0A00616C74722C8D
:102F90007273742D6D677200277379736D67722772
:102FA00020616C696173206E6F7420666F756E644A
:102FB00020696E2064657669636520747265650AB0
:102FC00000416C746572612073797374656D206D56
:102FD000616E6167657220696E6974206661696CF3
:102FE00065643A2025640A004D5055202020202099
:102FF000202025313064206B487A0A004C34204D63
:1030000061696E0920202020253864206B487A0AE7
:10301000004C34207379732066726565202538640E
:10302000206B487A0A004C34204D5020202020206C
:103030002020253864206B487A0A004C34205350F5
:1030400020202020202020253864206B487A0A0088
:1030500053444D4D4320202020202020253864203B
:103060006B487A0A005761726D20005B66726F6D63
:103070002053444D5D2000436F6C640057617463BE
:1030800068646F67004D5055005265736574207316
:10309000746174653A20257325730028547269673A
:1030A0006765726564206279202573202564290A8A
:1030B000002573206465765F726561645F61646496
:1030C000722829206661696C65640A0025732046B0
:1030D00061696C656420746F207265616420737926
:1030E0007374656D206D616E616765722061742017
:1030F0006C6F7765722070726976696C65676520A0
:10310000616E6420776974686F757420424C333146
:103110000A002573204661696C656420746F20770E
:103120007269746520746F2073797374656D206D96
:10313000616E61676572206174206C6F77657220C3
:1031400070726976696C65676520616E6420776965
:1031500074686F757420424C33310A00616C74726C
:103160005F7379736D677200616C74722C7379731D
:103170002D6D67722D73313000616C74722C737910
:10318000732D6D6772002F63686F73656E00257312
:103190003A202F63686F73656E206E6F7420666FC0
:1031A000756E642C207573696E6720646566617541
:1031B0006C740A0025733A206C696D69742025646B
:1031C00020746F2073706C5F626F6F745F6C6973D3
:1031D000742065786365656465640A006465766972
:1031E00063655F747970650025733A20756E6B6E48
:1031F0006F776E206465766963655F7479706520AA
:1032000025730A00752D626F6F742C73706C2D62BC
:103210006F6F742D6F726465720025733A2073703E
:103220006C2D626F6F742D6F7264657220696E769B
:10323000616C69642C207573696E672064656661D2
:10324000756C740A0025733A206E6F2076616C6984
:103250006420656C656D656E742073706C2D626F93
:103260006F742D6F72646572206C6973740A0073D9
:103270006F63667067612D736D6D752D7365637512
:1032800072652D636F6E6669670048505320534D19
:103290004D55207365637572652073657474696E2E
:1032A000677320696E6974206661696C65643A2091
:1032B00025640A00736F63667067612D6363752D03
:1032C000636F6E666967004850532043435520730F
:1032D000657474696E677320696E697420666169CC
:1032E0006C65643A2025640A00736F6366706761D9
:1032F0002D6669726577616C6C2D636F6E666967A8
:1033000000485053206669726577616C6C20736564
:103310007474696E677320696E6974206661696C84
:1033200065643A2025640A006664745F726F6F7486
:103330003A2025730A0053504C3A206664745F7338
:103340006872696E6B5F746F5F6D696E696D756DC4
:1033500020657272202D2025640A0053504C3A20BB
:10336000617263685F66697875705F666474206512
:103370007272202D2025640A0053504C3A2043617C
:103380006E6E6F742073657420757020626C6F624E
:103390006C6973740A0053504C3A2043616E6E6F2F
:1033A00074207365742075702053504C2068616ED2
:1033B000646F66660A00547279696E6720746F20C4
:1033C000626F6F742066726F6D2025730A004572FC
:1033D000726F723A2025640A0053504C3A20556EA1
:1033E000737570706F7274656420426F6F742044DF
:1033F0006576696365210A0053504C3A206661691D
:103400006C656420746F20626F6F742066726F6DDC
:1034100020616C6C20626F6F7420646576696365EF
:10342000730A0053504C3A2053504C2068616E642C
:103430002D6F6666207772697465206661696C65B8
:103440006420286572723D2564290A005761726EF6
:10345000696E673A204661696C656420746F206606
:10346000696E69736820626C6F626C69737420287E
:103470007265743D2564290A000A552D426F6F74E8
:103480002053504C20323032362E303120284D61BE
:10349000722032372032303236202D2030333A310C
:1034A000333A3032202B30303030290A0063616EDD
:1034B0006E6F742066696E6420696D616765206E49
:1034C0006F646520272573273A2025640A0043612D
:1034D0006E2774206C6F61642025733A204E6F2034
:1034E0006C6F6164206164647265737320616E64E3
:1034F000206E6F206275666665720A0025733A2039
:10350000536B6970206C6F616420272573273A2004
:10351000696D6167652073697A6520697320302160
:103520000A0043616E6E6F742067657420696D6177
:10353000676520646174612F73697A650A002323CB
:1035400020436865636B696E6720686173682865EE
:10355000732920666F7220496D616765202573208D
:103560002E2E2E20004F4B0A0066647400436F75A8
:103570006C64206E6F742067657420464954206225
:103580007566666572206F6620256C752062797499
:1035900065730A0009636865636B20434F4E4649B3
:1035A000475F53504C5F5359535F4D414C4C4F4311
:1035B0005F53495A450A00232320436865636B69BA
:1035C0006E6720686173682865732920666F7220B2
:1035D000636F6E666967202573202E2E2E20002FC4
:1035E000696D61676573006C6F616461626C6573BE
:1035F0000025733A2063616E2774206C6F6164202C
:10360000696D616765206C6F616461626C657320D0
:10361000696E6465782025642028726574203D20D9
:103620002564290A00617263680073706C3A207522
:103630006E737570706F72746564206D6D63206257
:103640006F6F74206465766963652E0A0073706C11
:103650003A20636F756C64206E6F7420696E6974B4
:1036600069616C697A65206D6D632E206572726F79
:10367000723A2025640A0073706C3A20636F756C8F
:1036800064206E6F742066696E64206D6D632064C3
:1036900065766963652025642E206572726F723AC3
:1036A0002025640A0073706C3A206D6D6320696E8A
:1036B0006974206661696C65642077697468206547
:1036C00072726F723A2025640A0073706C3A206D32
:1036D0006D6320706172746974696F6E20737769AD
:1036E000746368206661696C65640A0073706C3A83
:1036F000206D6D633A2077726F6E6720626F6F7412
:10370000206D6F64650A00752D626F6F742E697489
:1037100062004D4D43325F32004D4D4332004D4DFE
:103720004331002F6669742D696D616765730025EB
:10373000733A2066617420726567697374657220DC
:10374000657272202D2025640A0025733A20657267
:10375000726F722072656164696E6720696D61675E
:10376000652025732C20657272202D2025640A00A7
:103770005350492070726F6265206661696C6564A0
:103780002E0A00752D626F6F742C73706C2D706132
:10379000796C6F61642D6F66667365740053504970
:1037A0000052414D0061726368697465637475729B
:1037B0006500636F6D7072657373696F6E006F7013
:1037C00065726174696E672073797374656D0069E1
:1037D0006D616765207479706500627A6970320086
:1037E000677A6970006C7A6D61006C7A6F006C7A30
:1037F00034007A737464006E6F6E6500616E7900D8
:10380000752D626F6F7400552D426F6F7420706854
:103810006173650053504C20506861736500756E8C
:10382000636F6D7072657373656400627A6970327C
:1038300020636F6D7072657373656400677A697079
:1038400020636F6D70726573736564006C7A6D616F
:1038500020636F6D70726573736564006C7A6F209E
:10386000636F6D70726573736564006C7A34206386
:103870006F6D70726573736564007A73746420632E
:103880006F6D7072657373656400616973696D61F2
:10389000676500446176696E636920414953206918
:1038A0006D6167650066696C6573797374656D0039
:1038B00046696C6573797374656D20496D616765E0
:1038C00000666C61745F647400466C6174204465CA
:1038D000766963652054726565006770696D61671C
:1038E00065005449204B657973746F6E65205350A1
:1038F0004C20496D616765006B65726E656C004BAD
:1039000065726E656C20496D616765006B65726EEE
:10391000656C5F6E6F6C6F6164004B65726E656C99
:1039200020496D61676520286E6F206C6F61646946
:103930006E6720646F6E6529006B7762696D6167E1
:1039400065004B69726B776F6F6420426F6F7420F4
:10395000496D61676500696D78696D6167650046ED
:103960007265657363616C6520692E4D5820426FE6
:103970006F7420496D61676500696D7838696D61A4
:103980006765004E585020692E4D583820426F6FA1
:103990007420496D61676500696D78386D696D6186
:1039A0006765004E585020692E4D58384D20426FA3
:1039B0006F7420496D61676500696E76616C69643A
:1039C00000496E76616C696420496D616765006DC0
:1039D000756C7469004D756C74692D46696C652051
:1039E000496D616765006F6D6170696D6167650044
:1039F0005449204F4D41502053504C205769746812
:103A00002047502043480070626C696D6167650013
:103A1000467265657363616C652050424C20426F4D
:103A20006F7420496D6167650072616D6469736BC5
:103A30000052414D4469736B20496D6167650073A5
:103A400063726970740053637269707400736F639A
:103A500066706761696D61676500416C746572616C
:103A600020536F43465047412043562F4156207004
:103A700072656C6F6164657200736F636670676115
:103A8000696D6167655F763100416C7465726120B4
:103A9000536F434650474120413130207072656C6E
:103AA0006F61646572007374616E64616C6F6E65E2
:103AB000005374616E64616C6F6E652050726F6745
:103AC00072616D0075626C696D6167650044617655
:103AD000696E63692055424C20696D616765006DB0
:103AE0007873696D61676500467265657363616CC3
:103AF00065204D585320426F6F7420496D61676592
:103B00000061746D656C696D6167650041544D4578
:103B10004C20524F4D2D426F6F7420496D61676587
:103B2000007838365F7365747570007838362073A6
:103B3000657475702E62696E006C706333327878CC
:103B4000696D616765004C50433332585820426FAD
:103B50006F7420496D61676500726B696D6167659F
:103B600000526F636B6368697020426F6F74204905
:103B70006D61676500726B736400526F636B63689D
:103B8000697020534420426F6F7420496D616765EE
:103B900000726B73706900526F636B6368697020A9
:103BA00053504920426F6F7420496D6167650076FC
:103BB0007962726964696D616765005679627269DC
:103BC0006420426F6F7420496D616765007A796E79
:103BD00071696D6167650058696C696E78205A7902
:103BE0006E7120426F6F7420496D616765007A794C
:103BF0006E716D70696D6167650058696C696E788A
:103C0000205A796E714D5020426F6F7420496D615A
:103C10006765007A796E716D706269660058696CCB
:103C2000696E78205A796E714D5020426F6F742002
:103C3000496D616765202862696629006670676161
:103C4000004650474120496D616765007465650015
:103C50005472757374656420457865637574696F13
:103C60006E20456E7669726F6E6D656E7420496D5B
:103C7000616765006669726D776172655F69767408
:103C8000004669726D7761726520776974682048B3
:103C9000414276342049565400706D6D630054499A
:103CA00020506F776572204D616E6167656D656E3E
:103CB00074204D6963726F2D436F6E74726F6C6CFC
:103CC0006572204669726D776172650073746D3339
:103CD00032696D6167650053544D6963726F656C3D
:103CE000656374726F6E6963732053544D33322071
:103CF000496D616765006D746B5F696D6167650033
:103D00004D6564696154656B20426F6F74524F4D0D
:103D1000206C6F616461626C6520496D616765004C
:103D2000636F70726F00436F70726F636573736F50
:103D30007220496D6167650073756E78695F6567AC
:103D40006F6E00416C6C77696E6E65722065474FCF
:103D50004E20426F6F7420496D6167650073756E08
:103D600078695F746F633000416C6C77696E6E6563
:103D70007220544F433020426F6F7420496D616749
:103D800065006664745F6C6567616379006C656784
:103D900061637920496D61676520776974682046A1
:103DA0006C61742044657669636520547265652092
:103DB0000073706B67696D6167650052656E65734E
:103DC00061732053504B4720496D616765007366EE
:103DD00073706C0053746172466976652053504C61
:103DE00020496D616765007466612D626C33310036
:103DF00054464120424C333120496D616765007360
:103E0000746D3332696D61676576320053544D6964
:103E100063726F656C656374726F6E696373205350
:103E2000544D333220496D6167652056322E300083
:103E3000496E76616C6964204F530061726D2D7418
:103E40007275737465642D6669726D776172650051
:103E500041524D2054727573746564204669726DC9
:103E600077617265006C696E7578004C696E757863
:103E7000006E6574627364004E6574425344006F53
:103E8000736500456E6561204F534500706C616E2F
:103E90003900506C616E2039007274656D73005288
:103EA00054454D53005472757374656420457865AC
:103EB000637574696F6E20456E7669726F6E6D659D
:103EC0006E7400552D426F6F74007678776F726B49
:103ED00073005678576F726B7300716E7800514E95
:103EE00058006F70656E73626900524953432D56D6
:103EF000204F70656E53424900656669004546492A
:103F0000204669726D7761726500656C6600454C8C
:103F10004620496D61676500496E76616C69642071
:103F20004152434800616C70686100416C70686187
:103F30000061726D0041524D00496E74656C2078CD
:103F4000383600696136340049413634006D363800
:103F50006B004D36384B006D6963726F626C617A2D
:103F600065004D6963726F426C617A65006D6970BE
:103F700073004D495053006D6970733634004D49DC
:103F8000505320363420426974006E696F733200DA
:103F90004E494F5320494900706F77657270630036
:103FA000506F77657250430070706300733339301F
:103FB0000049424D205333393000537570657248C3
:103FC000007370617263005350415243007370611B
:103FD00072633634005350415243203634204269D4
:103FE0007400626C61636B66696E00426C61636B46
:103FF00066696E0061767233320041565233320088
:104000006E64733332004E44533332006F72316B3F
:10401000004F70656E524953432031303030007389
:10402000616E64626F780053616E64626F780061E4
:10403000726D3634004141726368363400414D443C
:10404000207838365F3634007874656E73610058B6
:1040500074656E73610072697363760052495343ED
:104060002D560025733A2025733A2025730A002522
:10407000733A206E756D2062616E6B73202564202B
:10408000657863656564732068617264636F6465F5
:1040900064206C696D69742025642E205265636FFD
:1040A0006D70696C652077697468206869676865F8
:1040B00072204D454D4F52595F42414E4B535F4D1B
:1040C00041583F0A005741524E494E473A20636FCC
:1040D000756C64206E6F74207365742025732025C1
:1040E000732E0A00656E74727900556E7375707068
:1040F0006F727465642025732061646472657373E4
:104100002073697A650A00646174612D6F66667355
:10411000657400646174612D706F736974696F6E8A
:1041200000646174612D73697A6500616C676F006A
:10413000556E61626C6520746F2076657269667970
:10414000207265717569726564207369676E617448
:104150007572650043616E2774206765742068611D
:10416000736820616C676F2070726F70657274790C
:104170000075626F6F742D69676E6F7265002D73C5
:104180006B6970706564200043616E2774206765F9
:104190007420686173682076616C75652070726F39
:1041A000706572747900556E737570706F72746596
:1041B00064206861736820616C676F726974686DF0
:1041C0000042616420686173682076616C756520C7
:1041D0006C656E0042616420686173682076616C72
:1041E0007565002B20002D2000436F72727570746E
:1041F0006564206F72207472756E636174656420EB
:104200007472656500206572726F72210A257320D1
:10421000666F7220272573272068617368206E6F90
:10422000646520696E202725732720696D616765A5
:10423000206E6F64650A00736861310073686132D3
:10424000353600706B63732D312E3500546F7461F9
:104250006C2073697A6520746F6F206C617267657A
:104260000070616464696E67006B65792D6E616DC5
:10427000652D68696E740025733A257300556E6B61
:104280006E6F776E207369676E61747572652061F9
:104290006C676F726974686D006861736865642D1E
:1042A0006E6F6465730043616E27742067657420C8
:1042B0006861736865642D6E6F6465732070726FDA
:1042C0007065727479006861736865642D6E6F64DF
:1042D00065732070726F7065727479206D75737478
:1042E000206265206E756C6C2D7465726D696E61EF
:1042F000746564004E756D626572206F662068613A
:1043000073686564206E6F646573206578636565A6
:104310006473206D6178696D756D002F636F6E66D3
:10432000696775726174696F6E730053656C65635C
:1043300074656420636F6E666967206E6F742069B0
:104340006E20686173686564206E6F6465730046F3
:1043500061696C656420746F206861736820636FA5
:104360006E66696775726174696F6E004E6F206466
:1043700061746120746F206861736800546F6F20EE
:104380006D616E79206861736820726567696F6E10
:1043900073006861736865642D737472696E677306
:1043A00000566572696669636174696F6E20666143
:1043B000696C6564004E6F6465206E616D65206395
:1043C0006F6E7461696E73204000726571756972F9
:1043D0006564004661696C656420746F207665725F
:1043E00069667920726571756972656420736967A1
:1043F0006E617475726520272573270A00436F6EFE
:1044000066696775726174696F6E206E6F6465208E
:104410002725732720636F6E7461696E73202740B0
:10442000270A0072657175697265642D6D6F646528
:1044300000636F6E66004E6F20277369676E61744C
:1044400075726527207375626E6F646520666F757F
:104450006E6400206572726F72210A257320666F88
:104460007220272573272068617368206E6F64654A
:1044700020696E202725732720636F6E6669672089
:104480006E6F64650A004661696C656420746F2014
:104490007665726966792027616E7927206F6620BC
:1044A00074686520726571756972656420736967E7
:1044B0006E61747572652873290A0064656661759A
:1044C0006C74006465736372697074696F6E002543
:1044D000733A204D697373696E67204644542064B3
:1044E00065736372697074696F6E20696E204454DD
:1044F000420A004661696C656420746F20616C6CCF
:104500006F636174652025782062797465730A0091
:10451000557365642073697A653D25782C20746F26
:1045200074616C2073697A653D25780A004368657B
:10453000636B73756D20257820213D2025780A0056
:10454000426C6F626C69737420617420256C7820F2
:104550006E6F7420666F756E6420286572723D25DB
:1045600064290A00616C6C6F63207370616365205D
:104570006578686175737465642070747220256C49
:1045800078206C696D69742025780A006379636C02
:1045900069632066756E6374696F6E20257320747D
:1045A0006F6F6B20746F6F206C6F6E673A20256C95
:1045B0006C6475732076732025647573206D617843
:1045C0000A006372633332007273612C6E756D2D55
:1045D00062697473007273612C6E302D696E76653A
:1045E000727365007273612C6578706F6E656E749E
:1045F000007273612C6D6F64756C757300727361FA
:104600002C722D73717561726564005253413A20AA
:1046100043616E27742066696E64204D6F64756C0B
:1046200061722045787020696D706C656D656E747F
:104630006174696F6E0A006B65792D257300727362
:10464000613430393600727361333037320072733F
:104650006132303438006C696E75782C7068616E28
:10466000646C65002F616C696173657300636F6DC5
:1046700070617469626C65003C76616C6964206F7E
:1046800066667365742F6C656E6774683E003C6E79
:104690006F206572726F723E003C756E6B6E6F7745
:1046A0006E206572726F723E004644545F455252EE
:1046B0005F4E4F54464F554E44004644545F45525A
:1046C000525F455849535453004644545F45525233
:1046D0005F4E4F5350414345004644545F4552524C
:1046E0005F4241444F4646534554004644545F455B
:1046F00052525F42414450415448004644545F4541
:1047000052525F4241445048414E444C4500464459
:10471000545F4552525F4241445354415445004610
:1047200044545F4552525F5452554E4341544544A0
:10473000004644545F4552525F4241444D4147490F
:1047400043004644545F4552525F424144564552ED
:1047500053494F4E004644545F4552525F424144D4
:10476000535452554354555245004644545F4552A4
:10477000525F4241444C41594F5554004644545FA6
:104780004552525F494E5445524E414C00464454A6
:104790005F4552525F4241444E43454C4C530046A4
:1047A00044545F4552525F42414456414C55450086
:1047B0004644545F4552525F4241444F5645524C25
:1047C0004159004644545F4552525F4E4F50484154
:1047D0004E444C4553004644545F4552525F42415B
:1047E00044464C4147530023616464726573732DE2
:1047F00063656C6C73002373697A652D63656C6CFB
:1048000073004D697373696E67204454420A0073E4
:104810007461747573006F6B6179002F6D656D6FD6
:104820007279002F72657365727665642D6D656DA2
:104830006F72790072616E67657300257340257829
:104840002C2578002573402578006E6F2D6D6170E2
:10485000006D617463682D6D61736B006D617463CD
:10486000682D76616C7565006175746F2D73697A5A
:104870006500232323204552524F52202323232017
:10488000506C6561736520524553455420746865CA
:1048900020626F617264202323230A00253032587E
:1048A0000025303278003C4E554C4C3E0057686F26
:1048B0006C65204469736B00686400757362640002
:1048C0006D6D63736400787800257325632564003B
:1048D000626C6B5F706172746974696F6E004641DF
:1048E00054004641543332002A2A204E65737465C1
:1048F0006420444F5320706172746974696F6E73E1
:104900002064657465637465642C2073746F7070C3
:10491000696E67202A2A0A002A2A2043616E2774BA
:10492000207265616420706172746974696F6E20B1
:104930007461626C65206F6E2025643A256C752069
:104940002A2A0A00626164204D4252207365637412
:104950006F72207369676E61747572652030782597
:10496000303278253032780A00444F530025733AAC
:1049700025640025732E25730073637369007573B6
:1049800062007361746100686F7374006E766D65A8
:10499000006E766D786970006566696C6F6164653C
:1049A000720076697274696F007076626C6F636B07
:1049B00000626C6B6D617000726B6D746400756287
:1049C000690070726566657463682D646174610066
:1049D00070726566657463682D696E7374720061C8
:1049E000726D2C7368617265642D6F766572726981
:1049F00064650061726D2C7461672D6C6174656E05
:104A000063790061726D2C646174612D6C617465F1
:104A10006E637900706C3331305F63616368650089
:104A200061726D2C706C3331302D63616368650089
:104A300023636C6F636B2D63656C6C7300636C6FC9
:104A4000636B2D6E616D65730043616E6E6F7420D4
:104A5000656E61626C6520706172656E742025738D
:104A60000A0061737369676E65642D636C6F636BB5
:104A70002D706172656E74730061737369676E6522
:104A8000642D636C6F636B730061737369676E652C
:104A9000642D636C6F636B2D726174657300257395
:104AA0002025733A206661696C656420746F2073F9
:104AB00065742072617465206F6E20636C6F636B28
:104AC00020696E6465782025642028256C6429207F
:104AD000286572726F72203D202564290A00756472
:104AE0006576696365202A2900284E554C4C006381
:104AF0006C6F636B2D6672657175656E63790066A8
:104B0000697865645F726174655F7261775F636C19
:104B10006F636B0066697865645F636C6F636B00DD
:104B2000636C6F636B2D64697600636C6F636B2DD0
:104B30006D756C740066697865645F666163746F37
:104B4000725F636C6F636B0066697865642D666184
:104B500063746F722D636C6F636B00636C6B2D619C
:104B600067696C65783500696E74656C2C6167697E
:104B70006C6578352D636C6B6D6772002F636C6F9D
:104B8000636B73002F6669726D7761726500726F77
:104B90006F7400726F6F745F647269766572006E15
:104BA0006F700073696D706C655F62757300736917
:104BB0006D706C652D6275730073696D706C652D19
:104BC0006D6664002F636F6E6669670025733A2017
:104BD00025733A206572726F723A206770696F2090
:104BE00025732564206E6F74207265736572766517
:104BF000640A006765745F76616C7565007365743F
:104C00005F76616C7565007365745F6469725F6679
:104C10006C6167730025732E25732564002367700C
:104C2000696F2D63656C6C7300696E707574006FCD
:104C3000757470757400756E7573656400756E6B50
:104C40006E6F776E0066756E630025732025733A6C
:104C50002043616E277420676574207265736574E4
:104C60003A2025640A0025732025733A204661699D
:104C70006C656420746F2072657365743A202564D6
:104C80000A006770696F2D636F6E74726F6C6C656C
:104C900072006E6770696F7300736E70732C6E7242
:104CA0002D6770696F730062616E6B2D6E616D654B
:104CB0000025735F006770696F2D64776170620013
:104CC000736E70732C64772D6170622D6770696FDD
:104CD000006D69736300696E74656C2C6F66667332
:104CE00065742D73657474696E67730025733A205B
:104CF0004F766572666C6F77206173206F6666739E
:104D00006574203078256C6C78206F72207265672E
:104D100000207772697465206973206D6F72652059
:104D20007468616E20626C6F636B2073697A6520B2
:104D3000307825780A00696E74656C2C736F636631
:104D40007067612D647472656700707363692D7399
:104D500079737265736574006D6574686F64006D56
:104D6000697373696E6720226D6574686F642220B1
:104D700070726F70657274790A0068766300736D83
:104D80006300696E76616C696420226D6574686F7A
:104D900064222070726F70657274793A2025730AEC
:104DA0000061726D2C707363692D302E3200617258
:104DB0006D2C707363692D312E300061726D2C7013
:104DC000736369004572726F7220656E61626C690F
:104DD0006E6720564D4D4320737570706C79203A84
:104DE0002025640A004572726F7220656E61626CE4
:104DF000696E672056514D4D4320737570706C7904
:104E0000203A2025640A004D4D433A20626C6F63BE
:104E10006B206E756D626572203078256C78206528
:104E2000786365656473206D6178283078256C78C7
:104E3000290A006D6D63206661696C20746F2073B0
:104E4000656E642073746F7020636D640A00696E10
:104E500076616C6964206275732077697464682078
:104E60006361706162696C69747920307825780AB1
:104E700000756E61626C6520746F2073656C65638C
:104E8000742061206D6F64650A0053656C656374FE
:104E9000204853343030206661696C656420256495
:104EA0000A0053656C6563742048533430304553B1
:104EB000206661696C65642025640A00756E616214
:104EC0006C6520746F2073656C6563742061206D60
:104ED0006F64653A2025640A00766D6D632D7375E5
:104EE00070706C790076716D6D632D737570706C78
:104EF00079006D6D633A206661696C656420746F3A
:104F000020736574207369676E616C20766F6C74B2
:104F10006167650A004361726420646964206E6F92
:104F20007420726573706F6E6420746F20766F6C7E
:104F3000746167652073656C65637421203A202570
:104F4000640A006275735F6D6F64652072657175C8
:104F50006573746564206973206E6F742073757057
:104F6000706F727465640A004D4D433A206E6F2075
:104F7000636172642070726573656E740A004D4DD2
:104F8000433A205345545F445352206661696C652F
:104F9000640A004E6F206578745F63736420666FE7
:104FA000756E64210A004D616E20253036782053DD
:104FB0006E722025303478253034780025632563DF
:104FC00025632563256325630025642E256400631E
:104FD00061702D73642D686967687370656564001E
:104FE00025732025733A20496E76616C696420220E
:104FF0006275732D7769647468222076616C7565BB
:10500000202575210A006361702D6D6D632D68691F
:10501000676873706565640073642D7568732D73BC
:105020006472313034006D6D632D6464722D315FB4
:105030003876006D6D632D6464722D315F327600B9
:105040006D6D632D68733230302D315F3876006DB1
:105050006D632D68733230302D315F3276006D6DA7
:10506000632D68733430302D315F3876006D6D6399
:105070002D68733430302D315F3276006D6D632DC5
:1050800068733430302D656E68616E6365642D73AE
:1050900074726F6265006E6F2D6D6D632D68733471
:1050A0003030006E6F6E2D72656D6F7661626C656B
:1050B0000063642D696E7665727465640062726F58
:1050C0006B656E2D6364006E6F2D312D382D76006B
:1050D0004D4D4320446576696365202564206E6FDD
:1050E0007420666F756E640A006D6D635F626C6B31
:1050F0000044574D4D433A2043616E277420676545
:1051000074204649464F2064657074680A006472D2
:105110007673656C00736D706C73656C00666966A0
:105120006F2D6D6F64650044574D4D433A204D4DD2
:105130004320636C6F636B206973207A65726F2103
:1051400000736F63667067615F64776D6D630061A4
:105150006C74722C736F63667067612D64772D6D4C
:1051600073686300526573657420252378206E652B
:1051700076657220636F6D706C657465640A006D8E
:105180006D6325642062757379200074696D656FA5
:10519000757420696E6372656173696E6720746FE0
:1051A0003A202575206D730A0054696D656F75741A
:1051B00020666F72207374617475732075706461FA
:1051C00074653A202530387820253038780A005424
:1051D00072616E7366657220646174612074696DBA
:1051E000656F75740A0054696D656F757420776119
:1051F0006974696E6720666F7220636D6420262073
:105200006461746120696E68696269740A0045723C
:10521000726F72207768696C652073657474696E4B
:1052200067207461702064656C61790A0045727250
:105230006F7220636F6E6669677572696E6720644E
:105240006C6C0A004572726F72207768696C652019
:10525000636F6E6669677572696E6720646C6C0A4D
:1052600000496E7465726E616C20636C6F636B20B5
:105270006E657665722073746162696C69736564CA
:105280002E0A006661696C656420746F206469731E
:1052900061626C652076716D6D632D737570706CD5
:1052A000790A006661696C656420746F20736574A7
:1052B0002076716D6D632D766F6C746167652074F7
:1052C0006F20332E33560A006661696C6564207462
:1052D0006F20656E61626C652076716D6D632D73F4
:1052E0007570706C790A00332E33562072656775BD
:1052F0006C61746F72206F7574707574206469646A
:10530000206E6F74206265636F6D652073746162D7
:105310006C650A006661696C656420746F20736552
:10532000742076716D6D632D766F6C746167652086
:10533000746F20312E38560A00312E38562072658F
:1053400067756C61746F72206F757470757420640A
:105350006964206E6F74206265636F6D652073747D
:1053600061626C650A0063642D6770696F73004148
:105370006C69676E65642062756666657220616C33
:105380006C6F63206661696C65640A0073646863AE
:10539000692D636170732D6D61736B007364686355
:1053A000692D6361707300436F6E74726F6C6C650E
:1053B0007220646F65736E277420737570706F72DE
:1053C000742041444D410A004861726477617265FE
:1053D00020646F65736E27742073706563696679E6
:1053E000206261736520636C6F636B206672657108
:1053F00075656E63790A002F647269766572732F22
:105400006D6D632F73646863692D636164656E639A
:10541000652E63005741524E494E47206174202546
:10542000733A25642F25732829210A002573202526
:10543000733A206E6F2074756E696E6720706F69A5
:105440006E7420666F756E640A0063646E732C73ED
:10545000643668630073646863692D63646E730007
:10546000736F63696F6E6578742C756E69706869A7
:1054700065722D73643468630063646E732C7364A7
:1054800034686300616C74722C6167696C6578358F
:105490002D73643668630063646E732C7068792DB5
:1054A000696E7075742D64656C61792D73642D68F7
:1054B00069676873706565640063646E732C7068F7
:1054C000792D696E7075742D64656C61792D6C65CC
:1054D000676163790063646E732C7068792D696EFF
:1054E0007075742D64656C61792D73642D756873A6
:1054F0002D73647231320063646E732C7068792D81
:10550000696E7075742D64656C61792D73642D7589
:1055100068732D73647232350063646E732C706827
:10552000792D696E7075742D64656C61792D736465
:105530002D7568732D73647235300063646E732C3F
:105540007068792D696E7075742D64656C61792D44
:1055500073642D7568732D64647235300063646EF6
:10556000732C7068792D696E7075742D64656C612B
:10557000792D6D6D632D686967687370656564006A
:1055800063646E732C7068792D696E7075742D6408
:10559000656C61792D6D6D632D6464720063646E5A
:1055A000732C7068792D646C6C2D64656C61792D39
:1055B0007364636C6B0063646E732C7068792D6424
:1055C0006C6C2D64656C61792D7364636C6B2D68F4
:1055D000736D6D630063646E732C7068792D646CF9
:1055E0006C2D64656C61792D7374726F62650073E4
:1055F000646863695F63646E73365F726573657454
:105600005F706879206973206E6F7420636F6D70AE
:105610006C657465640A0063646E732C6374726CE9
:105620002D68727330392D74696D696E672D6465EC
:105630006C61792D656D6D632D6873343030006356
:10564000646E732C6374726C2D68727331302D6CC0
:1056500070626B2D6374726C2D64656C61792D655D
:105660006D6D632D68733430300063646E732C632A
:1056700074726C2D68727331362D736C6176652D82
:105680006374726C2D656D6D632D687334303000FA
:1056900063646E732C6374726C2D68727330372D73
:1056A00074696D696E672D64656C61792D656D6DCA
:1056B000632D68733430300063646E732C637472CE
:1056C0006C2D68727330392D74696D696E672D6445
:1056D000656C61792D656D6D632D687332303000B6
:1056E00063646E732C6374726C2D68727331302D29
:1056F0006C70626B2D6374726C2D64656C61792DB6
:10570000656D6D632D68733230300063646E732C89
:105710006374726C2D68727331362D736C617665AB
:105720002D6374726C2D656D6D632D68733230302E
:105730000063646E732C6374726C2D6872733037FF
:105740002D74696D696E672D64656C61792D656D69
:105750006D632D68733230300063646E732C637434
:10576000726C2D68727330392D74696D696E672D96
:1057700064656C61792D656D6D632D646472006381
:10578000646E732C6374726C2D68727331302D6C7F
:1057900070626B2D6374726C2D64656C61792D651C
:1057A0006D6D632D6464720063646E732C63747238
:1057B0006C2D68727331362D736C6176652D637450
:1057C000726C2D656D6D632D6464720063646E731D
:1057D0002C6374726C2D68727330372D74696D6927
:1057E0006E672D64656C61792D656D6D632D6464E4
:1057F000720063646E732C6374726C2D6872733004
:10580000392D74696D696E672D64656C61792D65DC
:105810006D6D632D7364720063646E732C637472B8
:105820006C2D68727331302D6C70626B2D637472E5
:105830006C2D64656C61792D656D6D632D7364727B
:105840000063646E732C6374726C2D6872733136EE
:105850002D736C6176652D6374726C2D656D6D634F
:105860002D7364720063646E732C6374726C2D68A4
:10587000727330372D74696D696E672D64656C6164
:10588000792D656D6D632D7364720063646E732C86
:105890006374726C2D68727330392D74696D696E22
:1058A000672D64656C61792D73642D687300636482
:1058B0006E732C6374726C2D68727331302D6C7042
:1058C000626B2D6374726C2D64656C61792D7364E9
:1058D0002D68730063646E732C6374726C2D687230
:1058E0007331362D736C6176652D6374726C2D7314
:1058F000642D68730063646E732C6374726C2D681E
:10590000727330372D74696D696E672D64656C61D3
:10591000792D73642D68730063646E732C637472E5
:105920006C2D68727330392D74696D696E672D64E2
:10593000656C61792D73642D64730063646E732CE0
:105940006374726C2D68727331302D6C70626B2DC4
:105950006374726C2D64656C61792D73642D64734E
:105960000063646E732C6374726C2D6872733136CD
:105970002D736C6176652D6374726C2D73642D6468
:10598000730063646E732C6374726C2D6872733071
:10599000372D74696D696E672D64656C61792D733F
:1059A000642D64730063646E732C7068792D647168
:1059B000732D74696D696E672D64656C61792D65F1
:1059C0006D6D632D68733430300063646E732C70BA
:1059D00068792D676174652D6C70626B2D637472CC
:1059E0006C2D64656C61792D656D6D632D68733404
:1059F00030300063646E732C7068792D646C6C2D8C
:105A0000736C6176652D6374726C2D656D6D632D9D
:105A100068733430300063646E732C7068792D6461
:105A2000712D74696D696E672D64656C61792D6582
:105A30006D6D632D68733430300063646E732C7049
:105A400068792D646C6C2D6D61737465722D63744F
:105A5000726C2D656D6D632D687334303000636436
:105A60006E732C7068792D6471732D74696D696E15
:105A7000672D64656C61792D656D6D632D6873327A
:105A800030300063646E732C7068792D67617465C3
:105A90002D6C70626B2D6374726C2D64656C617912
:105AA0002D656D6D632D68733230300063646E73E5
:105AB0002C7068792D646C6C2D736C6176652D6328
:105AC00074726C2D656D6D632D68733230300063B8
:105AD000646E732C7068792D64712D74696D696EB4
:105AE000672D64656C61792D656D6D632D6873320A
:105AF00030300063646E732C7068792D646C6C2D8B
:105B00006D61737465722D6374726C2D656D6D6358
:105B10002D68733230300063646E732C7068792D99
:105B20006471732D74696D696E672D64656C61793C
:105B30002D656D6D632D6464720063646E732C70EB
:105B400068792D676174652D6C70626B2D6374725A
:105B50006C2D64656C61792D656D6D632D64647267
:105B60000063646E732C7068792D646C6C2D736C9B
:105B70006176652D6374726C2D656D6D632D646443
:105B8000720063646E732C7068792D64712D746972
:105B90006D696E672D64656C61792D656D6D632D22
:105BA0006464720063646E732C7068792D646C6C2D
:105BB0002D6D61737465722D6374726C2D656D6DDE
:105BC000632D6464720063646E732C7068792D6455
:105BD00071732D74696D696E672D64656C61792DC3
:105BE000656D6D632D7364720063646E732C7068F1
:105BF000792D676174652D6C70626B2D6374726CA6
:105C00002D64656C61792D656D6D632D7364720013
:105C100063646E732C7068792D646C6C2D736C6189
:105C200076652D6374726C2D656D6D632D73647272
:105C30000063646E732C7068792D64712D74696DC6
:105C4000696E672D64656C61792D656D6D632D736B
:105C500064720063646E732C7068792D646C6C2DB3
:105C60006D61737465722D6374726C2D656D6D63F7
:105C70002D7364720063646E732C7068792D647187
:105C8000732D74696D696E672D64656C61792D7310
:105C9000642D68730063646E732C7068792D67617E
:105CA00074652D6C70626B2D6374726C2D64656C01
:105CB00061792D73642D68730063646E732C706852
:105CC000792D646C6C2D736C6176652D6374726CC8
:105CD0002D73642D68730063646E732C7068792D66
:105CE00064712D74696D696E672D64656C61792DC1
:105CF00073642D68730063646E732C7068792D640F
:105D00006C6C2D6D61737465722D6374726C2D7380
:105D1000642D68730063646E732C7068792D6471F0
:105D2000732D74696D696E672D64656C61792D736F
:105D3000642D64730063646E732C7068792D6761E1
:105D400074652D6C70626B2D6374726C2D64656C60
:105D500061792D73642D64730063646E732C7068B5
:105D6000792D646C6C2D736C6176652D6374726C27
:105D70002D73642D64730063646E732C7068792DC9
:105D800064712D74696D696E672D64656C61792D20
:105D900073642D64730063646E732C7068792D6472
:105DA0006C6C2D6D61737465722D6374726C2D73E0
:105DB000642D64730052656D6F76696E67204D5473
:105DC0004420646576696365202325642028257353
:105DD0002920776974682075736520636F756E7408
:105DE0002025640A002F647269766572732F6D74C2
:105DF000642F6D7464636F72652E63004255472093
:105E000061742025733A25642F25732829210A00FF
:105E1000425547210025733A20756E6C6F636B20E5
:105E20006661696C65642C20777269746573206D96
:105E30006179206E6F7420776F726B0A0045727201
:105E40006F72207768656E2064656C6574696E6733
:105E500020706172746974696F6E2022257322202C
:105E6000282564290A004D5444007370695F666CEC
:105E70006173684025643A2564006A656465635F00
:105E80007370695F6E6F72007370695F666C6173C7
:105E9000680053463A204661696C656420746F203F
:105EA00073657420757020736C6176650A006A658D
:105EB0006465632C7370692D6E6F72007370692D49
:105EC000666C6173680025732025733A20666C61E7
:105ED0007368206F7065726174696F6E2074696D8C
:105EE0006564206F75740A00656E61626C696E6727
:105EF000207265736574206861636B3B206D617906
:105F0000206E6F74207265636F7665722066726FA3
:105F10006D20756E65787065637465642072656266
:105F20006F6F74730A0023706F7765722D646F6DE5
:105F300061696E2D63656C6C7300706F7765722D8F
:105F4000646F6D61696E7300706F7765725F646F07
:105F50006D61696E00616C74725F706D6772006173
:105F60006C74722C706D67722D6167696C65783521
:105F700000726567756C61746F722D6D696E2D6D41
:105F80006963726F766F6C7400726567756C6174AB
:105F90006F722D6D61782D6D6963726F766F6C74A1
:105FA00000726567756C61746F722D696E69742D0E
:105FB0006D6963726F766F6C7400726567756C6182
:105FC000746F722D6D696E2D6D6963726F616D7086
:105FD00000726567756C61746F722D6D61782D6DDF
:105FE0006963726F616D7000726567756C61746F63
:105FF000722D72616D702D64656C617900726567D8
:10600000756C61746F722D666F7263652D626F6F50
:10601000742D6F666600726567756C61746F722DA2
:1060200073746174652D6D656D00726567756C6163
:10603000746F722D6F66662D696E2D737573706542
:106040006E6400726567756C61746F722D73757321
:1060500070656E642D6D6963726F766F6C7400721B
:106060006567756C61746F722D616C776179732DE2
:106070006F6E00726567756C61746F722D626F6F01
:10608000742D6F6E00726567756C61746F722D6E22
:10609000616D650025732025733A2027257327201D
:1060A000686173206E6F6E756E69717565207661BB
:1060B0006C75653A202725730A00656E61626C6510
:1060C0002D6163746976652D686967680073746112
:1060D000727475702D64656C61792D757300752D02
:1060E000626F6F742C6F66662D6F6E2D64656C61C8
:1060F000792D75730043616E277420736574207267
:106100006567756C61746F72203A20257320677023
:10611000696F20746F3A2025640A00726567756C98
:1061200061746F725F66697865645F636C6B00723F
:106130006567756C61746F725F666978656400721B
:106140006567756C61746F722D66697865642D631F
:106150006C6F636B00726567756C61746F722D662E
:10616000697865640073746174657300656E61625B
:106170006C652D6770696F73006770696F20726559
:1061800067756C61746F7200726567756C61746FAE
:10619000722D6770696F007374646F75742D706110
:1061A000746800636F6E736F6C65004E6F2073656B
:1061B0007269616C2064726976657220666F756EB3
:1061C00064007265672D6F6666736574007265673B
:1061D0002D7368696674007265672D696F2D776924
:1061E000647468006E7331363535305F736572697B
:1061F000616C006E733136353530006E7331363573
:1062000035306100696E67656E69632C6A7A343770
:1062100038302D75617274006E76696469612C7412
:106220006567726132302D7561727400736E7073C0
:106230002C64772D6170622D7561727400696E74C3
:10624000656C2C787363616C652D756172740025C3
:10625000732025733A2043616E6E6F7420736574EA
:1062600020737065656420286572723D2564290A73
:106270000025732025733A2043616E6E6F7420737E
:106280006574206D6F646520286572723D256429F0
:106290000A007370692D6D61782D66726571756580
:1062A0006E63790025732025733A20496E76616C00
:1062B000696420637320256420286572723D25641B
:1062C000290A00496E76616C696420627573202525
:1062D0006420286572723D2564290A0025732025F3
:1062E000733A20496E76616C696420636869702036
:1062F00073656C6563742025643A25642028657293
:10630000723D2564290A0025732025733A205761C0
:10631000726E696E673A20535049207370656564E8
:106320002066616C6C6261636B20746F2025752040
:106330006B487A0A007370692D63706F6C0073701C
:10634000692D63706861007370692D63732D6869CE
:106350006768007370692D337769726500737069BF
:106360002D68616C662D6475706C6578007370695A
:106370002D74782D6275732D77696474680073705D
:10638000692D72782D6275732D7769647468007356
:1063900070695F67656E657269635F6472760073CA
:1063A00070695F67656E657269630053463A2043A2
:1063B000616C6962726174696F6E206661696C6597
:1063C00064202872656164290A0053463A204361BB
:1063D0006C6962726174696F6E206661696C656474
:1063E00020286C6F772072616E6765290A00616DE5
:1063F000642C76657273616C322D6F737069006303
:10640000646E732C69732D6465636F6465642D63BA
:10641000730063646E732C6669666F2D64657074B7
:10642000680063646E732C6669666F2D77696474A7
:10643000680063646E732C747269676765722D619E
:106440006464726573730063646E732C69732D6486
:106450006D61004572726F723A207375626E6F647F
:106460006520776974682053504920666C617368B1
:1064700020636F6E666967206D697373696E67214B
:106480000A00706167652D73697A6500626C6F63DD
:106490006B2D73697A650063646E732C7473687313
:1064A0006C2D6E730063646E732C74736432642D90
:1064B0006E730063646E732C74636873682D6E73FF
:1064C0000063646E732C74736C63682D6E73006369
:1064D000646E732C726561642D64656C6179006310
:1064E0006164656E63655F7370690063646E732CCD
:1064F000717370692D6E6F720074692C616D363521
:10650000342D6F73706900515350493A20515350E4
:1065100049206973207374696C6C206275737920EB
:10652000616674657220706F6C6C20666F722025D6
:106530006C75206D732E0A00515350493A20666CD9
:1065400061736820636F6D6D616E6420657865634B
:106550007574696F6E2074696D656F75740A004992
:106560006E646972656374207772697465207469FA
:106570006D6564206F757420282569290A00496EAD
:10658000646972656374207265616420636C65611F
:106590007220636F6D706C6574696F6E20657272C6
:1065A0006F7220282569290A00496E646972656343
:1065B00074207265616420636F6D706C6574696FBF
:1065C0006E206572726F7220282569290A00496E53
:1065D00064697265637420777269746520636C65A1
:1065E000617220636F6D706C6574696F6E20657287
:1065F000726F7220282569290A00496E64697265E4
:10660000637420777269746520636F6D706C657454
:10661000696F6E206572726F7220282569290A00E1
:106620007370692D736C6176650025732025733A4C
:1066300020436F756C646E27742066696E642F61E9
:10664000737365727420726573657420646576690E
:10665000636520286572726F72202564290A0025FF
:10666000732025733A204661696C656420746F203D
:1066700064652D617373657274207265736574202F
:10668000666F722053504920286572726F72202500
:1066900064290A00626974732D7065722D776F72B8
:1066A000640069676E6F72696E6720696E76616CEF
:1066B000696420626974732D7065722D776F7264DE
:1066C0002025640A0025732025733A204649464F49
:1066D000206F766572666C6F77206F6E2052780A35
:1066E0000025732025733A204E6F6E206279746501
:1066F00020616C69676E6564205350492074726133
:106700006E736665722E0A0064775F73706900733A
:106710006E70732C64772D6170622D7373690073D2
:106720006E70732C64772D6170622D7373692D33D5
:106730002E32306100736E70732C64772D6170623D
:106740002D7373692D332E32326100736E70732C8A
:1067500064772D6170622D7373692D332E3233612E
:1067600000736E70732C64772D6170622D73736982
:106770002D342E30306100736E70732C64772D6170
:1067800070622D7373692D342E303100736E707307
:106790002C6477632D7373692D312E303161006164
:1067A0006C74722C736F63667067612D737069000F
:1067B000616C74722C736F63667067612D617272A5
:1067C000696131302D7370690063616E61616E2C97
:1067D0006B3231302D7370690063616E61616E2CB4
:1067E0006B3231302D73736900696E74656C2C7374
:1067F00074726174697831302D73706900696E74D8
:10680000656C2C6167696C65782D737069006D73B8
:1068100063632C6F63656C6F742D737069006D73A7
:1068200063632C6A6167756172322D7370690073DE
:106830006E70732C6178733130782D7370690073CA
:106840006E70732C6873646B2D7370690072736162
:106850005F6D6F645F657870006D6F645F65787001
:106860005F737700534452414D20696E697420660E
:1068700061696C65642E0A00496E76616C696420FA
:1068800073697A653A204D656D6F72792073697A04
:106890006520726571756972656420746F20626528
:1068A000206D756C7469706C650A006F66203634F3
:1068B0002D42697420776F7264210A004D656D6FF7
:1068C00072792074657374696E67206661696C659E
:1068D00064210A004444523A20534452414D2073EB
:1068E000697A6520636865636B206661696C6564BD
:1068F000210A00616C74725F7364725F63746C0070
:10690000616C74722C7364722D63746C2D733130EE
:1069100000696E74656C2C7364722D63746C2D61E8
:1069200067696C657800696E74656C2C7364722D90
:1069300063746C2D6E357800696E74656C2C7364AD
:10694000722D63746C2D6167696C65783500696EB2
:1069500074656C2C7364722D63746C2D6167696C43
:106960006578376D00736F63667067612D6363755B
:106970002D6464722D696E7465726C656176696EE2
:10698000672D6F6E00736F63667067612D6363754B
:106990002D6464722D696E7465726C656176696EC2
:1069A000672D6F666600696E7465726C65617669E5
:1069B0006E67206F6E2F6F66662063637520736548
:1069C0007474696E677320696E6974206661696C9E
:1069D00065643A2025640A004444523A2043616CBD
:1069E0006962726174696F6E207375636365737336
:1069F0000A004444523A204661696C656420746F11
:106A0000206765742044445220747970650A0044FC
:106A100044523A204661696C656420746F20676552
:106A200074204444522073697A650A004444523AFF
:106A3000204661696C656420746F20676574204529
:106A4000434320656E61626C656420737461747584
:106A5000730A004444523A204661696C65642074AC
:106A60006F206465636F6465206D656D6F7279205A
:106A70006E6F64650A004444523A205761726E6931
:106A80006E673A204452414D2073697A65206672E0
:106A90006F6D206465766963652074726565202872
:106AA000256C6C64204D69422920657863656564B6
:106AB000730A00207468652061637475616C2068D6
:106AC0006172647761726520636170616369747972
:106AD00028256C6C64204D6942292E204D656D6F10
:106AE000727920636F6E66696775726174696F6E23
:106AF0002077696C6C2062650A002061646A757396
:106B000074656420746F206D6174636820746865B7
:106B1000206465746563746564206861726477617C
:106B200072652073697A652E0A004444523A2057F0
:106B300061726E696E673A204452414D2073697AE2
:106B4000652066726F6D2064657669636520747276
:106B500065652028256C6C64204D6942290A002057
:106B60006D69736D6174636820776974682068610A
:106B700072647761726520636170616369747928FA
:106B8000256C6C64204D6942292E0A0025733A2039
:106B9000256C6C64204D69420A004444523A2045F9
:106BA0004343206572726F72207265636F766572FF
:106BB000207374617274206E6F770A004444523AF5
:106BC000204661696C656420746F20747269676720
:106BD0006572207761746368646F6720726573659E
:106BE000740A004444523A204661696C656420741A
:106BF0006F2066756C6C7920696E697469616C6967
:106C00007A6520444452206D656D6F72790A005395
:106C10004452414D2D4543433A20496E69746961A0
:106C20006C697A656420737563636573730A0044E5
:106C300044523A2073697A6520636865636B2073F8
:106C40007563636573730A00736F63667067612DA4
:106C50006E6F632D66772D6D7066652D63737200A0
:106C60004669726577616C6C2073657474696E67D0
:106C700020666F72204D5046452043535220696E66
:106C80006974206661696C65643A2025640A004471
:106C900044523A206669726577616C6C20696E694E
:106CA0007420737563636573730A004444523A2019
:106CB000696E697420737563636573730A00257365
:106CC0003A20434D445F524553504F4E5345204563
:106CD00052524F523A0A0025733A205354415455A8
:106CE000535F47454E4552414C5F4552524F523AD1
:106CF000203078256C780A0025733A20535441548B
:106D000055535F434D445F524553504F4E53455F7B
:106D10004552524F523A203078256C780A0025733C
:106D20003A20496E76616C696420726573706F6E8B
:106D3000736520646174610A0025733A2054696D9B
:106D4000656F7574206F662077616974696E67205E
:106D5000444452206D61696C626F78207265616491
:106D60007920746F2062652066756E6374696F6E3A
:106D70006564210A0025733A20494F53534D206D15
:106D800061696C626F782076657273696F6E3A2004
:106D900025640A004444523A204661696C656420C7
:106DA000746F2067657420636F6D70617469626CC5
:106DB00065206D61696C626F782076657273696FAA
:106DC0006E0A0025733A20534452414D2063616C92
:106DD0006962726174696F6E20666F7220494F3903
:106DE000364220696E7374616E6365203078256C5D
:106DF0006C782074696D656F7574210A0025733A8B
:106E000020696F73736D20494F39364220636B6779
:106E1000656E615F6C6F636B206973206E6F7420A9
:106E20006C6F636B65640A0025733A20496E697460
:106E300069616C204444522063616C6962726174C0
:106E4000696F6E20494F3936425F2564206661695B
:106E50006C65642025640A0025733A20496E6974C4
:106E600069616C204444522063616C696272617490
:106E7000696F6E20494F3936425F25642073756310
:106E8000636565640A00554E4B4E4F574E0025739F
:106E90003A204D69736D61746368204444522074D4
:106EA000797065206F6E20494F3936425F25640A3C
:106EB0000025733A204661696C656420746F206711
:106EC00065742076616C6964206D656D6F727920E0
:106ED00073697A650A0025733A204D69736D617490
:106EE00063682044445220454343207374617475A1
:106EF00073206F6E20494F3936425F25640A004483
:106F00006F75626C652D626974206572726F7200B4
:106F100053696E676C652D626974206572726F7259
:106F20000025733A20454343206572726F72206ECC
:106F3000756D626572206465746563746564206F45
:106F40006E20494F3936425F25643A2025640A0095
:106F5000454343204572726F72204F766572666CAE
:106F60006F7720466C6167733A0A002025733A20D8
:106F700044445220454343204572726F7220446559
:106F8000746563746564206F6E20494F3936425FC3
:106F90002564206E756D6265723A25640A00202DA5
:106FA000206572726F7220696E666F206164647210
:106FB000657373203A3078256C6C780A00202D2098
:106FC0006572726F7220697020747970653A20253D
:106FD000640A00202D206572726F7220696E7374CE
:106FE000616E63652069643A2025640A00202D20C3
:106FF0006572726F7220736F757263652069643A8F
:107000002025640A00202D206572726F7220747929
:1070100070653A2025730A00202D206572726F7208
:1070200020616464726573733A203078253031369C
:107030006C6C780A000A25733A2045434320646F3C
:1070400075626C652D626974206572726F7220645E
:1070500065746563746564210A0025733A2046618E
:10706000696C656420746F20696E697469616C690C
:107070007A65206D656D6F7279206F6E20494F398A
:1070800036425F25640A0025733A20424953545F13
:107090004D454D5F494E49545F535441525420452C
:1070A00072726F7220636F6465203078256C780A85
:1070B0000025733A2054696D656F757420696E6997
:1070C0007469616C697A65206D656D6F7279206F86
:1070D0006E20494F3936425F25640A0025733A20F5
:1070E000424953545F4D454D5F494E49545F535497
:1070F00041545553204572726F7220636F6465204E
:107100003078256C780A004572726F723A204D65AE
:107110006D6F727920696E6974206661696C65644F
:1071200020617420496E7374616E63652025642C40
:1071300020496E746572666163652025640A0020CB
:107140002D2053696E676C652D62697420657272BB
:107150006F720A00202D204D756C7469706C65206B
:1071600073696E676C652D626974206572726F72E7
:10717000730A00202D20446F75626C652D6269745E
:10718000206572726F720A00202D204D756C746933
:10719000706C6520646F75626C652D626974206522
:1071A00072726F72730A00202D2053696E676C65CE
:1071B0002D626974206572726F7220647572696ED7
:1071C000672045434320736372756262696E670A84
:1071D00000202D205772697465206C696E6B204504
:1071E00043432073696E676C652D62697420657214
:1071F000726F7220284C5044445235206F6E6C7967
:10720000290A00202D205772697465206C696E6B05
:107210002045434320646F75626C652D626974205C
:107220006572726F7220284C5044445235206F6E44
:107230006C79290A00202D2052656164206C696EEA
:107240006B204543432073696E676C652D626974DA
:10725000206572726F7220284C5044445235206F62
:107260006E6C79290A00202D2052656164206C69BA
:107270006E6B2045434320646F75626C652D6269B7
:1072800074206572726F7220284C5044445235202D
:107290006F6E6C79290A00202D20524D572072659F
:1072A0006164206C696E6B2045434320646F756296
:1072B0006C652D626974206572726F7220284C5063
:1072C00044445235206F6E6C79290A00444452358B
:1072D0005F5244494D4D004C5044445234004C5090
:1072E0004444523500514452495600237265736537
:1072F000742D63656C6C73007265736574730061E3
:107300006C74722C6D6F647273742D6F6666736526
:107310007400736F63667067615F7379737265730E
:10732000657400736F63667067612D726573657451
:107330000064657369676E776172655F7764740076
:10734000736E70732C64772D7764740074696D6547
:107350006F75742D7365630068775F6D617267691F
:107360006E5F6D7300752D626F6F742C6E6F61753B
:10737000746F737461727400752D626F6F742C6119
:1073800075746F7374617274006576657279202507
:107390006C646D73005744543A202020537461721A
:1073A000746564202573207769746825732073657C
:1073B00072766963696E67202573202825647320BF
:1073C00074696D656F7574290A005744543A20201A
:1073D000204E6F74207374617274696E6720257318
:1073E0000A005744543A2020204661696C656420A5
:1073F000746F2073746172742025730A007761744E
:107400006368646F6700496E76616C696420464109
:107410005420656E7472793A2025233038780A003A
:1074200046415420736563746F722073697A6520D6
:107430006D69736D61746368202866733D25752CD2
:10744000206465763D256C75290A00464154206309
:107450006C75737465722073697A65206E6F742021
:107460007365740A0046415420636C7573746572C9
:107470002073697A6520746F6F20626967202863C2
:10748000733D25752C206D61783D2575290A0055C1
:10749000AA00506172746974696F6E202564206956
:1074A0006E76616C6964206F6E20646576696365D1
:1074B0002025640A002E2E00496E76616C696420D6
:1074C00046415420656E7472790A004572726F727B
:1074D0002072656164696E6720636C757374657290
:1074E0000A0030313233343536373839414243447B
:1074F000454630313233343536373839616263646A
:10750000656600000A0C0D0F14191E23282D323752
:107510003C46503021300906052B0E03021A0500A7
:1075200004148000000000000000000000000000C3
:10753000000000000000000000000000000000004B
:10754000000000000000000000000000000000003B
:10755000000000000000000000000000000000002B
:1075600000003031300D06096086480165030402D1
:10757000010500042003130B0C3B3CBBBC6B6CEB04
:10758000ECFF0FFF00FFCCC3CCC33CCCFFFEFFFEE3
:10759000EFFFDFFFDDFFFBFFFBBFFF7FFF77F7BDE7
:1075A000EFFFF0FFF00FFCCC3CCC33CCCFFFEFFF74
:1075B000EEFFFDFFFDDFFFBFFFBBFFF7FFF77F7BA8
:1075C000DEFFFF00FFFFFF0000FFFFCCCCCC33CC81
:1075D000CCCC3333CCCCCCFFFFFFEEFFFFFFEEEE85
:1075E000FFFFFFDDFFFFFFDDDDFFFFFFBBFFFFFF55
:1075F000BBBBFFFFFF77FFFFFF7777FF77BBDDEEBA
:10760000FFFFFFFF00FFFFFF0000FFFFCCCCCC33EC
:10761000CCCCCC3333CCCCCCFFFFFFEEFFFFFFEE66
:10762000EEFFFFFFDDFFFFFFDDDDFFFFFFBBFFFF25
:10763000FFBBBBFFFFFF77FFFFFF7777FF77BBDD68
:10764000EE0000000000000000000000000000004C
:10765000000000000000000000000000000000002A
:10766000000000000000000000000000000000001A
:10767000000000000000000000000000000000000A
:1076800001000000000000000000000000000000F9
:1076900000000000000000000000000000000000EA
:1076A00000000000000000000000000000000000DA
:1076B00000000000000000000000000000000000CA
:1076C00000000000000000000000000000000000BA
:1076D00000000000000000000000000000000000AA
:1076E000000000000000000000000000000000009A
:1076F000000000000000000000000000000000008A
:107700000000000000000000000000000000000079
:107710000000000000000000000000000000000069
:107720003742020000000000140000000F000000BB
:107730001375020000000000106D00000000000042
:107740003C42020000000000200000001300000086
:107750006275020000000000106D000000000000D3
:10776000FFFFFFFFFFFFFFFF00000200000000001F
:107770000000000000000000000000000000000009
:107780007077020000000000707702000000000027
:1077900080770200000000008077020000000000F7
:1077A00090770200000000009077020000000000C7
:1077B000A077020000000000A07702000000000097
:1077C000B077020000000000B07702000000000067
:1077D000C077020000000000C07702000000000037
:1077E000D077020000000000D07702000000000007
:1077F000E077020000000000E077020000000000D7
:10780000F077020000000000F077020000000000A6
:107810000078020000000000007802000000000074
:107820001078020000000000107802000000000044
:107830002078020000000000207802000000000014
:1078400030780200000000003078020000000000E4
:1078500040780200000000004078020000000000B4
:107860005078020000000000507802000000000084
:107870006078020000000000607802000000000054
:107880007078020000000000707802000000000024
:1078900080780200000000008078020000000000F4
:1078A00090780200000000009078020000000000C4
:1078B000A078020000000000A07802000000000094
:1078C000B078020000000000B07802000000000064
:1078D000C078020000000000C07802000000000034
:1078E000D078020000000000D07802000000000004
:1078F000E078020000000000E078020000000000D4
:10790000F078020000000000F078020000000000A3
:107910000079020000000000007902000000000071
:107920001079020000000000107902000000000041
:107930002079020000000000207902000000000011
:1079400030790200000000003079020000000000E1
:1079500040790200000000004079020000000000B1
:107960005079020000000000507902000000000081
:107970006079020000000000607902000000000051
:107980007079020000000000707902000000000021
:1079900080790200000000008079020000000000F1
:1079A00090790200000000009079020000000000C1
:1079B000A079020000000000A07902000000000091
:1079C000B079020000000000B07902000000000061
:1079D000C079020000000000C07902000000000031
:1079E000D079020000000000D07902000000000001
:1079F000E079020000000000E079020000000000D1
:107A0000F079020000000000F079020000000000A0
:107A1000007A020000000000007A0200000000006E
:107A2000107A020000000000107A0200000000003E
:107A3000207A020000000000207A0200000000000E
:107A4000307A020000000000307A020000000000DE
:107A5000407A020000000000407A020000000000AE
:107A6000507A020000000000507A0200000000007E
:107A7000607A020000000000607A0200000000004E
:107A8000707A020000000000707A0200000000001E
:107A9000807A020000000000807A020000000000EE
:107AA000907A020000000000907A020000000000BE
:107AB000A07A020000000000A07A0200000000008E
:107AC000B07A020000000000B07A0200000000005E
:107AD000C07A020000000000C07A0200000000002E
:107AE000D07A020000000000D07A020000000000FE
:107AF000E07A020000000000E07A020000000000CE
:107B0000F07A020000000000F07A0200000000009D
:107B1000007B020000000000007B0200000000006B
:107B2000107B020000000000107B0200000000003B
:107B3000207B020000000000207B0200000000000B
:107B4000307B020000000000307B020000000000DB
:107B5000407B020000000000407B020000000000AB
:107B6000507B020000000000507B0200000000007B
:107B7000607B020000000000607B0200000000004B
:107B8000707B020000000000707B0200000000001B
:107B9000807B020000000000807B020000000000EB
:107BA000907B020000000000907B020000000000BB
:107BB000A07B020000000000A07B0200000000008B
:107BC000B07B020000000000B07B0200000000005B
:107BD000C07B020000000000C07B0200000000002B
:107BE000D07B020000000000D07B020000000000FB
:107BF000E07B020000000000E07B020000000000CB
:107C0000F07B020000000000F07B0200000000009A
:107C1000007C020000000000007C02000000000068
:107C2000107C020000000000107C02000000000038
:107C3000207C020000000000207C02000000000008
:107C4000307C020000000000307C020000000000D8
:107C5000407C020000000000407C020000000000A8
:107C6000507C020000000000507C02000000000078
:107C7000607C020000000000607C02000000000048
:107C8000707C020000000000707C02000000000018
:107C9000807C020000000000807C020000000000E8
:107CA000907C020000000000907C020000000000B8
:107CB000A07C020000000000A07C02000000000088
:107CC000B07C020000000000B07C02000000000058
:107CD000C07C020000000000C07C02000000000028
:107CE000D07C020000000000D07C020000000000F8
:107CF000E07C020000000000E07C020000000000C8
:107D0000F07C020000000000F07C02000000000097
:107D1000007D020000000000007D02000000000065
:107D2000107D020000000000107D02000000000035
:107D3000207D020000000000207D02000000000005
:107D4000307D020000000000307D020000000000D5
:107D5000407D020000000000407D020000000000A5
:107D6000507D020000000000507D02000000000075
:107D7000607D020000000000607D02000000000045
:107D8000707D020000000000707D02000000000015
:107D9000807D020000000000807D020000000000E5
:107DA000907D020000000000907D020000000000B5
:107DB000A07D020000000000A07D02000000000085
:107DC000B07D020000000000B07D02000000000055
:107DD000C07D020000000000C07D02000000000025
:107DE000D07D020000000000D07D020000000000F5
:107DF000E07D020000000000E07D020000000000C5
:107E0000F07D020000000000F07D02000000000094
:107E1000007E020000000000007E02000000000062
:107E2000107E020000000000107E02000000000032
:107E3000207E020000000000207E02000000000002
:107E4000307E020000000000307E020000000000D2
:107E5000407E020000000000407E020000000000A2
:107E6000507E020000000000507E02000000000072
:107E7000607E020000000000607E02000000000042
:107E8000707E020000000000707E02000000000012
:107E9000807E020000000000807E020000000000E2
:107EA000907E020000000000907E020000000000B2
:107EB000A07E020000000000A07E02000000000082
:107EC000B07E020000000000B07E02000000000052
:107ED000C07E020000000000C07E02000000000022
:107EE000D07E020000000000D07E020000000000F2
:107EF000E07E020000000000E07E020000000000C2
:107F0000F07E020000000000F07E02000000000091
:107F1000007F020000000000007F0200000000005F
:107F2000107F020000000000107F0200000000002F
:107F3000207F020000000000207F020000000000FF
:107F4000307F020000000000307F020000000000CF
:107F5000407F020000000000407F0200000000009F
:107F6000507F020000000000507F0200000000006F
:107F7000607F020000000000607F0200000000003F
:107F80003742020000000000140000000000000062
:107F900064860000000000000000010000000000F6
:107FA00050620000000000002C6200000000000091
:107FB000E4610000000000003C42020000000000FC
:107FC0002000000000000000E0860000000000002B
:107FD0000000010000000000B0610000000000008F
:107FE0008C610000000000004461000000000000FF
:107FF000C245020000000000040000000000000074
:1080000008CB00000000000000000100000000009C
:108010001461000000000000E060000000000000AB
:10802000A8600000000000008000000000000000C8
:108030000000000000000000000000000000000040
:108040000000000000000000000000000000000030
:108050000000000000000000000000000000000020
:108060000000000000000000000000000000000010
:108070000000000000000000000000000000000000
:10808000A008010000000000000000000000000047
:108090000000000000000000FCFE000000000000E6
:1080A0000000000000000000543801000000000043
:1080B0004C3801000000000000000000000000003B
:1080C00000000000640000001756020000000000DD
:1080D00000800100000000003F5602000000000088
:1080E00000000800000000006A56020000000000C6
:1080F0000000001100000000905602000000000087
:108100000000080000000000B85602000000000057
:108110000080010000000000E056020000000000A6
:1081200000000800000000000B57020000000000E3
:1081300000000000000000003157020000000000B5
:108140000000090000000000595702000000000074
:108150000C800100000000007F57020000000000BA
:108160000000020000000000A8570200000000000C
:108170000100001100000000CC57020000000000C8
:108180000100090000000000F2570200000000009A
:108190000C800100000000001858020000000000E0
:1081A0000000030000000000415802000000000031
:1081B0000000000000000000655802000000000000
:1081C00000000800000000008B58020000000000C2
:1081D0000C80010000000000AE580200000000000A
:1081E0000000030000000000D4580200000000005E
:1081F0000000000000000000F55802000000000030
:1082000000000800000000001859020000000000F3
:108210000C800100000000003B590200000000003B
:108220000000020000000000615902000000000090
:108230000000000000000000825902000000000061
:108240000000080000000000A55902000000000026
:108250000400280000000000CA59020000000000CD
:108260004000A00100000000F359020000000000DF
:1082700000D8DA0000000000165A020000000000DA
:1082800001000000000000003A5A02000000000057
:1082900004000000000000005E5A02000000000020
:1082A0000400380000000000835A020000000000B3
:1082B0004000A00100000000AC5A020000000000D5
:1082C00000DADA0000000000CF5A020000000000CF
:1082D0000100000000000000F35A0200000000004E
:1082E0000400000000000000175B02000000000016
:1082F00004003800000000003A5B020000000000AB
:108300004000A00100000000615B020000000000CE
:108310000000000000000000825B0200000000007E
:108320000100001000000000A45B0200000000003B
:108330000400800000000000C65B02000000000096
:108340000400380000000000E95B020000000000AB
:108350004000A00100000000105C020000000000CE
:108360000000000000000000315C0200000000007E
:108370000100000000000000535C0200000000004B
:108380000400800000000000755C02000000000096
:108390000400380000000000955C020000000000AE
:1083A0004000A00100000000B95C020000000000D5
:1083B0000000000000000000D75C02000000000088
:1083C0000100000000000000F65C02000000000058
:1083D0000400800000000000155D020000000000A5
:1083E0000400380000000000355D020000000000BD
:1083F0004000A00100000000595D020000000000E4
:108400000000000000000000775D02000000000096
:108410000100000000000000965D02000000000066
:1084200004008000000000000000000000000000C8
:10843000000000000000000000000000000000003C
:108440000000000000000000EC9C010000000000A3
:1084500050E101000000000000000080000000006A
:108460000000008000000000000000800800000004
:1084700000000080070000000000000088000000ED
:10848000000000007800000000004018000000001C
:108490000000801800000000000000000000000044
:1084A00000000000000000000000000000000000CC
:1084B00000000000000000000000000000000000BC
:1084C00000000000000000000000000000000000AC
:1084D000000000000000000000000000000000009C
:1084E000000000000000000000000000000000008C
:1084F000000000000000000000000000000000007C
:10850000000000000000000000000000000000006B
:10851000000000000000000000000000000000005B
:10852000000000000000000000000000000000004B
:10853000000000000000000000000000000000003B
:10854000000000000000000000000000000000002B
:10855000000000000000000000000000000000001B
:10856000000000000000000000000000000000000B
:1085700000000000000000000000000000000000FB
:1085800000000000000000000000000000000000EB
:1085900000000000000000000000000000000000DB
:1085A00000000000000000000000000000000000CB
:1085B00000000000000000000000000000000000BB
:1085C00000000000000000000000000000000000AB
:1085D000000000000000000000000000000000009B
:1085E000000000000000000000000000000000008B
:1085F000000000000000000000000000000000007B
:10860000000000000000000000000000000000006A
:10861000000000000000000000000000000000005A
:10862000000000000000000000000000000000004A
:10863000000000000000000000000000000000003A
:10864000000000000000000000000000000000002A
:10865000000000000000000000000000000000001A
:10866000000000000000000000000000000000000A
:1086700000000000000000000000000000000000FA
:1086800000000000000000000000000000000000EA
:1086900000000000000000000000000000000000DA
:1086A00000000000000000000000000000000000CA
:1086B00000000000000000000000000000000000BA
:1086C00000000000000000000000000000000000AA
:1086D000000000000000000000000000000000009A
:1086E000000000000000000000000000000000008A
:1086F000000000000000000000000000000000007A
:108700000000000000000000000000000000000069
:108710000000000000000000000000000000000059
:108720000000000000000000000000000000000049
:108730000000000000000000000000000000000039
:108740000000000000000000000000000000000029
:108750000000000000000000000000000000000019
:108760000000000000000000000000000000000009
:1087700000000000000000000000000000000000F9
:1087800000000000000000000000000000000000E9
:1087900000000000000000000000000000000000D9
:1087A00000000000000000000000000000000000C9
:1087B00000000000000000000000000000000000B9
:1087C00000000000000000000000000000000000A9
:1087D0000000000000000000000000000000000099
:1087E0000000000000000000000000000000000089
:1087F0000000000000000000000000000000000079
:108800000000000000000000000000000000000068
:108810000000000000000000000000000000000058
:108820000000000000000000000000000000000048
:108830000000000000000000000000000000000038
:108840000000000000000000000000000000000028
:108850000000000000000000000000000000000018
:108860000000000000000000000000000000000008
:1088700000000000000000000000000000000000F8
:1088800000000000000000000000000000000000E8
:1088900000000000000000000000000000000000D8
:1088A00000000000000000000000000000000000C8
:1088B00000000000000000000000000000000000B8
:1088C00000000000000000000000000000000000A8
:1088D0000000000000000000000000000000000098
:1088E0000000000000000000000000000000000088
:1088F0000000000000000000000000000000000078
:108900000000000000000000000000000000000067
:108910000000000000000000000000000000000057
:108920000000000000000000000000000000000047
:108930000000000000000000000000000000000037
:108940000000000000000000000000000000000027
:108950000000000000000000000000000000000017
:108960000000000000000000000000000000000007
:1089700000000000000000000000000000000000F7
:1089800000000000000000000000000000000000E7
:1089900000000000000000000000000000000000D7
:1089A00000000000000000000000000000000000C7
:1089B00000000000000000000000000000000000B7
:1089C00000000000000000000000000000000000A7
:1089D0000000000000000000000000000000000097
:1089E0000000000000000000000000000000000087
:1089F0000000000000000000000000000000000077
:108A00000000000000000000000000000000000066
:108A10000000000000000000000000000000000056
:108A20000000000000000000000000000000000046
:108A30000000000000000000000000000000000036
:108A40000000000000000000000000000000000026
:108A50000000000000000000000000000000000016
:108A60000000000000000000000000000000000006
:108A700000000000000000000000000000000000F6
:108A800000000000000000000000000000000000E6
:108A900000000000000000000000000000000000D6
:108AA00000000000000000000000000000000000C6
:108AB00000000000000000000000000000000000B6
:108AC00000000000000000000000000000000000A6
:108AD0000000000000000000000000000000000096
:108AE0000000000000000000000000000000000086
:108AF0000000000000000000000000000000000076
:108B00000000000000000000000000000000000065
:108B10000000000000000000000000000000000055
:108B20000000000000000000000000000000000045
:108B30000000000000000000000000000000000035
:108B40000000000000000000000000000000000025
:108B50000000000000000000000000000000000015
:108B60000000000000000000000000000000000005
:108B700000000000000000000000000000000000F5
:108B800000000000000000000000000000000000E5
:108B900000000000000000000000000000000000D5
:108BA00000000000000000000000000000000000C5
:108BB00000000000000000000000000000000000B5
:108BC00000000000000000000000000000000000A5
:108BD0000000000000000000000000000000000095
:108BE0000000000000000000000000000000000085
:108BF0000000000000000000000000000000000075
:108C00000000000000000000000000000000000064
:108C10000000000000000000000000000000000054
:108C20000000000000000000000000000000000044
:108C30000000000000000000000000000000000034
:108C40000000000000000000000000000000000024
:108C50000000000000000000000000000000000014
:108C60000000000000000000000000000000000004
:108C700000000000000000000000000000000000F4
:108C800000000000000000000000000000000000E4
:108C900000000000000000000000000000000000D4
:108CA00000000000000000000000000000000000C4
:108CB00000000000000000000000000000000000B4
:108CC00000000000000000000000000000000000A4
:108CD0000000000000000000000000000000000094
:108CE0000000000000000000000000000000000084
:108CF0000000000000000000000000000000000074
:108D00000000000000000000000000000000000063
:108D10000000000000000000000000000000000053
:108D20000000000000000000000000000000000043
:108D30000000000000000000000000000000000033
:108D40000000000000000000000000000000000023
:108D50000000000000000000000000000000000013
:108D60000000000000000000000000000000000003
:108D700000000000000000000000000000000000F3
:108D800000000000000000000000000000000000E3
:108D900000000000000000000000000000000000D3
:108DA00000000000000000000000000000000000C3
:108DB00000000000000000000000000000000000B3
:108DC00000000000000000000000000000000000A3
:108DD0000000000000000000000000000000000093
:108DE0000000000000000000000000000000000083
:108DF0000000000000000000000000000000000073
:108E00000000000000000000000000000000000062
:108E10000000000000000000000000000000000052
:108E20000000000000000000000000000000000042
:108E30000000000000000000000000000000000032
:108E40000000000000000000000000000000000022
:108E50000000000000000000000000000000000012
:108E60000000000000000000000000000000000002
:108E700000000000000000000000000000000000F2
:108E800000000000000000000000000000000000E2
:108E900000000000000000000000000000000000D2
:108EA00000000000000000000000000000000000C2
:108EB00000000000000000000000000000000000B2
:108EC00000000000000000000000000000000000A2
:108ED0000000000000000000000000000000000092
:108EE0000000000000000000000000000000000082
:108EF0000000000000000000000000000000000072
:108F00000000000000000000000000000000000061
:108F10000000000000000000000000000000000051
:108F20000000000000000000000000000000000041
:108F30000000000000000000000000000000000031
:108F40000000000000000000000000000000000021
:108F50000000000000000000000000000000000011
:108F60000000000000000000000000000000000001
:108F700000000000000000000000000000000000F1
:108F800000000000000000000000000000000000E1
:108F900000000000000000000000000000000000D1
:108FA00000000000000000000000000000000000C1
:108FB00000000000000000000000000000000000B1
:108FC00000000000000000000000000000000000A1
:108FD0000000000000000000000000000000000091
:108FE0000000000000000000000000000000000081
:108FF0000000000000000000000000000000000071
:109000000000000000000000000000000000000060
:109010000000000000000000000000000000000050
:109020000000000000000000000000000000000040
:109030000000000000000000000000000000000030
:109040000000000000000000000000000000000020
:109050000000000000000000000000000000000010
:109060000000000000000000000000000000000000
:1090700000000000000000000000000000000000F0
:1090800000000000000000000000000000000000E0
:1090900000000000000000000000000000000000D0
:1090A00000000000000000000000000000000000C0
:1090B00000000000000000000000000000000000B0
:1090C00000000000000000000000000000000000A0
:1090D0000000000000000000000000000000000090
:1090E0000000000000000000000000000000000080
:1090F0000000000000000000000000000000000070
:10910000000000000000000000000000000000005F
:10911000000000000000000000000000000000004F
:10912000000000000000000000000000000000003F
:10913000000000000000000000000000000000002F
:10914000000000000000000000000000000000001F
:10915000000000000000000000000000000000000F
:1091600000000000000000000000000000000000FF
:1091700000000000000000000000000000000000EF
:1091800000000000000000000000000000000000DF
:1091900000000000000000000000000000000000CF
:1091A00000000000000000000000000000000000BF
:1091B00000000000000000000000000000000000AF
:1091C000000000000000000000000000000000009F
:1091D000000000000000000000000000000000008F
:1091E000000000000000000000000000000000007F
:1091F000000000000000000000000000000000006F
:10920000000000000000000000000000000000005E
:10921000000000000000000000000000000000004E
:10922000000000000000000000000000000000003E
:10923000000000000000000000000000000000002E
:10924000000000000000000000000000000000001E
:10925000000000000000000000000000000000000E
:1092600000000000000000000000000000000000FE
:1092700000000000000000000000000000000000EE
:1092800000000000000000000000000000000000DE
:1092900000000000000000000000000000000000CE
:1092A00000000000000000000000000000000000BE
:1092B00000000000000000000000000000000000AE
:1092C000000000000000000000000000000000009E
:1092D000000000000000000000000000000000008E
:1092E000000000000000000000000000000000007E
:1092F000000000000000000000000000000000006E
:109300004E460200000000000001000000000000C6
:10931000000000000000000000000000000000004D
:1093200080680000000000004646020000000000C7
:1093300080010000000000000000000000000000AC
:109340000000000000000000806800000000000035
:109350003E46020000000000000200000000000085
:1093600000000000000000000000000000000000FD
:109370008068000000000000F368020000000000A8
:109380006400000000000000A015020000000000C2
:109390000000000000000000CCE10100000000001F
:1093A00000000000000000000000000000000000BD
:1093B00084E1010000000000000000000000000047
:1093C000000000000000000000000000000000009D
:1093D000200000001000000000000000000000005D
:1093E00050840200000000000000000000000000A7
:1093F000555F0200000000005F0000000000000058
:1094000080150200000000000000000000000000C5
:10941000A09D01000000000000000000000000000E
:10942000000000000000000000000000000000003C
:10943000000000000000000000000000000000002C
:109440000000000000000000180000000000000004
:10945000000000000000000028840200000000005E
:1094600000000000000000005C310200000000006D
:109470004F00000000000000001602000000000085
:1094800000000000000000007C0D00000000000053
:1094900000000000000000000000000000000000CC
:1094A00000000000000000000000000000000000BC
:1094B00000000000000000000000000000000000AC
:1094C0000800000000000000000000000000000094
:1094D0001022020000000000040000000000000054
:1094E000D04802000000000056000000000000000C
:1094F000000000000000000000000000000000006C
:10950000000000000000000000000000000000005B
:10951000000000000000000000000000000000004B
:10952000000000000000000000000000000000003B
:10953000000000000000000000000000000000002B
:1095400000000000000000003016020000000000D3
:109550000000000000000000DF64020000000000C6
:109560007400000000000000581602000000000017
:109570000000000000000000F4BF01000000000037
:10958000A0BB01000000000000000000000000007F
:1095900080C1010000000000000000000000000089
:1095A00000000000000000000000000000000000BB
:1095B000A8000000580000000000000000000000AB
:1095C000D0160200000000000004000000000000AF
:1095D000354B0200000000001F00000000000000EA
:1095E0002017020000000000000000000000000042
:1095F000000000000000000000000000000000006B
:10960000000000000000000038FE00000000000024
:10961000000000000000000000000000000000004A
:10962000000000000000000000000000300000000A
:1096300000000000000000004017020000000000D1
:109640000000000000000000FF4A020000000000CF
:109650001F000000000000000000000000000000EB
:1096600000000000000000000000000000000000FA
:1096700000000000000000000000000000000000EA
:1096800000000000000000000000000000000000DA
:1096900000000000000000000000000000000000CA
:1096A00000000000000000000000000000000000BA
:1096B000E0170200000000000400000000000000AD
:1096C00031730200000000008C0000000000000068
:1096D0005818020000000000000000000000000018
:1096E00008FF010000000000000000000000000072
:1096F000000000000000000000000000000000006A
:109700000000000000000000000000000000000059
:109710000000000000000000200000000000000029
:1097200000000000000000007818020000000000A7
:1097300004000000000000000867020000000000B4
:109740007400000000000000F81802000000000093
:109750000000000000000000F0DA0100000000003E
:1097600084D901000000000000000000000000009B
:1097700014D90100000000000000000000000000FB
:1097800000000000000000000000000000000000D9
:10979000A800000010000000000000000000000011
:1097A000501A02000000000000000000000000004D
:1097B000144B0200000000001F0000000000000029
:1097C0008017020000000000000000000000000000
:1097D0000000000000000000000000000000000089
:1097E0000000000000000000C8FD000000000000B4
:1097F0000000000000000000000000000000000069
:109800000000000000000000000000003000000028
:109810000000000000000000A0170200000000008F
:109820000400000000000000B54C02000000000031
:109830003400000000000000281D020000000000AD
:109840003C35010000000000603401000000000011
:1098500010340100000000000000000000000000C3
:1098600000000000000000000000000000000000F8
:1098700000000000000000000000000000000000E8
:1098800010000000000000000000000000000000C8
:10989000481D020000000000000000000000000061
:1098A0007961020000000000660000000000000076
:1098B000981D0200000000000000000000000000F1
:1098C0000000000000000000000000000000000098
:1098D0000000000000000000D4AB01000000000008
:1098E0000000000000000000000000000000000078
:1098F0000000000000000000000000005000000018
:109900000000000000000000B81D02000000000080
:1099100000000000000000007A5E0200000000006D
:109920007500000000000000D021020000000000CF
:109930000000000000000000D490010000000000C2
:10994000F491010000000000000000000000000091
:109950000000000000000000000000000000000007
:1099600000000000000000000000000000000000F7
:10997000980200000000000000000000000000004D
:10998000F0210200000000000004000000000000C0
:10999000E950020000000000170000000000000075
:1099A00000000000000000000000000000000000B7
:1099B0006C5A0100000000000000000000000000E0
:1099C0000000000000000000000000000000000097
:1099D0000000000000000000000000000000000087
:1099E0000000000000000000000000000000000077
:1099F0000000000000000000381E0200000000000F
:109A0000000400000000000059680200000000008F
:109A10004C000000000000000000000000000000FA
:109A20000000000000000000000000000000000036
:109A30000000000000000000000000000000000026
:109A40000000000000000000000000000000000016
:109A50000000000000000000000000000000000006
:109A600000000000000000000000000000000000F6
:109A7000601E020000000000040000000000000062
:109A8000E4610200000000006F0000000000000020
:109A9000681E02000000000000000000000000003E
:109AA00000B3010000000000000000000000000002
:109AB00000000000000000001CAF010000000000DA
:109AC0000000000000000000000000000000000096
:109AD000000000000000000020000000280000003E
:109AE0000000000000000000D81E0200000000007E
:109AF0000000000000000000144A02000000000006
:109B00001E00000000000000181E020000000000FF
:109B1000000000000000000064F4000000000000ED
:109B20000000000000000000000000000000000035
:109B30000000000000000000000000000000000025
:109B40000000000000000000000000000000000015
:109B50000000000000000000000000000000000005
:109B600000000000000000000400000000000000F1
:109B7000BF4D0200000000002F00000000000000A8
:109B8000201F0200000000006839010000000000F2
:109B9000B4380100000000000000000000000000D8
:109BA00000000000000000000000000000000000B5
:109BB00000000000000000000000000000000000A5
:109BC0000000000000000000000000000000000095
:109BD0000000000000000000000000000000000085
:109BE00004000000000000004A4D020000000000D8
:109BF0007A000000000000000000000000000000EB
:109C00000000000000000000000000000000000054
:109C10000000000000000000000000000000000044
:109C20000000000000000000000000000000000034
:109C30000000000000000000000000000000000024
:109C40000000000000000000000000000000000014
:109C5000A8800200000000000400000000000000D6
:109C60002F610200000000006600000000000000FC
:109C7000781C02000000000000000000000000004E
:109C800000000000000000000000000000000000D4
:109C9000000000000000000004A901000000000016
:109CA00000000000000000000000000000000000B4
:109CB000000000000000000000000000280000007C
:109CC0000000000000000000981C020000000000DE
:109CD00000000000000000001B6102000000000006
:109CE0006600000000000000F81B020000000000F9
:109CF000000000000000000034AA01000000000085
:109D00000000000000000000000000000000000053
:109D100004A9010000000000000000000000000095
:109D20000000000000000000000000000000000033
:109D300010000000280000000000000000000000EB
:109D4000181C0200000000000000000000000000DD
:109D5000934B020000000000000000000000000023
:109D600000000000000000000000000000000000F3
:109D700000000000000000000000000000000000E3
:109D800000000000000000000000000000000000D3
:109D900000000000000000000000000000000000C3
:109DA00000000000000000000000000000000000B3
:109DB00000000000000000000000000000000000A3
:109DC00000000000000000005554020000000000E8
:109DD0004B00000000000000701F020000000000A7
:109DE0009886010000000000C48601000000000009
:109DF0000000000000000000000000000000000063
:109E00000000000000000000000000000000000052
:109E10000000000000000000000000000000000042
:109E2000C8000000880100000000000000000000E1
:109E30000002F09F00000000000000000000000091
:109E4000A34B0200000000007000000000000000B2
:109E5000F81C0200000000000000000000000000EC
:109E600000000000000000000000000000000000F2
:109E700000000000000000000000000000000000E2
:109E800000000000000000000000000000000000D2
:109E900000000000000000000000000000000000C2
:109EA00000000000000000000000000000000000B2
:109EB00004000000000000005B4B020000000000F6
:109EC0001F00000000000000202102000000000030
:109ED000000000000000000054020100000000002B
:109EE0000000000000000000000000000000000072
:109EF00094FF0000000000000000000000000000CF
:109F00000000000000000000000000000000000051
:109F10000000000008000000000000000000000039
:109F20006880020000000000000000000000000047
:109F30003C4D0200000000004F0000000000000047
:109F400040210200000000000000000000000000AE
:109F5000C03601000000000000000000000000000A
:109F600000000000000000000000000000000000F1
:109F700000000000000000000000000000000000E1
:109F800000000000000000000000000000000000D1
:109F900000000000000000000000000000000000C1
:109FA000000000000000000041510200000000001D
:109FB0004B000000000000006021020000000000D3
:109FC00034710100000000000C700100000000006E
:109FD0000000000000000000000000000000000081
:109FE000186F0100000000000000000000000000E9
:109FF0000000000000000000000000000000000061
:10A00000A00000008001000000000000000000002F
:10A01000981802000000000000000000000000008E
:10A020002373020000000000680000000000000030
:10A03000802102000000000030FE0100000000004E
:10A04000D8FD0100000000009CFD010000000000A0
:10A050000000000000000000000000000000000000
:10A0600000000000000000000000000000000000F0
:10A0700000000000000000000800000000000000D8
:10A080000000000000000000A0210200000000000D
:10A0900000040000000000008F63020000000000C8
:10A0A000760000000000000000000000000000003A
:10A0B00000000000000000000000000000000000A0
:10A0C0000000000000000000000000000000000090
:10A0D0000000000000000000000000000000000080
:10A0E0000000000000000000000000000000000070
:10A0F0000000000000000000000000000000000060
:10A10000000000000000000000000000000000004F
:10A11000596802000000000000000000000000007C
:10A1200043420200000000005464000000000000F0
:10A130006949020000000000020000000800000061
:10A140008CED000000000000000000000000000096
:10A150008CEA000000000000665E020000000000C3
:10A160000600000040000000B08E0100000000006A
:10A170000000000000000000B88E01000000000098
:10A180001E37020000000000010000000000000077
:10A19000A0270000000000001937020000000000A6
:10A1A0000200000000000000A027000000000000E6
:10A1B0001237020000000000030000000000000051
:10A1C000A027000000000000A137020000000000EE
:10A1D00000000000000000005C2C000000000000F7
:10A1E0009D37020000000000080000000000000091
:10A1F000882B000000000000ED500200000000006D
:10A200001700000000000000000000000000000037
:10A21000000000000000000000000000000000003E
:10A22000CCED000000000000000000000000000075
:10A23000000000000000000000000000000000001E
:10A24000000000000000000000000000000000000E
:10A2500000000000000000000000000000000000FE
:10A26000900000000000000000000000000000005E
:10A270002A4A0200000000001E000000000000004A
:10A280003419010000000000000000000000000080
:10A2900000000000000000000000000000000000BE
:10A2A00000000000000000000000000000000000AE
:10A2B000000000000000000000000000000000009E
:10A2C000000000000000000000000000000000008E
:10A2D000000000000000000000000000000000007E
:10A2E00000000000000000002B61020000000000E0
:10A2F0001F0000000000000000000000000000003F
:10A30000000000000000000000000000000000004D
:10A31000CCFC000000000000000000000000000075
:10A32000000000000000000000000000000000002D
:10A33000000000000000000000000000000000001D
:10A34000000000000000000000000000000000000D
:10A3500000000000000000000000000000000000FD
:10A36000473E0200000000002F0000000000000037
:10A37000341901000000000000000000000000008F
:10A3800000000000000000000000000000000000CD
:10A3900000000000000000000000000000000000BD
:10A3A00000000000000000000000000000000000AD
:10A3B000000000000000000000000000000000009D
:10A3C000000000000000000000000000000000008D
:10A3D0000000000000000000CC4C02000000000063
:10A3E0003400000000000000542A010000000000BA
:10A3F000000000000000000000000000000000005D
:10A40000542B010000000000EC2A010000000000B5
:10A41000000000000000000000000000000000003C
:10A42000000000000000000000000000000000002C
:10A4300000000000000000000000000020000000FC
:10A44000000000000000000000000000010000000B
:10A45000D14C0200000000004A0000000000000093
:10A46000341901000000000000000000000000009E
:10A4700000000000000000000000000000000000DC
:10A4800000000000000000000000000000000000CC
:10A4900000000000000000000000000000000000BC
:10A4A00000000000000000000000000000000000AC
:10A4B000000000000000000000000000000000009C
:10A4C00000000000000000009A3C020000000000B4
:10A4D0004B00000000000000000000000000000031
:10A4E000000000000000000000000000000000006C
:10A4F0000000000000000000885A01000000000079
:10A50000000000000000000000000000000000004B
:10A51000000000000000000000000000000000003B
:10A520000000000000000000000000000800000023
:10A53000000000000000000000000000010000001A
:10A540004D680200000000004C0000000000000008
:10A5500000000000000000000000000000000000FB
:10A5600000000000000000000000000000000000EB
:10A5700000000000000000000000000000000000DB
:10A5800000000000000000000000000000000000CB
:10A5900000000000000000000000000000000000BB
:10A5A00000000000000000000000000000000000AB
:10A5B0000000000000000000BA4902000000000096
:10A5C0004D0000000000000000000000000000003E
:10A5D000000000000000000000000000000000007B
:10A5E000000000000000000000000000000000006B
:10A5F000000000000000000000000000000000005B
:10A60000000000000000000000000000000000004A
:10A6100000000000000000000000000090010000A9
:10A62000000000000000000000000000000000002A
:10A630009F4B0200000000004F00000000000000DF
:10A64000000000000000000000000000000000000A
:10A6500000000000000000000000000000000000FA
:10A6600000000000000000000000000000000000EA
:10A6700000000000000000000000000000000000DA
:10A6800000000000000000000000000000000000CA
:10A6900000000000000000000000000000000000BA
:10A6A0000000000000000000D4480200000000008C
:10A6B0005600000000000000000000000000000044
:10A6C000000000000000000000000000000000008A
:10A6D000000000000000000000000000000000007A
:10A6E000000000000000000000000000000000006A
:10A6F000000000000000000000000000000000005A
:10A700000000000000000000000000000000000049
:10A7100078000000000000000000000000000000C1
:10A72000485F0200000000005F0000000000000021
:10A730000000000000000000000000000000000019
:10A7400000000000000000008099010000000000EF
:10A75000409901000000000000000000000000001F
:10A7600000000000000000000000000000000000E9
:10A7700000000000000000000000000000000000D9
:10A7800000000000080000000400000000000000BD
:10A790000000000000000000C03A020000000000BD
:10A7A0006400000000000000000000000000000045
:10A7B0000000000000000000000000000000000099
:10A7C0000000000000000000000000000000000089
:10A7D0000000000000000000000000000000000079
:10A7E0000000000000000000000000000000000069
:10A7F0000000000000000000000000000000000059
:10A800000000000000000000000000000000000048
:10A810007E610200000000006600000000000000F1
:10A82000649F010000000000000000000000000024
:10A83000D89D0100000000002CA6010000000000CF
:10A840000000000000000000000000000000000008
:10A8500000000000000000000000000000000000F8
:10A8600000000000000000000000000000000000E8
:10A870000000000000000000480000000000000090
:10A8800000000000000000002B7302000000000028
:10A890006800000000000000000000000000000050
:10A8A00000000000000000000000000000000000A8
:10A8B0000000000000000000000000000000000098
:10A8C0000000000000000000000000000000000088
:10A8D0000000000000000000000000000000000078
:10A8E0000000000000000000000000000000000068
:10A8F0000000000000000000000000000000000058
:10A900008E4B02000000000000000000000000006C
:10A910000000000000000000000000000000000037
:10A920000000000000000000000000000000000027
:10A930000000000000000000000000000000000017
:10A940000000000000000000000000000000000007
:10A9500000000000000000000000000000000000F7
:10A9600000000000000000000000000000000000E7
:10A970000000000000000000EC6102000000000088
:10A980006F00000000000000000000000000000058
:10A9900000000000000000000000000000000000B7
:10A9A0001CAD01000000000040AD010000000000EF
:10A9B0000000000000000000000000000000000097
:10A9C0000000000000000000000000000000000087
:10A9D000000000000000000000000000080000006F
:10A9E0000000000000000000000000000100000066
:10A9F000A34B0200000000007000000000000000F7
:10AA0000F82301000000000000000000000000002A
:10AA10000000000000000000000000000000000036
:10AA20000000000000000000000000000000000026
:10AA30000000000000000000000000000000000016
:10AA40000000000000000000000000000000000006
:10AA500000000000000000001800000000000000DE
:10AA60000000000000000000D567020000000000A8
:10AA70007400000000000000341901000000000014
:10AA800000000000000000000000000000000000C6
:10AA900060B40100000000000000000000000000A1
:10AAA00080BA01000000000014B4010000000000A2
:10AAB0000000000000000000000000000000000096
:10AAC0000000000000000000000000000C0000007A
:10AAD0000000000030000000100000000100000035
:10AAE0009F630200000000007600000000000000EC
:10AAF0000000000000000000000000000000000056
:10AB00000000000000000000000000000000000045
:10AB10000000000000000000000000000000000035
:10AB20000000000000000000000000000000000025
:10AB30000000000000000000000000000000000015
:10AB40000000000000000000000000000000000005
:10AB50000000000000000000885E0200000000000D
:10AB60007500000000000000948F0100000000004C
:10AB700000000000000000000000000000000000D5
:10AB800000000000000000000000000000000000C5
:10AB900000000000000000000000000000000000B5
:10ABA00000000000000000000000000000000000A5
:10ABB00000000000000000000000000098020000FB
:10ABC0000000000000000000000000000000000085
:10ABD0004F4D0200000000007A000000000000005D
:10ABE0000000000000000000000000000000000065
:10ABF0000000000000000000000000000000000055
:10AC00000000000000000000000000000000000044
:10AC10000000000000000000000000000000000034
:10AC20000000000000000000000000000000000024
:10AC30000000000000000000000000000000000014
:10AC40000000000000000000FD7302000000000092
:10AC50008C00000000000000000000000000000068
:10AC600000000000000000005C0002000000000086
:10AC700000000000000000000000000000000000D4
:10AC800000000000000000000000000000000000C4
:10AC900000000000000000000000000000000000B4
:10ACA000000000000000000000000000780000002C
:10ACB0000000000000000000000000000100000093
:10ACC000D00DFEED00002D5F000000380000269C36
:10ACD0000000002800000011000000020000000039
:10ACE000000006C300002664000000000000000011
:10ACF0000000000000000000000000010000000053
:10AD0000000000030000001500000000696E74657B
:10AD10006C2C736F63667067612D6167696C657811
:10AD20000000000000000003000000040000000B11
:10AD30000000000200000003000000040000001AF0
:10AD400000000002000000030000001600000026C2
:10AD5000536F4346504741204167696C6578352001
:10AD6000536F43444B00000000000001736F630009
:10AD700000000003000000040000000B00000001C0
:10AD800000000003000000040000001A00000001A1
:10AD9000000000030000000B0000000073696D70EC
:10ADA0006C652D6275730000000000030000000454
:10ADB0000000002C736F630000000003000000100F
:10ADC000000000380000000000000000000000004B
:10ADD000FFFFFFFF00000001636C6F636B2D636F6B
:10ADE0006E74726F6C6C657240313064313030302B
:10ADF000300000000000000300000015000000000B
:10AE0000696E74656C2C6167696C6578352D636C4F
:10AE10006B6D677200000000000000030000000876
:10AE20000000003F10D100000000100000000003EF
:10AE300000000004000000430000000100000003C7
:10AE400000000004000000500000000A00000002A2
:10AE5000000000016770696F403130633033333078
:10AE60003000000000000003000000040000000BA0
:10AE70000000000100000003000000040000001AB0
:10AE800000000000000000030000001100000000AE
:10AE9000736E70732C64772D6170622D6770696FAB
:10AEA0000000000000000003000000080000003F58
:10AEB00010C0330000000080000000030000000804
:10AEC00000000058000000070000003900000003E7
:10AED000000000050000005F6F6B6179000000005A
:10AEE000000000016770696F2D636F6E74726F6C84
:10AEF0006C65724030000000000000030000001686
:10AF000000000000736E70732C64772D6170622DE9
:10AF10006770696F2D706F7274000000000000038D
:10AF200000000000000000660000000300000004B4
:10AF30000000007600000002000000030000000492
:10AF40000000008200000018000000030000000460
:10AF50000000003F000000000000000300000000AF
:10AF6000000000900000000300000004000000A5A5
:10AF7000000000020000000300000006000000B610
:10AF8000706F727462000000000000030000000493
:10AF9000000000500000000D000000020000000250
:10AFA000000000016933634031306461303030307B
:10AFB0000000000000000003000000190000000075
:10AFC000736E70732C64772D6933632D6D617374A8
:10AFD00065722D312E30306100000000000000034A
:10AFE000000000080000003F10DA00000000100020
:10AFF00000000003000000040000000B000000013E
:10B0000000000003000000040000001A000000001F
:10B0100000000003000000080000005800000007C6
:10B020000000002D0000000300000004000000C02C
:10B030000000000B0000000300000008000000CC2E
:10B040000000000A000000210000000300000005CD
:10B050000000005F6F6B61790000000000000002DB
:10B0600000000001693363403130646131303030B9
:10B0700000000000000000030000001900000000B4
:10B08000736E70732C64772D6933632D6D617374E7
:10B0900065722D312E303061000000000000000389
:10B0A000000000080000003F10DA1000000010004F
:10B0B00000000003000000040000000B000000017D
:10B0C00000000003000000040000001A000000005F
:10B0D0000000000300000008000000580000000706
:10B0E0000000002E0000000300000008000000CC5B
:10B0F0000000000A0000002100000003000000041E
:10B10000000000C00000000B00000003000000056C
:10B110000000005F6F6B617900000000000000021A
:10B1200000000001726567756C61746F722D66694D
:10B130007865642D33703376000000000000000352
:10B140000000001000000000726567756C61746F8C
:10B15000722D666978656400000000030000000B32
:10B16000000000D3636172642D706F776572000018
:10B170000000000300000004000000E200325AA0BA
:10B180000000000300000004000000FA00325AA092
:10B190000000000300000000000001120000000396
:10B1A00000000004000000500000000E000000023B
:10B1B00000000001726567756C61746F722D3170EB
:10B1C00038760000000000030000000F00000000BF
:10B1D000726567756C61746F722D6770696F0000BE
:10B1E0000000000300000010000000D373642D6213
:10B1F00075732D696F2D706F776572000000000305
:10B2000000000004000000E2001B77400000000383
:10B2100000000004000000FA00325AA00000000301
:10B220000000001000000126001B77400000000114
:10B2300000325AA000000000000000030000000CD3
:10B240000000008A0000000D000000030000000064
:10B250000000000300000004000000500000000F88
:10B2600000000002000000016D6D63304031303895
:10B2700030383030300000000000000300000004CF
:10B280000000000B000000010000000300000004AB
:10B290000000001A00000000000000030000001E73
:10B2A00000000000616C74722C6167696C65783510
:10B2B0002D73643668630063646E732C7364366840
:10B2C0006300000000000003000000080000003FD1
:10B2D000108080000000100000000003000000103B
:10B2E000000000CC0000000A000000210000000A5D
:10B2F0000000003000000003000000080000012DE5
:10B3000062697500636975000000000300000008B1
:10B3100000000139000000080000000500000003E3
:10B32000000000050000005F6F6B61790000000005
:10B3300000000003000000000000014000000003C6
:10B34000000000080000014E000020000000FF0087
:10B350000000000300000018000000580000000773
:10B3600000000006000000070000000F00000007BA
:10B3700000000007000000030000001E0000015E46
:10B38000636F6D626F7068790073646D6D632D6FAC
:10B39000637000736468632D7265736574000000E8
:10B3A00000000003000000000000016A000000032C
:10B3B0000000000000000171000000030000000018
:10B3C0000000017C00000003000000040000018D6B
:10B3D0000000000E000000030000000400000199BE
:10B3E0000000000F0000000300000004000001A6A0
:10B3F0000BEBC2000000000300000008000001B4D5
:10B40000000000000000C80000000003000000046D
:10B41000000001BF007800000000000300000004ED
:10B42000000001DF81A400400000000300000004D0
:10B430000000020300A000FE000000030000000462
:10B4400000000221280000010000000300000004A9
:10B45000000002400078000100000003000000042A
:10B460000000026081A4004000000003000000040E
:10B47000000002841000000100000003000000042E
:10B48000000002A30000010100000003000000040E
:10B49000000002C4000A00010000000300000004D4
:10B4A000000002E700780004000000030000000430
:10B4B0000000030A80A40040000000030000000414
:10B4C0000000033104000004000000030000000439
:10B4D00000000352380000010000000300000004D7
:10B4E00000000374F1C1800C0000000300000004A0
:10B4F0000000039A000200000000000300000004A6
:10B50000000003C30000010100000003000000046C
:10B51000000003E70009000500000003000000042C
:10B520000000040D110000010000000300000004F1
:10B530000000043100780004000000030000000453
:10B5400000000456004D4D00000000030000000400
:10B550000000047981A40040000000030000000402
:10B56000000004A2F1C180000000000300000004FC
:10B57000000004CA000900000000000300000004ED
:10B58000000004F5000001010000000300000004B9
:10B590000000051B000A000100000002000000017D
:10B5A0006E616E64403130623830303030000000FF
:10B5B000000000030000000A0000000063646E73D6
:10B5C0002C6E616E6400000000000003000000109B
:10B5D0000000003F10B800000001000010840000CF
:10B5E00000001000000000030000000900000543F7
:10B5F0007265670073646D61000000000000000365
:10B60000000000040000000B000000010000000327
:10B61000000000040000001A000000000000000309
:10B6200000000008000000CC0000000A0000002D0F
:10B630000000000300000010000000580000000798
:10B6400000000005000000070000000600000003E5
:10B65000000000040000054D000012DE00000003A1
:10B66000000000050000005F6F6B617900000000C2
:10B6700000000001666C6173684030000000000348
:10B68000000000040000003F000000000000000374
:10B69000000000040000000B000000010000000397
:10B6A000000000040000001A000000010000000279
:10B6B00000000002000000017273746D6772403177
:10B6C00030643131303030000000000300000004ED
:10B6D0000000056100000001000000030000000DF3
:10B6E00000000000616C74722C7273742D6D6772AF
:10B6F0000000000000000003000000080000003F00
:10B7000010D1100000001000000000030000000431
:10B710000000056E0000002400000003000000048B
:10B7200000000050000000070000000200000001BF
:10B730007379736D6772403130643132303030006C
:10B74000000000030000001400000000616C74722F
:10B750002C7379732D6D677200737973636F6E004C
:10B7600000000003000000080000003F10D120008E
:10B77000000005000000000300000004000000506D
:10B7800000000009000000020000000174696D65FE
:10B79000723040313063303330303000000000030D
:10B7A0000000001200000000736E70732C64772D8F
:10B7B0006170622D74696D65720000000000000305
:10B7C000000000080000003F10C030000000010031
:10B7D00000000003000000080000005800000007FF
:10B7E000000000260000000300000008000000CC5C
:10B7F0000000000A00000022000000030000000614
:10B800000000012D74696D657200000000000003E6
:10B81000000000050000005F6F6B61790000000010
:10B82000000000020000000174696D657231403152
:10B83000306330333130300000000003000000126C
:10B8400000000000736E70732C64772D6170622DA0
:10B8500074696D65720000000000000300000008BC
:10B860000000003F10C03100000001000000000394
:10B87000000000080000005800000007000000273A
:10B880000000000300000008000000CC0000000AD7
:10B890000000002200000003000000060000012D4F
:10B8A00074696D657200000000000003000000056F
:10B8B0000000005F6F6B6179000000000000000273
:10B8C0000000000174696D657232403130643030BF
:10B8D00030303000000000030000001200000000C3
:10B8E000736E70732C64772D6170622D74696D6551
:10B8F0007200000000000003000000080000003F8C
:10B9000010D000000000010000000003000000084B
:10B9100000000058000000070000002400000003A1
:10B9200000000008000000CC0000000A0000000336
:10B9300000000003000000060000012D74696D6521
:10B940007200000000000003000000050000005F1E
:10B950006F6B617900000000000000020000000130
:10B9600074696D657233403130643030313030008D
:10B97000000000030000001200000000736E7073EE
:10B980002C64772D6170622D74696D657200000002
:10B9900000000003000000080000003F10D001007C
:10B9A0000000010000000003000000080000005833
:10B9B0000000000700000025000000030000000850
:10B9C000000000CC0000000A00000003000000039B
:10B9D000000000060000012D74696D657200000012
:10B9E00000000003000000050000005F6F6B61793C
:10B9F0000000000000000002000000017365726991
:10BA0000616C304031306330323030300000000043
:10BA1000000000030000001100000000736E70734E
:10BA20002C64772D6170622D7561727400000000C6
:10BA300000000003000000080000003F10C02000CC
:10BA40000000010000000003000000040000058168
:10BA50000000000200000003000000040000058B4D
:10BA6000000000040000000300000008000000586F
:10BA70000000000700000030000000030000000587
:10BA80000000005F6F6B61790000000000000003A0
:10BA900000000008000000CC0000000A00000022A6
:10BAA00000000003000000040000059805F5E10017
:10BAB00000000002000000017761746368646F6732
:10BAC000403130643030323030000000000000037C
:10BAD0000000000C00000000736E70732C64772D62
:10BAE0007764740000000003000000080000003FBD
:10BAF00010D0020000000100000000030000000858
:10BB000000000058000000070000002000000003B3
:10BB100000000008000000CC0000000A0000000344
:10BB200000000003000000050000005F6F6B6179FA
:10BB30000000000000000002000000017364724079
:10BB40003138303030303030000000000000000369
:10BB50000000001600000000696E74656C2C7364B0
:10BB6000722D63746C2D6167696C65783500000017
:10BB700000000003000000080000003F1800000063
:10BB80000040000000000003000000080000005812
:10BB90000000000700000046000000020000000155
:10BBA000737069403130386432303030000000004A
:10BBB000000000030000000E0000000063646E73CC
:10BBC0002C717370692D6E6F72000000000000030D
:10BBD000000000040000000B000000010000000352
:10BBE000000000040000001A000000000000000334
:10BBF000000000100000003F108D20000000010038
:10BC0000109000000010000000000003000000047D
:10BC1000000005A8000000800000000300000004F0
:10BC2000000005B80000000400000003000000044C
:10BC3000000005C800000000000000030000000430
:10BC4000000000CC0000001100000003000000050F
:10BC50000000005F6F6B61790000000000000001D0
:10BC6000666C61736840300000000003000000044F
:10BC70000000000B000000010000000300000004B1
:10BC80000000001A00000001000000030000000E88
:10BC9000000000006A656465632C7370692D6E6F27
:10BCA0007200000000000003000000040000003FDC
:10BCB000000000000000000300000004000005DD9B
:10BCC00005F5E1000000000300000000000005EFA2
:10BCD0000000000300000004000005FE0000010059
:10BCE00000000003000000040000060D000000102A
:10BCF00000000003000000040000061D00000032E8
:10BD000000000003000000040000062B00000032C9
:10BD100000000003000000040000063900000004D9
:10BD200000000003000000040000064700000004BB
:10BD3000000000030000000400000655000000049D
:10BD4000000000030000000400000666000000047C
:10BD5000000000020000000200000001736F636633
:10BD60007067612D6363752D636F6E666967000090
:10BD7000000000030000001400000000696E7465FC
:10BD80006C2C736F63667067612D647472656700F5
:10BD900000000003000000040000000B0000000190
:10BDA00000000003000000040000001A0000000171
:10BDB00000000001695F6363755F6361697530400E
:10BDC00031633030303030300000000000000003BC
:10BDD000000000080000003F1C00000000001000F0
:10BDE000000000030000012C00000677000003C4DF
:10BDF000000000000707077700000414000180001E
:10BE0000FFFFFFFF0000041800000000000000FF1B
:10BE100000000410C0E00200C1F03E1F0000042436
:10BE20000001D000FFFFFFFF000004280000000019
:10BE3000000000FF00000420C0800400C1F03E1F8D
:10BE40000000044400020000FFFFFFFF0000044860
:10BE500000000000000000FF00000440C1100006C8
:10BE6000C1F03E1F0000045400040000FFFFFFFF6C
:10BE70000000045800000000000000FF0000045013
:10BE8000C1200006C1F03E1F00000464000800004D
:10BE9000FFFFFFFF0000046800000000000000FF3B
:10BEA0000000047400400000FFFFFFFF0000047862
:10BEB00000000000000000FF00000470C1600006E8
:10BEC000C1F03E1F0000048400800000FFFFFFFF60
:10BED0000000048800000000000000FF000004943F
:10BEE00004000000FFFFFFFF0000049800000000B6
:10BEF000000000FF00000490C1A00006C1F03E1F3A
:10BF0000000004A408000000FFFFFFFF000004A8D9
:10BF100000000000000000FF00000002000000011F
:10BF2000695F6363755F6E6361697530403163306B
:10BF30003031303030000000000000030000000805
:10BF40000000003F1C001000000010000000000373
:10BF50000000012C00000677000003C40000000070
:10BF6000070707770000040400010000FFFFFFFF40
:10BF70000000040800000000000000FF00000400B2
:10BF8000C0F00000C1F03E1F00000414000180005A
:10BF9000FFFFFFFF0000041800000000000000FF8A
:10BFA00000000410C0E00200C1F03E1F0000044485
:10BFB00000020000FFFFFFFF000004480000000037
:10BFC000000000FF00000440C1100006C1F03E1F49
:10BFD0000000045400040000FFFFFFFF00000458AD
:10BFE00000000000000000FF00000450C120000617
:10BFF000C1F03E1F0000046400080000FFFFFFFFC7
:10C000000000046800000000000000FF000004744D
:10C0100000400000FFFFFFFF000004780000000068
:10C02000000000FF00000470C1600006C1F03E1F68
:10C030000000048400800000FFFFFFFF0000048870
:10C0400000000000000000FF000004940400000055
:10C05000FFFFFFFF0000049800000000000000FF49
:10C0600000000490C1A00006C1F03E1F000004A41F
:10C0700008000000FFFFFFFF000004A80000000010
:10C08000000000FF0000000200000001695F636320
:10C09000755F6E63616975314031633030323030C5
:10C0A0003000000000000003000000080000003F16
:10C0B0001C002000000010000000000300000054DD
:10C0C00000000677000003C40000000007070777A0
:10C0D0000000046400080000FFFFFFFF0000046888
:10C0E00000000000000000FF000004840080000049
:10C0F000FFFFFFFF0000048800000000000000FFB9
:10C10000000004A408000000FFFFFFFF000004A8D7
:10C1100000000000000000FF00000002000000011D
:10C12000695F6363755F6E63616975324031633067
:10C130003033303030000000000000030000000801
:10C140000000003F1C003000000010000000000351
:10C150000000005400000677000003C40000000047
:10C16000070707770000046400080000FFFFFFFFD7
:10C170000000046800000000000000FF00000484CC
:10C1800000800000FFFFFFFF0000048800000000A7
:10C19000000000FF000004A408000000FFFFFFFFF4
:10C1A000000004A800000000000000FF00000002E2
:10C1B00000000001695F6363755F6E6361697533D9
:10C1C0004031633030343030300000000000000374
:10C1D000000000080000003F1C00400000001000AC
:10C1E000000000030000007800000677000003C490
:10C1F000000000000707077700000414000180001A
:10C20000FFFFFFFF0000041800000000000000FF17
:10C2100000000410C0E00200C1F03E1F00000464F2
:10C2200000080000FFFFFFFF00000468000000009E
:10C23000000000FF0000048400800000FFFFFFFFFB
:10C240000000048800000000000000FF000004A4BB
:10C2500008000000FFFFFFFF000004A8000000002E
:10C26000000000FF0000000200000001695F63633E
:10C27000755F646365304031633030353030300095
:10C2800000000003000000080000003F1C005000F8
:10C2900000001000000000030000005400000677BA
:10C2A000000003C4000000000707077700000464D3
:10C2B00000080000FFFFFFFF00000468000000000E
:10C2C000000000FF0000048400800000FFFFFFFF6B
:10C2D0000000048800000000000000FF000004A42B
:10C2E00008000000FFFFFFFF000004A8000000009E
:10C2F000000000FF0000000200000001695F6363AE
:10C30000755F646365314031633030363030300002
:10C3100000000003000000080000003F1C00600057
:10C320000000100000000003000000540000067729
:10C33000000003C400000000070707770000046442
:10C3400000080000FFFFFFFF00000468000000007D
:10C35000000000FF0000048400800000FFFFFFFFDA
:10C360000000048800000000000000FF000004A49A
:10C3700008000000FFFFFFFF000004A8000000000D
:10C38000000000FF0000000200000001695F63631D
:10C39000755F646D69304031633030373030300064
:10C3A00000000003000000080000003F1C007000B7
:10C3B00000001000000000030000002400000677C9
:10C3C0000000030000000001000000030000030063
:10C3D0000000000300000003000003080000000C40
:10C3E0000000001F0000000200000001695F63639D
:10C3F000755F646D69304031633030383030300003
:10C4000000000003000000080000003F1C00800046
:10C410000000100000000003000000240000067768
:10C420000000030000000001000000030000030002
:10C430000000000300000003000003080000000CDF
:10C440000000001F000000020000000200000001C8
:10C45000736F63667067612D6669726577616C6C76
:10C460002D636F6E66696700000000030000001412
:10C4700000000000696E74656C2C736F63667067F2
:10C48000612D647472656700000000030000000401
:10C490000000000B00000001000000030000000489
:10C4A0000000001A00000001000000016E6F635FD1
:10C4B00066775F6C345F7065724031306432313062
:10C4C0003030000000000003000000080000003FC2
:10C4D00010D210000000008C00000003000001508A
:10C4E00000000677000000000101000101010001C9
:10C4F0000000000C0101000101010001000000101A
:10C5000001010001010100010000001C0101030103
:10C5100001010301000000200101030101010301E9
:10C5200000000024010103010101030100000028B3
:10C5300001010301010103010000002C01010001C0
:10C5400001010001000000300101000101010001B2
:10C550000000003401010001010100010000004061
:10C56000010100010101000100000044010103017B
:10C570000101030100000048010103010101030161
:10C5800000000050010103010101030100000054FB
:10C590000101030101010301000000580101030131
:10C5A000010103010000005C01010301010103011D
:10C5B00000000060010103010101030100000064AB
:10C5C00001010301010103010000006801010301F1
:10C5D000010103010000006C0101030101010301DD
:10C5E000000000700101030101010301000000745B
:10C5F00001010301010103010000007801010301B1
:10C60000010103010000007C0101000101010001A2
:10C610000000008001010001010100010000008410
:10C620000101000101010001000000880101030176
:10C630000101030100000002000000016E6F635F52
:10C6400066775F6C345F73797340313064323131B7
:10C650003030000000000003000000080000003F30
:10C6600010D21100000000980000000300000174C7
:10C67000000006770000000801010001010100012F
:10C680000000000C01010001010100010000001088
:10C69000010100010101000100000014010100017D
:10C6A0000101000100000018010100010101000169
:10C6B0000000001C01010001010100010000002038
:10C6C00001010001010100010000002C0101000135
:10C6D0000101000100000030010100010101000121
:10C6E00000000034010100010101000100000038D8
:10C6F00001010001010100010000004001010001F1
:10C7000001010001000000440101000101010001DC
:10C710000000004801010001010100010000004C7F
:10C7200001010001010100010000005401010001AC
:10C730000101000100000058010100010101000198
:10C740000000005C01010001010100010000006027
:10C750000101030101010301000000640101030163
:10C76000010103010000006801010301010103014F
:10C770000000006C010103010101030100000070D1
:10C780000101030101010301000000740101030123
:10C790000101030100000078030100010301000111
:10C7A0000000007C01010301010103010000008081
:10C7B00001010001010100010000008401010001EC
:10C7C00001010001000000880101000101010001D8
:10C7D000000000900101000101010001000000942F
:10C7E0000101000101010001000000020000000140
:10C7F0006E6F635F66775F6C77736F6332667067C7
:10C8000061403130643231333030000000000003C9
:10C81000000000080000003F10D2130000000004D8
:10C82000000000030000000C00000677000000007C
:10C830000FFE03010FFE03010000000200000001D3
:10C840006E6F635F66775F736F63326670676140B8
:10C85000313064323132303000000000000000031B
:10C86000000000080000003F10D212000000000489
:10C87000000000030000000C00000677000000002C
:10C880000FFE03010FFE0301000000020000000183
:10C890006E6F635F66775F74637540313064323109
:10C8A0003430300000000003000000080000003FAA
:10C8B00010D2140000000004000000030000000C6F
:10C8C00000000677000000000101000101010001E5
:10C8D000000000020000000200000001736F6366A8
:10C8E0007067612D6363752D6464722D696E746564
:10C8F000726C656176696E672D6F66660000000078
:10C90000000000030000001400000000696E746560
:10C910006C2C736F63667067612D64747265670059
:10C9200000000003000000040000000B00000001F4
:10C9300000000003000000040000001A00000001D5
:10C9400000000001695F6363755F63616975304072
:10C950003163303030303030000000000000000320
:10C96000000000080000003F1C0000000000100054
:10C97000000000030000003000000677000003C044
:10C98000000000030000001F00000460813000066A
:10C99000C1F03E1F0000048081700006C1F03E1F00
:10C9A000000004A081B00006C1F03E1F000000029C
:10C9B00000000001695F6363755F6E6361697530D4
:10C9C000403163303031303030000000000000036F
:10C9D000000000080000003F1C00100000001000D4
:10C9E000000000030000003000000677000003C0D4
:10C9F000000000030000001F0000046081300006FA
:10CA0000C1F03E1F0000048081700006C1F03E1F8F
:10CA1000000004A081B00006C1F03E1F000000022B
:10CA200000000001695F6363755F6E636169753162
:10CA300040316330303230303000000000000003FD
:10CA4000000000080000003F1C0020000000100053
:10CA5000000000030000003000000677000003C063
:10CA6000000000030000001F000004608130000689
:10CA7000C1F03E1F0000048081700006C1F03E1F1F
:10CA8000000004A081B00006C1F03E1F00000002BB
:10CA900000000001695F6363755F6E6361697532F1
:10CAA000403163303033303030000000000000038C
:10CAB000000000080000003F1C00300000001000D3
:10CAC000000000030000003000000677000003C0F3
:10CAD000000000030000001F000004608130000619
:10CAE000C1F03E1F0000048081700006C1F03E1FAF
:10CAF000000004A081B00006C1F03E1F000000024B
:10CB000000000001695F6363755F6E63616975337F
:10CB1000403163303034303030000000000000031A
:10CB2000000000080000003F1C0040000000100052
:10CB3000000000030000003000000677000003C082
:10CB4000000000030000001F0000046081300006A8
:10CB5000C1F03E1F0000048081700006C1F03E1F3E
:10CB6000000004A081B00006C1F03E1F00000002DA
:10CB700000000001695F6363755F64636530403185
:10CB80006330303530303000000000030000000812
:10CB90000000003F1C0050000000100000000003D7
:10CBA0000000003000000677000003C00000000312
:10CBB0000000001F0000046081300006C1F03E1F2D
:10CBC0000000048081700006C1F03E1F000004A038
:10CBD00081B00006C1F03E1F00000002000000010D
:10CBE000695F6363755F646365314031633030361C
:10CBF0003030300000000003000000080000003F5B
:10CC00001C00600000001000000000030000003065
:10CC100000000677000003C0000000030000001FB2
:10CC20000000046081300006C1F03E1F0000048057
:10CC300081700006C1F03E1F000004A081B0000614
:10CC4000C1F03E1F000000020000000200000001D1
:10CC5000736F63667067612D6363752D6464722DF5
:10CC6000696E7465726C656176696E672D6F6E00B2
:10CC7000000000030000001400000000696E7465ED
:10CC80006C2C736F63667067612D647472656700E6
:10CC900000000003000000040000000B0000000181
:10CCA00000000003000000040000001A0000000162
:10CCB00000000001695F6363755F636169753040FF
:10CCC00031633030303030300000000000000003AD
:10CCD000000000080000003F1C00000000001000E1
:10CCE000000000030000003000000677000003C0D1
:10CCF000000000010000001F000004608120000609
:10CD0000C1F03E1F0000048081600006C1F03E1F9C
:10CD1000000004A081A00006C1F03E1F0000000238
:10CD200000000001695F6363755F6E636169753060
:10CD300040316330303130303000000000000003FB
:10CD4000000000080000003F1C0010000000100060
:10CD5000000000030000003000000677000003C060
:10CD6000000000010000001F000004608120000698
:10CD7000C1F03E1F0000048081600006C1F03E1F2C
:10CD8000000004A081A00006C1F03E1F00000002C8
:10CD900000000001695F6363755F6E6361697531EF
:10CDA000403163303032303030000000000000038A
:10CDB000000000080000003F1C00200000001000E0
:10CDC000000000030000003000000677000003C0F0
:10CDD000000000010000001F000004608120000628
:10CDE000C1F03E1F0000048081600006C1F03E1FBC
:10CDF000000004A081A00006C1F03E1F0000000258
:10CE000000000001695F6363755F6E63616975327D
:10CE10004031633030333030300000000000000318
:10CE2000000000080000003F1C003000000010005F
:10CE3000000000030000003000000677000003C07F
:10CE4000000000010000001F0000046081200006B7
:10CE5000C1F03E1F0000048081600006C1F03E1F4B
:10CE6000000004A081A00006C1F03E1F00000002E7
:10CE700000000001695F6363755F6E63616975330C
:10CE800040316330303430303000000000000003A7
:10CE9000000000080000003F1C00400000001000DF
:10CEA000000000030000003000000677000003C00F
:10CEB000000000010000001F000004608120000647
:10CEC000C1F03E1F0000048081600006C1F03E1FDB
:10CED000000004A081A00006C1F03E1F0000000277
:10CEE00000000001695F6363755F64636530403112
:10CEF000633030353030300000000003000000089F
:10CF00000000003F1C005000000010000000000363
:10CF10000000003000000677000003C000000001A0
:10CF20000000001F0000046081200006C1F03E1FC9
:10CF30000000048081600006C1F03E1F000004A0D4
:10CF400081A00006C1F03E1F0000000200000001A9
:10CF5000695F6363755F64636531403163303036A8
:10CF60003030300000000003000000080000003FE7
:10CF70001C006000000010000000000300000030F2
:10CF800000000677000003C0000000010000001F41
:10CF90000000046081200006C1F03E1F00000480F4
:10CFA00081600006C1F03E1F000004A081A00006C1
:10CFB000C1F03E1F0000000200000002000000015E
:10CFC000736F63667067612D736D6D752D73656327
:10CFD0007572652D636F6E6669670000000000035F
:10CFE0000000001400000000696E74656C2C736F03
:10CFF00063667067612D64747265670000000003EA
:10D00000000000040000000B00000001000000030D
:10D01000000000040000001A0000000100000001F0
:10D02000695F7379735F6D67745F7379736D67722E
:10D030005F63737240313064313230303000000051
:10D0400000000003000000080000003F10D1200095
:10D0500000000500000000030000007800000677D3
:10D060000000017C000000000000003F0000018083
:10D07000000000000000003F0000018400000000EC
:10D080000000003F00000188000000000000003F99
:10D0900000000190000000000000003F000001942B
:10D0A000000000000000003F0000019800000000A8
:10D0B0000000003F0000019C000000000000003F55
:10D0C000000001A0000000000000003F000001A4DB
:10D0D000000000000000003F00000002000000020D
:10D0E00000000001736F63667067612D6E6F632DC2
:10D0F00066772D6D7066652D637372000000000306
:10D100000000001400000000696E74656C2C736FE1
:10D1100063667067612D64747265670000000003C8
:10D12000000000040000000B0000000100000003EC
:10D13000000000040000001A0000000100000001CF
:10D14000695F6E6F635F66775F6D7066655F63735F
:10D15000724031383030306430300000000000035D
:10D16000000000080000003F18000D000000010052
:10D17000000000030000002400000677000000000B
:10D180000000000100010101000000040000000196
:10D190000001010100000008000000010001010180
:10D1A0000000000200000002000000017077726DB4
:10D1B0006772403130643134303030000000000399
:10D1C0000000001200000000616C74722C706D672A
:10D1D000722D6167696C65783500000000000003FE
:10D1E000000000080000003F10D1400000000100D6
:10D1F000000000020000000200000001616C696193
:10D200007365730000000003000000150000068D28
:10D210002F736F632F7379736D6772403130643190
:10D220003230303000000000000000030000001623
:10D23000000006942F736F632F73657269616C3001
:10D2400040313063303230303000000000000003E5
:10D25000000000120000069C2F736F632F7370692B
:10D2600040313038643230303000000000000002BD
:10D27000000000016D656D6F727900000000000311
:10D28000000000070000002C6D656D6F72790000D2
:10D2900000000003000000100000003F000000003C
:10D2A000000000000000000000000000000000037B
:10D2B000000000040000000B00000002000000035A
:10D2C000000000040000001A00000002000000023C
:10D2D0000000000163686F73656E000000000003CA
:10D2E00000000011000006A173657269616C303A9C
:10D2F0003131353230306E3800000000000000035C
:10D3000000000048000006AD2F736F632F6D6D6342
:10D3100030403130383038303030002F736F632F69
:10D320007370694031303864323030302F666C6150
:10D3300073684030002F736F632F6E616E644031ED
:10D3400030623830303030002F6D656D6F7279008B
:10D35000000000020000000200000009636F6D7011
:10D36000617469626C650023616464726573732D16
:10D3700063656C6C73002373697A652D63656C6CEF
:10D3800073006D6F64656C006465766963655F74D6
:10D390007970650072616E6765730072656700235E
:10D3A000636C6F636B2D63656C6C73007068616E8A
:10D3B000646C650072657365747300737461747571
:10D3C00073006770696F2D636F6E74726F6C6C653C
:10D3D0007200236770696F2D63656C6C7300736EE8
:10D3E00070732C6E722D6770696F7300696E74654F
:10D3F00072727570742D636F6E74726F6C6C65727F
:10D400000023696E746572727570742D63656C6C3F
:10D41000730062616E6B2D6E616D65006D61785F8A
:10D420006465766963657300636C6F636B73007228
:10D430006567756C61746F722D6E616D65007265E4
:10D4400067756C61746F722D6D696E2D6D69637295
:10D450006F766F6C7400726567756C61746F722D96
:10D460006D61782D6D6963726F766F6C7400726593
:10D4700067756C61746F722D616C776179732D6F54
:10D480006E0073746174657300636C6F636B2D6EF3
:10D49000616D657300696F6D6D75730073642D75D3
:10D4A00068732D7364723130340073646863692D5E
:10D4B000636170732D6D61736B0072657365742D9C
:10D4C0006E616D6573006E6F2D6D6D6300646973C1
:10D4D00061626C652D7770006361702D73642D68D7
:10D4E000696768737065656400766D6D632D73752B
:10D4F00070706C790076716D6D632D737570706CE2
:10D5000079006D61782D6672657175656E6379005D
:10D5100073646863692D636170730063646E732C58
:10D520007068792D6471732D74696D696E672D64EF
:10D53000656C61792D73642D64730063646E732C64
:10D540007068792D676174652D6C70626B2D6374E2
:10D55000726C2D64656C61792D73642D6473006346
:10D56000646E732C7068792D646C6C2D736C6176AD
:10D57000652D6374726C2D73642D64730063646E27
:10D58000732C7068792D64712D74696D696E672DC7
:10D5900064656C61792D73642D64730063646E73CC
:10D5A0002C7068792D6471732D74696D696E672DA7
:10D5B00064656C61792D73642D68730063646E73A8
:10D5C0002C7068792D676174652D6C70626B2D63AA
:10D5D00074726C2D64656C61792D73642D687300B1
:10D5E00063646E732C7068792D64712D74696D6934
:10D5F0006E672D64656C61792D73642D68730063AB
:10D60000646E732C6374726C2D68727331362D7373
:10D610006C6176652D6374726C2D73642D68730074
:10D6200063646E732C6374726C2D68727330372D63
:10D6300074696D696E672D64656C61792D73642DF5
:10D6400068730063646E732C7068792D6471732D38
:10D6500074696D696E672D64656C61792D656D6D9A
:10D66000632D7364720063646E732C7068792D6728
:10D670006174652D6C70626B2D6374726C2D6465C2
:10D680006C61792D656D6D632D7364720063646EDA
:10D69000732C7068792D646C6C2D736C6176652DBC
:10D6A0006374726C2D656D6D632D736472006364B9
:10D6B0006E732C7068792D64712D74696D696E6755
:10D6C0002D64656C61792D656D6D632D73647200D9
:10D6D00063646E732C6374726C2D68727330392DB1
:10D6E00074696D696E672D64656C61792D656D6D0A
:10D6F000632D7364720063646E732C6374726C2D9B
:10D7000068727331302D6C70626B2D6374726C2D86
:10D7100064656C61792D656D6D632D736472006352
:10D72000646E732C6374726C2D68727331362D7352
:10D730006C6176652D6374726C2D656D6D632D73F0
:10D7400064720063646E732C6374726C2D68727300
:10D7500030372D74696D696E672D64656C61792D44
:10D76000656D6D632D7364720063646E732C7068F5
:10D77000792D64712D74696D696E672D64656C61B6
:10D78000792D656D6D632D68733230300063646E82
:10D79000732C7068792D6471732D74696D696E676F
:10D7A0002D64656C61792D656D6D632D6873323004
:10D7B000300063646E732C7068792D646C6C2D730B
:10D7C0006C6176652D6374726C2D656D6D632D686B
:10D7D000733230300063646E732C7068792D67612A
:10D7E00074652D6C70626B2D6374726C2D64656C46
:10D7F00061792D656D6D632D68733230300063641F
:10D800006E732C6374726C2D68727330392D746969
:10D810006D696E672D64656C61792D656D6D632D25
:10D8200068733230300063646E732C6374726C2DD5
:10D8300068727331302D6C70626B2D6374726C2D55
:10D8400064656C61792D656D6D632D687332303060
:10D850000063646E732C6374726C2D68727331365E
:10D860002D736C6176652D6374726C2D656D6D63BF
:10D870002D68733230300063646E732C6374726C85
:10D880002D68727330372D74696D696E672D64650C
:10D890006C61792D656D6D632D6873323030007267
:10D8A00065672D6E616D65730063646E732C626FC6
:10D8B0006172642D64656C61792D707300237265EB
:10D8C0007365742D63656C6C7300616C74722C6D80
:10D8D0006F647273742D6F6666736574007265672A
:10D8E0002D7368696674007265672D696F2D77699D
:10D8F00064746800636C6F636B2D66726571756527
:10D900006E63790063646E732C6669666F2D64655F
:10D910007074680063646E732C6669666F2D776936
:10D920006474680063646E732C74726967676572EF
:10D930002D61646472657373007370692D6D617815
:10D940002D6672657175656E6379006D3235702C68
:10D95000666173742D726561640063646E732C700C
:10D960006167652D73697A650063646E732C626C00
:10D970006F636B2D73697A650063646E732C7473C7
:10D9800068736C2D6E730063646E732C74736432F1
:10D99000642D6E730063646E732C74636873682DFA
:10D9A0006E730063646E732C74736C63682D6E7396
:10D9B000007370692D74782D6275732D77696474A6
:10D9C00068007370692D72782D6275732D776964A4
:10D9D000746800696E74656C2C6F66667365742D6F
:10D9E00073657474696E6773007379736D67720021
:10D9F00073657269616C30007370693000737464B0
:10DA00006F75742D7061746800752D626F6F742C62
:0FDA100073706C2D626F6F742D6F72646572008E
:00000001FF
